0 0
1.83 -0.22
3.86 -0.04
6.06 0.18
7.79 0.04
9.58 0.27
11.43 -0.29
13.71 -0.09
15.5 0.11
17.2 0.05
19 0.22
21.22 0.15
23.1 -0.18
24.92 0.28
27.12 -0.04
28.94 0.29
30.59 0.25
32.97 -0.02
34.6 0.1
36.63 -0.08
38.8 -0.04
40.7 -0.06
42.36 -0.01
44.39 -0.27
46.03 0.06
48.24 0.22
50.2 -0.28
51.86 -0.09
53.91 0.12
56.06 0
57.75 -0.04
60.07 0.25
61.57 0.08
63.93 -0.07
65.48 0.04
67.63 0.01
69.7 0.15
71.64 -0.27
73.23 0.13
75.2 0.14
77.01 0.13
79.22 -0.17
81.04 0.25
83.02 0.02
85.13 0.12
86.59 0.16
88.48 -0.04
90.77 -0.1
92.69 -0.18
94.63 0.1
96.41 0.22
98.23 0.25
100.12 0
102 0.25
103.9 0.06
106.06 -0.08
107.82 0.16
109.78 -0.24
112.08 0.25
113.77 -0.25
115.9 -0.05
117.79 0.03
119.37 0.05
121.53 -0.14
123.35 -0.28
125.26 0.06
127.54 0.24
129.19 -0.06
131.43 -0.03
133.14 -0.17
135.17 0.26
137.16 0.22
138.84 -0.26
140.78 0.2
142.76 0.12
144.44 0.11
146.75 -0.22
148.82 0.11
150.24 -0.11
152.42 -0.28
154.34 -0.15
156.13 0.2
158.46 -0.11
159.92 0
161.96 0.03
163.75 0.16
165.66 -0.05
168.02 0.07
169.99 -0.18
171.49 -0.13
173.67 -0.2
175.53 0.27
177.26 -0.11
179.31 -0.28
181.15 -0.05
183.15 0.16
185.27 -0.25
186.92 -0.3
189.24 -0.07
191.11 0.24
192.83 -0.26
194.61 -0.02
196.71 0.25
198.92 -0.25
200.69 -0.12
202.57 0.23
204.66 -0.11
206.48 0.23
208.09 0.25
210.51 0.19
211.94 -0.05
214.3 -0.23
216.34 -0.19
218.23 -0.27
220.17 -0.02
221.83 -0.06
223.52 0.26
225.9 0.27
227.74 -0.27
229.32 -0.26
231.55 -0.04
233.5 0.02
235.28 -0.16
237.49 -0.24
238.97 -0.19
241.33 -0.02
243.2 0.04
244.79 -0.05
247.18 0
249.06 0.06
250.56 -0.27
252.84 -0.2
254.8 0.25
256.73 0.1
258.81 -0.14
260.16 0.18
262.1 0.21
264.09 -0.08
266.11 0.04
268.38 -0.11
270.1 0.04
271.91 -0.3
273.75 0.21
275.91 -0.17
277.68 0.04
279.96 -0.28
281.77 0.17
283.43 -0.29
285.42 -0.01
287.25 -0.18
289.37 -0.13
291.47 0.15
293.43 0
295.01 -0.17
296.92 -0.13
299.24 0.01
300.85 -0.27
303.19 -0.17
305.06 0.18
306.46 -0.06
308.9 -0.22
310.57 -0.05
312.32 -0.25
314.26 0.28
316.67 0.27
318.04 0.2
320.48 0.21
321.89 -0.17
324.39 -0.15
325.96 0.23
327.88 0.2
330.06 0.27
331.84 -0.12
333.75 -0.18
335.68 -0.16
337.41 0.2
339.39 0.09
341.19 0.03
343.39 -0.02
345.21 0.27
347.11 0.22
349.08 -0.08
351.01 -0.05
353.04 -0.28
355.18 0.21
357.01 0.2
358.96 -0.06
360.9 0.28
362.52 -0.13
364.34 -0.23
366.34 0.2
368.31 -0.17
370.62 -0.12
372.49 -0.22
374.05 -0.07
376.13 -0.03
378.06 0.2
380.02 -0.04
381.88 0.04
383.72 -0.3
385.88 0.12
387.59 0.29
389.62 0.16
391.53 -0.05
393.75 -0.26
395.75 0.26
397.67 0.29
399.31 0.04
401.36 -0.11
403.46 0.21
405.4 -0.04
406.91 0
408.78 -0.26
411.17 0.1
412.59 0.01
414.8 0.26
416.73 -0.04
418.87 0.15
420.81 -0.02
422.45 0.26
424.43 -0.16
426.54 0.13
428.5 0.24
430.45 0.23
431.96 -0.25
434.32 -0.24
436.21 0.26
437.68 -0.05
439.68 -0.09
441.9 0.19
443.74 0.03
445.39 -0.14
447.84 0.2
449.49 0.3
451.25 -0.16
453.47 0.09
455.32 -0.27
457.51 0.1
459.17 -0.13
461.18 -0.01
463.32 -0.2
465.22 0.06
466.76 0.25
468.55 -0.02
470.66 0.16
472.92 0.02
474.63 0.14
476.74 0.12
478.46 -0.26
480.67 0.17
482.06 -0.01
484.37 0.23
486 -0.29
488.33 -0.17
489.79 -0.09
492 -0.09
493.93 -0.02
495.98 -0.14
497.63 0.05
499.62 0.19
501.65 0.16
503.46 -0.17
505.47 0.19
507.67 0.25
509.59 0.28
511.1 -0.04
513.33 -0.06
514.91 -0.18
516.79 0.21
518.85 0.27
520.8 0.04
522.74 0.22
524.81 0.14
526.65 -0.02
528.38 -0.22
530.44 -0.07
532.33 0.28
534.67 -0.02
536.49 0.29
538.26 -0.06
540.44 0.16
541.88 0.11
543.82 0.24
545.83 -0.22
547.72 -0.01
550.01 -0.04
551.88 -0.27
553.89 0.06
555.84 0.05
557.32 -0.08
559.39 -0.17
561.51 0.27
563.42 -0.11
565.19 -0.07
567.4 0.14
569.31 0
571.13 -0.02
573.2 -0.07
574.95 -0.15
577.1 -0.25
579.04 -0.22
580.75 0.18
582.86 -0.3
584.38 0.16
586.32 -0.19
588.5 0.19
590.36 0.13
592 0.26
593.96 -0.04
596.03 -0.2
598.24 0.01
599.92 -0.26
601.89 0.25
603.98 0.25
606.05 0.16
607.79 0.25
609.72 -0.26
611.81 0.18
613.44 0.19
615.48 -0.17
617.25 -0.09
619.2 0.12
621.44 -0.01
623 -0.06
624.98 0.05
626.98 0.18
629.2 -0.19
630.58 0.04
632.63 -0.15
634.83 0.04
636.44 0.3
638.55 -0.22
640.8 -0.13
642.37 -0.1
644.51 -0.25
646.05 0.01
648.31 -0.15
650.07 -0.01
652.28 0.27
654.3 0.11
655.87 -0.18
658.09 -0.09
660.1 0.21
661.51 0.02
663.49 0.03
665.7 -0.22
667.53 0.2
669.56 -0.2
671.5 0.26
673.45 -0.18
675.54 0.26
677.27 0.13
679.23 0.27
681.01 0.24
683.14 0.3
685.13 0.12
686.81 -0.14
688.49 -0.18
690.88 -0.16
692.88 0.07
694.68 -0.17
696.23 0.2
698.52 0.17
700.61 -0.11
702.23 -0.07
703.94 -0.3
706.33 0.26
708.06 0.01
709.81 -0.1
711.71 0.26
713.58 0.2
715.71 0.09
717.49 -0.27
719.62 -0.13
721.74 0.17
723.65 -0.18
725.55 -0.12
727.31 0.09
729.25 0
731.44 -0.2
733.24 0.21
735.14 -0.02
736.68 -0.16
738.71 -0.3
740.78 -0.06
742.69 -0.03
744.89 0.04
746.54 -0.26
748.79 -0.01
750.31 -0.19
752.37 -0.03
754.59 -0.05
756.25 -0.19
758.46 0.26
760.04 -0.23
762.1 0.04
763.95 0.26
765.72 -0.16
768.05 -0.26
769.94 -0.15
771.64 -0.26
773.48 -0.11
775.82 -0.27
777.69 0.04
779.24 -0.17
781.28 0.03
783.25 0.23
785.28 0.05
787.08 -0.12
788.98 0.28
790.96 0.17
792.98 -0.26
794.6 -0.09
796.77 0.21
798.78 -0.11
800.41 -0.22
802.54 0.03
804.37 0.22
806.4 -0.09
808.15 0.28
810.15 0.21
812.4 0.18
814.11 -0.2
815.87 -0.1
817.92 -0.14
819.98 0.13
821.94 0.12
823.95 0.25
825.57 0.11
827.89 -0.26
829.72 0.08
831.61 -0.02
833.17 0.25
835.36 -0.17
837.44 -0.3
838.94 -0.28
841.05 0.11
842.9 0.23
845.31 -0.09
846.83 0.18
848.6 0.29
850.97 0.24
852.93 -0.29
854.58 -0.2
856.61 0.07
858.49 -0.25
860.63 0.13
862.61 0.02
864.28 -0.14
866.03 0.03
868.05 -0.12
869.98 -0.2
871.76 0.12
873.78 0.2
875.84 0.11
877.65 -0.07
879.45 -0.26
881.89 -0.25
883.4 -0.07
885.3 0.2
887.3 0.25
889.42 0.18
891.23 0.04
893.42 0.03
895.05 0.04
896.9 -0.25
898.84 0.23
900.7 -0.2
902.84 -0.21
904.94 -0.25
906.59 0.1
908.88 0.16
910.59 -0.08
912.45 0.24
914.55 0.11
916.64 0.03
918.41 -0.28
920.41 0.09
922.4 -0.01
923.85 -0.17
925.94 0.14
927.76 0.12
929.8 0.24
931.74 0.26
933.66 -0.08
935.44 -0.15
937.47 0.3
939.7 0.18
941.27 0.28
943.47 -0.17
945.24 -0.28
946.99 -0.01
949.31 0.08
951.34 0.17
952.84 0.06
954.94 0.17
957 0.09
958.79 0.01
960.98 -0.29
962.68 0
964.43 0.09
966.54 -0.17
968.51 -0.26
970.42 -0.21
972.42 -0.17
974.5 -0.27
976 -0.07
978.13 0.25
980.01 0.23
982.25 -0.03
983.7 0.07
985.92 0.15
987.72 0.03
989.68 -0.02
991.49 -0.04
993.51 0.22
995.28 -0.07
997.16 -0.29
999.59 0.25
1001.15 -0.2
1003.03 -0.16
1005.27 0.27
1007.24 0.19
1008.75 -0.01
1010.92 -0.09
1012.91 0.1
1014.75 0.2
1016.72 0.07
1018.93 0.11
1020.81 -0.08
1022.7 0.22
1024.45 0.28
1026.32 0
1028.36 -0.22
1030.45 -0.21
1032.19 -0.05
1033.98 -0.2
1035.75 -0.28
1038.18 -0.2
1039.96 0.06
1041.73 -0.24
1043.71 -0.25
1045.5 -0.27
1047.32 -0.14
1049.76 -0.04
1051.3 -0.17
1053.1 0.2
1055.18 0.16
1057.15 0.06
1059.34 -0.14
1061.09 0.29
1063.1 0.1
1064.88 -0.22
1066.69 0.07
1068.7 -0.27
1070.75 -0.01
1072.57 -0.28
1074.73 0.21
1076.38 0.04
1078.45 0.12
1080.1 -0.18
1082.09 0.02
1084.21 0.27
1086.11 0.28
1088.3 -0.2
1089.91 -0.04
1091.79 -0.11
1093.6 -0.09
1095.87 -0.25
1097.71 0.14
1099.46 0.1
1101.4 -0.1
1103.64 0.09
1105.27 -0.11
1107.52 -0.13
1109.19 -0.19
1111.21 -0.15
1112.91 -0.22
1115.4 0.15
1117.17 -0.08
1118.74 -0.04
1121.1 0.21
1122.85 0.2
1124.48 -0.06
1126.65 0.24
1128.63 -0.3
1130.25 0.17
1132.19 -0.13
1134.35 0.1
1136.34 0.16
1138.15 -0.21
1140.13 -0.17
1142.09 -0.28
1143.91 -0.2
1145.92 0.02
1148.11 0.19
1149.57 -0.18
1151.8 -0.25
1153.87 0.3
1155.74 0.12
1157.81 0.15
1159.27 0.03
1161.31 0.17
1163.44 0.07
1165.53 0.04
1166.91 -0.06
1169.03 -0.01
1170.8 -0.1
1173.07 -0.03
1175 0.07
1177.04 0.25
1178.9 -0.05
1180.42 -0.09
1182.38 -0.15
1184.62 -0.26
1186.3 -0.02
1188.57 0.2
1190.4 -0.19
1192.22 -0.11
1194.14 -0.19
1195.95 0.29
1198 0.16
1200.09 0.23
1202.02 0.28
1204.15 0.03
1205.65 -0.29
1207.69 -0.05
1209.62 0.07
1211.76 0.17
1213.24 0.3
1215.63 0.25
1217.48 -0.01
1219.1 0.18
1221.44 0.23
1223.36 0.15
1225.06 -0.1
1226.73 0
1228.68 -0.24
1230.8 0.11
1232.61 -0.21
1234.93 0.28
1236.5 0.27
1238.77 -0.03
1240.6 -0.19
1242.34 -0.04
1244.66 -0.25
1246.44 -0.26
1248.47 0.17
1249.88 0.11
1252.15 -0.15
1253.99 0
1255.72 0.28
1257.71 0.24
1259.97 -0.07
1261.94 -0.14
1263.6 -0.18
1265.73 0.27
1267.8 0.21
1269.2 0.03
1271.3 0.29
1273.22 -0.25
1275.09 0
1277.17 0.2
1278.97 -0.3
1280.9 0.13
1283.16 0.14
1284.8 -0.11
1286.73 0.18
1288.62 0.02
1290.82 -0.17
1292.5 -0.22
1294.37 -0.21
1296.64 -0.11
1298.68 0.16
1300.61 0.1
1302.41 0.07
1304.33 0.07
1305.86 -0.19
1307.83 -0.01
1310.11 -0.24
1312.11 -0.01
1313.59 -0.21
1315.64 0.01
1317.58 0.16
1319.82 0.09
1321.31 0.11
1323.2 -0.15
1325.23 0.3
1327.58 0.29
1329.3 -0.06
1330.92 -0.19
1333.23 0.05
1335.03 0.1
1337.04 0.28
1338.82 0.28
1340.73 -0.16
1342.88 0.22
1344.53 -0.24
1346.52 0.11
1348.77 -0.24
1350.58 0.25
1352.63 -0.06
1354.37 0.16
1356.5 -0.27
1358.18 0.14
1360.41 -0.02
1361.86 -0.12
1364.24 -0.11
1365.78 0.29
1367.7 -0.03
1369.66 0.17
1371.7 0.28
1373.35 -0.06
1375.67 0.22
1377.69 -0.21
1379.65 0.21
1381.05 -0.17
1383.47 -0.14
1385.17 -0.29
1387.31 -0.12
1389.26 0.23
1390.84 0.22
1392.68 0.04
1394.73 0.1
1396.71 -0.2
1398.84 0.25
1400.8 -0.27
1402.52 0.02
1404.24 -0.28
1406.17 -0.15
1408.29 0.09
1410.14 -0.24
1412.42 -0.25
1414.41 0.2
1415.92 -0.29
1418.04 -0.06
1419.7 0.2
1422.06 -0.17
1423.86 0.08
1425.78 0.04
1427.85 0.28
1429.85 0.23
1431.41 -0.29
1433.68 0.27
1435.63 -0.24
1437.08 -0.26
1439.11 -0.19
1441.11 0.25
1443.03 -0.27
1445.22 0.02
1446.81 0.29
1449.12 0.07
1451.06 0.2
1452.45 -0.06
1454.6 -0.04
1456.76 0.28
1458.58 0.2
1460.23 -0.27
1462.43 -0.13
1464.33 0.06
1466.5 0.2
1467.96 -0.27
1469.81 0
1471.86 -0.17
1474.02 -0.17
1475.64 -0.19
1477.54 -0.24
1479.96 -0.26
1481.47 -0.15
1483.73 -0.04
1485.74 0.29
1487.75 -0.17
1489.27 -0.2
1491.25 0.29
1493.09 0.23
1494.94 -0.03
1497.4 -0.01
1498.84 0.27
1501.14 -0.14
1503 0.13
1504.96 -0.03
1506.99 -0.15
1508.48 -0.08
1510.8 -0.21
1512.55 0.28
1514.18 -0.29
1516.2 0.09
1518.08 0.05
1520.11 -0.16
1521.97 -0.03
1524.23 -0.3
1525.95 0.21
1527.93 -0.21
1530.13 0.15
1531.76 0.02
1533.98 0.11
1535.64 -0.09
1537.43 -0.13
1539.56 -0.12
1541.69 0.22
1543.33 -0.28
1545.14 0
1547.18 -0.24
1549.11 0.18
1551.08 0
1552.94 0.09
1555.01 -0.13
1556.71 -0.11
1558.76 0.27
1560.88 0.08
1562.77 -0.13
1564.86 -0.1
1566.37 -0.16
1568.36 0.23
1570.17 -0.24
1572.15 0.14
1573.99 -0.1
1576.49 0.21
1578.07 0.17
1580.04 -0.03
1581.98 0.14
1583.7 0.28
1585.57 -0.29
1587.56 0.18
1589.59 -0.1
1591.42 0.11
1593.85 0.05
1595.37 0.28
1597.71 0.08
1599.65 0.01
1601.55 -0.04
1603.19 -0.19
1605.29 -0.28
1606.99 0.25
1609.26 0.03
1611.02 -0.19
1612.65 -0.26
1615.04 0.25
1616.67 -0.09
1618.48 0.28
1620.7 -0.15
1622.76 0.21
1624.21 0.13
1626.46 0.25
1628.44 0.21
1630.34 -0.16
1632.24 0.01
1634.35 -0.14
1636.07 0.23
1637.82 -0.29
1639.88 0.27
1642.08 -0.21
1643.85 0.25
1645.47 0.22
1647.86 -0.1
1649.79 -0.08
1651.46 0.27
1653.29 0.28
1655.31 0.15
1657.14 0.04
1659.16 -0.27
1661.35 0.11
1663.11 0.09
1665.01 0.17
1666.65 -0.06
1669.1 0.26
1670.46 0.11
1672.82 0.17
1674.42 -0.04
1676.48 0.15
1678.26 0.22
1680.41 0.01
1682.56 0.02
1684.25 0.16
1686.2 0.14
1688.35 -0.01
1690.1 0.09
1691.67 0.02
1694.03 -0.22
1695.53 0.3
1697.83 -0.19
1699.48 -0.09
1701.8 -0.18
1703.39 0.2
1705.33 -0.12
1707.41 0.23
1709.18 -0.12
1711.29 -0.09
1712.91 -0.01
1714.83 -0.2
1717.2 -0.27
1719.23 0.04
1721.11 -0.18
1722.6 0.27
1724.61 -0.16
1726.73 -0.21
1728.56 0.05
1730.39 -0.29
1732.38 0.09
1734.58 0.13
1736.38 0.11
1737.99 -0.23
1740.02 0.29
1741.84 0.21
1744.17 0.15
1746.08 0.23
1747.79 0.3
1749.69 0.14
1751.99 -0.2
1753.9 0.11
1755.86 -0.28
1757.79 -0.02
1759.7 0.19
1761.2 0.29
1763.26 0.07
1765.38 -0.05
1766.94 0.02
1768.94 -0.04
1770.9 0.08
1772.82 0.29
1774.89 0.03
1777.02 -0.02
1778.49 -0.02
1780.68 -0.3
1782.86 0.08
1784.31 0.25
1786.75 0.23
1788.31 -0.07
1790.41 -0.05
1792.06 -0.17
1793.97 -0.24
1795.91 0.07
1797.94 0.2
1800.05 -0.01
1802.06 -0.23
1803.96 0.17
1805.8 -0.14
1807.96 -0.04
1809.66 -0.08
1811.57 -0.05
1813.74 0.06
1815.19 -0.22
1817.58 -0.07
1819.55 -0.27
1821.16 0.14
1823.13 -0.08
1825.18 -0.15
1826.75 -0.21
1828.85 -0.08
1830.74 0.06
1832.79 0.15
1834.55 0.25
1836.69 -0.11
1838.32 0.07
1840.33 -0.3
1842.49 -0.04
1844.47 0.03
1846.43 0.3
1848.23 -0.03
1850.18 -0.06
1852.18 0.01
1853.83 -0.17
1855.89 0.24
1857.65 -0.14
1859.56 0.03
1861.84 0.22
1863.56 -0.17
1865.68 0.04
1867.48 -0.24
1869.39 -0.3
1871.66 -0.26
1873.58 0.22
1875.45 -0.06
1876.96 -0.3
1878.91 -0.26
1880.9 -0.08
1882.9 -0.17
1884.84 -0.15
1886.99 0.19
1888.52 -0.08
1890.81 0.04
1892.66 -0.01
1894.25 0.06
1896.22 0.11
1898.34 -0.26
1900.41 -0.3
1902.39 -0.01
1903.9 -0.03
1906.07 0.23
1908.1 -0.16
1910.01 0.05
1912.02 -0.16
1913.95 -0.08
1915.74 -0.3
1917.61 -0.27
1919.4 -0.15
1921.57 0.03
1923.39 -0.09
1925.41 0.15
1927.09 0.06
1929.07 0.17
1931.24 -0.03
1932.99 0
1934.86 0.13
1936.81 0.05
1938.85 -0.09
1940.84 0.06
1942.76 0.26
1944.54 -0.2
1946.55 0.28
1948.28 0.26
1950.67 -0.11
1952.62 0.04
1954.26 -0.18
1956.13 -0.04
1958.47 -0.14
1960.23 0.15
1962.23 0.09
1963.86 0.17
1965.65 -0.18
1967.75 -0.23
1969.56 -0.04
1971.56 -0.05
1973.72 0.22
1975.39 -0.25
1977.68 -0.2
1979.19 0.11
1981.57 0.17
1983.49 0.23
1985.36 -0.29
1987.07 0.25
1988.86 0.1
1990.85 0.24
1992.93 -0.29
1994.92 -0.23
1996.82 -0.02
1998.94 0.08
2000.46 -0.06
2002.82 -0.17
2004.6 -0.23
2006.31 -0.11
2008.17 -0.13
2010.47 0.15
2012.34 -0.18
2013.94 -0.16
2016.01 -0.15
2018.07 0.24
2019.84 -0.02
2021.66 0.24
2024.01 -0.14
2025.65 -0.17
2027.47 0.21
2029.84 0.04
2031.79 -0.2
2033.65 -0.01
2035.55 -0.11
2037.39 0.02
2039.28 -0.19
2041.31 -0.05
2042.94 0.24
2045.29 0.13
2046.76 -0.02
2048.95 0.12
2050.94 -0.26
2052.62 0.16
2054.47 0.14
2056.34 0.08
2058.37 -0.19
2060.16 -0.07
2062.12 0.11
2064.4 0.07
2066.04 0.15
2068.06 -0.09
2070.33 0.24
2071.98 -0.18
2073.76 -0.08
2075.8 -0.11
2077.95 -0.15
2079.7 0.13
2081.42 -0.2
2083.65 0.19
2085.78 0.24
2087.63 0.17
2089.16 -0.1
2091.58 -0.04
2093.06 -0.05
2095.12 0.2
2097.08 0.21
2099.19 0.08
2101.11 0.26
2102.68 0.04
2104.61 0.05
2106.7 -0.3
2108.82 0.16
2110.74 -0.13
2112.4 0.28
2114.44 -0.08
2116.68 0.17
2118.26 -0.17
2120.32 -0.29
2122.19 0.14
2123.94 -0.19
2125.9 -0.18
2128.06 -0.06
2130.2 -0.13
2131.66 -0.06
2133.64 -0.23
2135.83 0.15
2137.67 0.08
2139.72 0
2141.5 -0.24
2143.31 0.29
2145.08 -0.26
2147.53 0.28
2149.08 -0.14
2151.02 0.01
2153.2 0.15
2154.69 -0.17
2156.7 -0.04
2159.04 -0.08
2160.81 0.18
2162.41 -0.07
2164.82 -0.06
2166.43 -0.27
2168.63 -0.26
2170.64 -0.22
2172.42 -0.23
2174.28 -0.18
2176.44 -0.25
2178.26 0.17
2180.34 -0.2
2182.09 -0.22
2183.75 0.15
2185.89 -0.06
2187.96 -0.13
2189.97 -0.29
2191.44 0.2
2193.28 0.3
2195.58 -0.11
2197.59 0.05
2199.18 0.28
2201.46 0.04
2202.93 -0.1
2205.32 -0.02
2207.09 -0.02
2208.96 -0.08
2211.22 -0.22
2213.08 0.13
2215.05 -0.04
2216.89 0.24
2218.77 0.01
2220.41 -0.03
2222.25 -0.14
2224.65 0.29
2226.31 -0.21
2228.34 -0.1
2230.44 0.04
2232.02 -0.05
2233.98 -0.18
2235.96 0.29
2237.65 -0.29
2239.81 -0.1
2241.98 -0.23
2243.48 0.16
2245.74 -0.09
2247.53 0
2249.54 -0.06
2251.16 0.03
2253.18 0.07
2255.58 0.15
2257.3 0.1
2259.07 -0.26
2261.12 0.21
2262.89 0.18
2264.9 -0.03
2266.83 -0.27
2268.83 -0.2
2270.64 -0.21
2272.4 0.09
2274.72 0.01
2276.38 0.15
2278.75 -0.15
2280.68 0.3
2282.61 0.29
2284.07 0.05
2285.93 0.26
2288.39 -0.1
2290 -0.01
2291.82 -0.05
2293.85 -0.27
2295.63 -0.09
2297.68 0.19
2299.42 0.07
2301.77 -0.19
2303.48 0.29
2305.4 0.02
2307.12 -0.3
2309.39 0.09
2311.25 0.21
2313.47 -0.08
2314.97 -0.23
2316.97 -0.26
2319.03 0.28
2320.8 -0.29
2323 0.04
2324.68 -0.25
2326.9 -0.02
2328.87 -0.14
2330.47 -0.05
2332.61 0.02
2334.2 0.09
2336.49 -0.05
2338.39 -0.17
2340.48 0.28
2341.94 -0.29
2343.85 -0.14
2346.16 -0.25
2348.08 0.27
2349.72 -0.25
2351.85 0.17
2353.73 -0.17
2355.87 0.29
2357.34 -0.09
2359.43 0.14
2361.51 -0.06
2363.29 -0.05
2365.02 0.21
2367.06 -0.17
2369.22 0.2
2371.17 0.12
2373.09 0.01
2374.78 0.09
2376.82 -0.08
2378.78 0.28
2380.65 0.03
2382.6 0.24
2384.66 -0.12
2386.67 0.24
2388.56 0.13
2390.14 0.29
2392.05 0.11
2394.5 -0.11
2396.31 0.18
2398.26 -0.21
2399.78 -0.12
2401.73 -0.28
2403.77 0.16
2406.04 0.25
2407.63 0.13
2409.73 -0.25
2411.73 0.17
2413.74 0.19
2415.15 -0.05
2417.12 -0.25
2419.33 -0.08
2421.02 -0.23
2423.17 0.22
2424.9 0.01
2426.78 -0.16
2429.19 0.09
2430.83 0.02
2433.08 -0.15
2434.46 0.15
2436.91 -0.07
2438.39 0.16
2440.42 -0.05
2442.56 0.25
2444.32 -0.07
2446.17 0.19
2448.13 0.22
2449.99 0.14
2452.33 0.19
2453.8 -0.11
2455.85 -0.28
2457.97 -0.02
2459.59 -0.18
2461.52 0.24
2463.95 0.03
2465.68 -0.1
2467.34 -0.06
2469.48 -0.09
2471.54 -0.25
2473.24 -0.17
2475.32 0.23
2477.37 -0.2
2479.23 -0.21
2481.03 -0.06
2483.01 0.09
2484.98 0
2487.07 -0.27
2488.89 -0.06
2490.86 0
2492.68 0.02
2494.24 0.13
2496.57 0.15
2498.63 0.18
2500.23 -0.28
2502.08 -0.04
2504.23 -0.19
2506.23 -0.26
2508.05 0.08
2510.13 0.08
2511.99 -0.12
2513.54 -0.05
2515.93 0.27
2517.83 -0.13
2519.54 0.09
2521.66 -0.1
2523.36 0.28
2525.65 -0.11
2527.58 -0.26
2529.07 -0.17
2531.46 0.02
2533.18 -0.28
2535.32 -0.04
2536.81 -0.07
2538.98 0.16
2540.68 -0.15
2542.71 -0.08
2544.86 0.11
2546.71 -0.22
2548.59 -0.12
2550.33 -0.06
2552.2 -0.19
2554.6 -0.06
2556.18 -0.25
2558.05 0.14
2559.98 0.21
2562.25 0.01
2563.7 -0.01
2566.09 0.27
2567.93 -0.18
2569.86 0.05
2571.77 -0.24
2573.43 0.24
2575.54 -0.12
2577.39 -0.01
2579.25 -0.28
2581.09 0.03
2583.53 0.08
2585.33 0.1
2587.19 -0.02
2588.91 0.02
2590.87 0.01
2593.11 -0.16
2595.01 -0.22
2596.65 -0.24
2598.45 -0.28
2600.48 0.18
2602.75 -0.01
2604.23 0.25
2606.23 0.22
2608.17 -0.28
2610 -0.28
2612.48 0.11
2613.89 -0.19
2616.36 0.12
2617.99 -0.21
2619.96 0.12
2622.12 -0.25
2623.57 -0.05
2625.68 0.1
2627.53 0.1
2629.63 -0.24
2631.77 0.28
2633.18 -0.16
2635.65 0.19
2637.26 0.28
2639.35 0
2641.12 -0.05
2642.8 -0.11
2644.98 -0.13
2646.71 0.05
2648.66 0.06
2651.1 -0.1
2653.03 -0.2
2654.71 0.13
2656.86 -0.04
2658.24 0.26
2660.49 0.21
2662.43 -0.07
2664.31 -0.23
2666.49 -0.15
2668.46 0.08
2670.31 0.08
2672.21 0.19
2673.83 -0.02
2675.79 0.03
2677.79 -0.07
2679.53 0.07
2681.8 0.16
2683.59 -0.14
2685.47 -0.18
2687.76 0.21
2689.27 0.23
2691.16 -0.23
2693.45 -0.2
2695.17 0.3
2696.9 0.05
2698.91 0.2
2700.84 0.16
2703.05 0.07
2705.1 0.03
2706.78 -0.1
2708.48 0.19
2710.66 -0.03
2712.69 0.19
2714.56 0.05
2716.36 -0.22
2718.28 -0.17
2720.25 -0.27
2722.39 -0.15
2724.37 0.08
2725.81 0.19
2728.26 0.06
2729.94 0.06
2731.88 -0.02
2733.96 -0.17
2735.99 0.28
2737.49 0.04
2739.56 -0.13
2741.22 0.22
2743.44 -0.01
2745.21 0.24
2747.27 0.3
2749.34 0.13
2751 -0.02
2752.92 -0.17
2754.76 0.26
2756.81 -0.07
2758.71 0.27
2761.05 0.02
2762.98 -0.12
2764.6 -0.13
2766.7 -0.23
2768.58 -0.28
2770.18 0.19
2772.45 0.11
2774.37 0.27
2776.4 0.07
2778.3 -0.26
2780.34 0.28
2782.03 0.11
2784.05 -0.28
2785.77 -0.1
2787.72 0.29
2789.96 0.13
2791.79 -0.1
2793.27 -0.14
2795.21 0.13
2797.48 0
2799.28 0.2
2801.16 0.12
2802.94 0.18
2805.3 -0.12
2807.13 0.24
2809.21 -0.14
2810.74 -0.05
2813.05 -0.13
2814.8 0.03
2816.98 0.16
2818.88 0.06
2820.5 -0.17
2822.43 0.17
2824.19 0.24
2826.49 -0.15
2828.17 -0.08
2830.27 -0.18
2832.31 -0.28
2834.06 -0.25
2835.94 0
2838.16 0.07
2839.74 0.06
2841.54 0.04
2843.64 0.1
2845.63 -0.21
2847.73 0.08
2849.48 -0.19
2851.24 -0.2
2853.13 -0.28
2855.05 -0.28
2857.46 -0.19
2858.96 0.22
2861.23 0.14
2862.82 -0.11
2864.88 0.23
2866.97 0.05
2868.75 0.17
2870.71 -0.07
2872.72 -0.06
2874.72 0.13
2876.81 0.05
2878.43 0.05
2880.53 -0.19
2882.32 0.01
2884.48 -0.22
2886.03 -0.24
2887.99 -0.01
2890.28 0.07
2891.95 0.02
2893.65 0.24
2895.93 0.28
2897.56 0.03
2899.69 -0.15
2901.42 -0.07
2903.68 -0.07
2905.69 -0.11
2907.63 0.14
2909.09 0.07
2911.09 0.01
2913.06 -0.1
2914.87 0.11
2917.17 0.14
2918.73 0.13
2920.83 -0.07
2922.66 0.01
2924.67 0.04
2926.66 0.16
2928.38 0.1
2930.41 -0.29
2932.35 -0.15
2934.36 -0.24
2936.14 -0.29
2938.17 0.13
2940.02 -0.1
2942.13 0.19
2943.91 -0.15
2945.99 0.29
2947.88 -0.05
2950.01 -0.09
2951.91 -0.21
2953.52 0.11
2955.79 0.04
2957.34 0.15
2959.64 0.04
2961.67 -0.29
2963.33 -0.16
2965.02 -0.01
2967.13 0.06
2969.22 -0.06
2970.79 -0.21
2972.72 0.04
2974.63 -0.14
2977.13 -0.11
2978.77 0.12
2980.92 0.2
2982.63 -0.29
2984.46 -0.2
2986.27 0.07
2988.4 0.14
2990.5 -0.17
2992.02 -0.05
2994.24 0.04
2996.36 -0.17
2998.31 -0.17
2999.93 -0.2
3001.93 -0.22
3003.98 0.04
3005.71 -0.02
3007.53 0.22
3009.7 0.21
3011.48 -0.15
3013.39 0.22
3015.46 0.19
3017.33 0.05
3019.42 -0.24
3021.45 -0.24
3023 0.15
3025.05 0.24
3027.2 -0.23
3029.02 0.06
3030.88 -0.22
3033.05 0.26
3034.79 0.29
3036.37 0.03
3038.68 0.16
3040.52 -0.08
3042.37 -0.24
3044.57 -0.13
3046.11 0.03
3048.43 -0.24
3049.89 0.02
3052.36 -0.09
3053.76 0.04
3056.09 -0.18
3057.83 0.19
3059.97 -0.17
3061.44 -0.23
3063.56 0.01
3065.73 -0.22
3067.72 0.17
3069.74 -0.2
3071.12 -0.29
3073.45 0.05
3075.5 -0.01
3077.42 -0.3
3078.9 0.25
3081.28 0.26
3082.93 0.27
3085.11 -0.14
3086.8 0.14
3088.61 -0.28
3090.6 -0.14
3092.55 0.09
3094.45 -0.26
3096.67 0.13
3098.65 -0.01
3100.44 0.1
3102.28 -0.15
3104.37 -0.09
3106.05 -0.22
3108.05 -0.11
3109.83 0.23
3112.1 0.17
3113.63 -0.14
3115.56 -0.02
3117.76 -0.18
3119.88 -0.14
3121.27 -0.23
3123.28 0.21
3125.53 -0.25
3127.17 -0.04
3129.15 -0.01
3131.34 0.07
3133.15 -0.11
3135.3 0.2
3137.02 -0.22
3138.99 0.29
3141.03 0.24
3142.52 -0.03
3144.55 0.16
3146.79 -0.28
3148.69 0.3
3150.62 -0.24
3152.26 0.06
3154.53 0.05
3156.02 0.15
3158 0.08
3159.89 -0.29
3162.29 -0.14
3163.89 0.24
3166.11 0.03
3167.65 0.1
3170.02 0.03
3171.83 0.18
3173.63 -0.16
3175.28 -0.12
3177.7 0.16
3179.15 -0.14
3181.26 -0.24
3183.39 -0.24
3185.15 -0.1
3187 -0.04
3188.78 0.21
3190.99 -0.12
3192.85 0.04
3195.07 0.28
3196.57 0.18
3198.79 -0.02
3200.73 0.18
3202.47 -0.01
3204.48 0.14
3206.32 0.23
3208.3 -0.19
3210.15 0.09
3212.36 -0.24
3214.18 0.26
3216 -0.2
3217.82 -0.01
3220.02 0.27
3221.69 -0.22
3223.56 0.07
3225.91 0.2
3227.94 0
3229.75 -0.11
3231.48 0.06
3233.56 0.25
3235.36 0.17
3237.23 0.22
3239.42 0.08
3241.32 -0.03
3242.88 -0.02
3244.91 0.04
3246.66 0.15
3249.03 -0.25
3250.54 0.11
3252.95 -0.22
3254.38 0.19
3256.73 -0.1
3258.59 -0.07
3260.6 -0.26
3262.42 0.01
3264.59 0.08
3265.99 0.28
3268.28 0.27
3270.29 0.27
3271.78 -0.26
3274.02 -0.07
3275.94 0.17
3278.11 0.01
3280.04 0.06
3281.61 -0.22
3283.83 0.24
3285.83 0.19
3287.29 0.05
3289.3 -0.05
3291.54 0.1
3293.06 0.28
3295 0.24
3297.15 0.29
3299.33 -0.01
3300.86 -0.12
3302.84 -0.11
3304.79 -0.24
3306.7 -0.14
3308.51 -0.17
3310.74 -0.07
3312.43 -0.02
3314.56 -0.08
3316.27 0.25
3318.61 -0.04
3320.26 0.07
3322.32 0.14
3324.27 0.19
3325.99 -0.04
3327.86 -0.22
3329.65 -0.2
3331.97 -0.3
3333.92 -0.01
3335.43 0.2
3337.62 0.08
3339.45 0.2
3341.76 0.14
3343.66 0.28
3345.27 -0.22
3347.49 -0.14
3349.08 -0.21
3350.87 0.17
3353.34 0.21
3355.23 -0.25
3357.18 0.03
3358.68 -0.01
3360.72 -0.23
3362.88 0
3364.6 -0.07
3366.76 -0.28
3368.58 0.07
3370.23 0.25
3372.16 -0.12
3374.05 -0.27
3376.02 0.07
3378.3 0.28
3379.99 -0.27
3382.27 -0.14
3383.69 0.19
3385.97 -0.06
3387.66 -0.13
3389.73 0.18
3391.7 0.18
3393.59 0.04
3395.67 -0.12
3397.28 -0.11
3399.58 -0.04
3401.08 0.06
3403.03 0.23
3405.1 0.08
3407.06 0.29
3409.18 0.14
3410.91 0.12
3413.05 -0.17
3415.03 -0.02
3416.59 -0.13
3418.48 0.12
3420.36 0.19
3422.7 0.02
3424.52 0.1
3426.39 0.29
3428.05 0.01
3430.04 0.08
3431.87 0.02
3434.08 -0.05
3436.24 0.28
3437.83 -0.11
3439.59 0.18
3441.69 0.11
3443.98 -0.14
3445.52 -0.02
3447.57 -0.21
3449.51 -0.25
3451.45 -0.17
3453.52 -0.28
3455.6 0.11
3457.34 -0.18
3459.18 0.24
3461.15 0.05
3462.91 -0.26
3464.7 -0.02
3467.1 -0.25
3469.04 -0.21
3470.93 0.08
3472.96 0.1
3474.65 0.23
3476.59 0.09
3478.65 0.07
3480.54 0.25
3482.3 -0.21
3484.28 0.13
3485.9 -0.27
3487.99 -0.22
3489.92 0.2
3491.68 -0.11
3493.9 -0.26
3496.09 -0.26
3497.94 0.25
3499.4 0.21
3501.5 0.22
3503.42 0.25
3505.67 0.22
3507.66 -0.09
3509.6 0.08
3511.08 -0.29
3513.22 0.12
3515.28 0.23
3516.79 0.04
3518.77 0.16
3520.99 -0.04
3523.12 0
3525 0.24
3526.77 0.07
3528.78 0.06
3530.81 0.24
3532.35 0.29
3534.56 0.09
3536.29 -0.23
3538.09 0.18
3539.99 0
3542.11 -0.15
3544.08 0
3545.84 0.25
3548.19 -0.06
3549.88 0.18
3552.04 0.28
3553.81 0.24
3555.79 0.27
3557.34 0.16
3559.25 0.28
3561.7 -0.25
3563.2 0.08
3565.26 -0.04
3567.11 0.23
3569.16 0.16
3570.97 0.29
3572.79 0.14
3575.01 -0.28
3577.11 0.23
3579.04 0.06
3580.55 0.02
3582.53 0
3584.52 -0.14
3586.25 -0.27
3588.41 -0.09
3590.33 -0.17
3592.45 0.22
3594.01 -0.15
3596.13 0.19
3598.16 -0.21
3600.25 -0.27
3601.87 -0.08
3603.71 0.24
3605.78 0.1
3607.76 0.27
3609.65 -0.2
3611.38 0.09
3613.76 0.25
3615.24 0
3617.22 0.12
3619.1 0
3621.08 -0.28
3623.25 -0.18
3625.37 -0.22
3626.91 0.17
3628.65 0.23
3631.14 0.02
3632.84 -0.04
3634.63 0.23
3636.65 0.02
3638.53 -0.01
3640.28 0.05
3642.19 0.21
3644.15 -0.15
3646.15 -0.08
3648.03 -0.12
3650.18 0
3652.24 -0.1
3653.88 -0.01
3656.14 -0.08
3657.94 -0.22
3659.9 -0.03
3661.93 0.28
3663.86 0.25
3665.41 0.02
3667.74 0.2
3669.58 -0.11
3671.53 -0.02
3673.2 0.01
3675.02 -0.22
3677.45 -0.18
3679 0.04
3680.99 -0.27
3683.14 0.16
3685.02 -0.12
3686.66 -0.09
3688.96 0.29
3690.59 -0.17
3692.48 0.27
3694.48 -0.21
3696.32 0.18
3698.52 -0.21
3700.15 0.08
3702.07 0.01
3704.45 0.3
3706.27 0.09
3707.76 -0.24
3709.83 -0.16
3711.88 0.27
3713.72 0.28
3715.88 0.21
3717.54 -0.05
3719.54 -0.2
3721.44 0.3
3723.51 0.25
3725.33 0.09
3727.28 0.01
3729.23 0.15
3731.48 0.19
3732.93 -0.2
3734.94 0.12
3737.15 0.24
3739.15 -0.06
3740.69 -0.26
3742.93 -0.07
3744.69 -0.17
3746.34 -0.26
3748.62 -0.18
3750.22 0.15
3752.7 0.28
3754.52 0.19
3756.2 -0.27
3758.41 -0.02
3759.89 -0.15
3762.34 0.28
3763.94 -0.05
3765.68 0.06
3767.98 -0.11
3770.02 -0.23
3771.47 0.06
3773.85 -0.05
3775.33 -0.23
3777.51 -0.2
3779.36 0.02
3781.32 -0.14
3783.57 -0.11
3784.99 -0.07
3787.3 0.3
3788.88 -0.21
3790.75 0.16
3793.18 0.07
3794.9 0.23
3797.05 0.01
3798.67 -0.17
3800.91 0.04
3802.59 0.24
3804.61 -0.19
3806.34 0.3
3808.35 0.24
3810.03 0
3812.1 -0.28
3813.97 -0.14
3816.23 -0.18
3817.89 0.16
3819.72 0.04
3822.12 -0.16
3824.04 -0.1
3825.79 -0.27
3827.83 0.17
3829.77 0.21
3831.51 0.04
3833.37 -0.11
3835.4 0.07
3837.2 0.22
3839.11 -0.25
3841.14 -0.09
3843.09 -0.08
3844.83 -0.2
3847.23 -0.08
3849.01 -0.08
3850.51 0.09
3852.57 0.04
3854.42 0.17
3856.45 0.02
3858.64 0.1
3860.61 -0.1
3862.18 0.06
3864.35 0.1
3865.94 0.08
3868 -0.09
3870.13 -0.18
3871.78 0.07
3874.25 -0.13
3875.83 0.11
3877.98 0.27
3879.57 -0.09
3881.45 0.01
3883.84 0.07
3885.57 0.21
3887.42 0.03
3889.25 0.14
3891.25 0.09
3893.49 0.01
3895.03 0.05
3897 -0.24
3899.1 0.18
3901.09 0.06
3902.68 0.02
3904.69 0.27
3906.54 -0.26
3908.64 -0.2
3910.57 0
3912.25 0.13
3914.68 -0.29
3916.69 0.26
3918.07 -0.22
3920.45 -0.08
3922.15 0.05
3923.9 -0.02
3926.07 0.07
3927.77 -0.07
3929.98 0.19
3931.93 -0.17
3933.52 0.24
3935.73 0.12
3937.54 0.06
3939.33 -0.26
3941.54 -0.08
3943.59 -0.29
3945.28 0.04
3947.41 0.09
3949.42 -0.06
3951.05 -0.29
3952.77 0.3
3954.82 -0.11
3957.16 0.03
3958.66 -0.1
3960.79 -0.24
3962.46 -0.12
3964.68 -0.23
3966.28 0.23
3968.77 -0.29
3970.65 0.19
3972.05 0.15
3974.57 0.24
3976.35 -0.11
3978.12 -0.02
3980.03 0.28
3981.97 -0.1
3984.08 0.15
3985.56 -0.27
3987.56 -0.26
3989.72 -0.02
3991.78 0.13
3993.58 -0.23
3995.47 -0.02
3997.32 -0.12
3999.38 -0.14
4001.28 0.06
4003.06 -0.1
4004.89 -0.08
4007.28 -0.22
4008.77 -0.05
4011.13 0.1
4012.59 -0.26
4014.73 0.19
4016.98 0.08
4018.73 -0.11
4020.36 -0.29
4022.7 0.27
4024.29 0.21
4026.66 -0.05
4028.3 0.18
4030.24 -0.18
4032.03 -0.09
4034.06 0.25
4036.21 0.05
4037.69 0.1
4040.1 -0.21
4041.98 0.03
4043.75 -0.09
4045.95 -0.18
4047.5 -0.15
4049.28 -0.18
4051.21 -0.22
4053.54 0.07
4055.49 0.09
4057.48 0.3
4059.46 -0.25
4061.22 0.14
4062.75 0.26
4064.76 -0.08
4066.88 -0.13
4068.97 0.24
4070.44 -0.11
4072.69 0.05
4074.64 0.1
4076.51 -0.12
4078.27 0.23
4080.56 -0.17
4082.25 -0.06
4084.22 0.19
4086.07 0.08
4088.32 0.11
4089.97 -0.25
4092.11 0.09
4093.97 -0.1
4095.73 0.27
4097.47 -0.01
4099.92 -0.06
4101.9 -0.21
4103.44 -0.27
4105.67 0.03
4107.66 -0.13
4109.44 0.06
4111.02 -0.27
4113.4 0.11
4115.01 0.13
4117.34 0.11
4119.18 -0.16
4121.11 -0.25
4122.97 0.02
4124.76 0.13
4126.87 -0.21
4128.76 0.02
4130.68 0.12
4132.33 0.16
4134.44 0.07
4136.38 -0.11
4138.33 -0.2
4140.32 0.24
4141.95 -0.19
4143.8 -0.26
4145.93 0.13
4148.05 -0.23
4149.56 0.17
4151.59 -0.18
4153.86 -0.13
4155.44 -0.26
4157.49 -0.18
4159.49 0
4161.68 -0.13
4163.47 -0.24
4165.08 0.01
4167.49 0.14
4169.02 -0.06
4170.85 0.19
4173.19 0.19
4174.77 0.11
4176.77 -0.16
4178.48 -0.21
4180.73 -0.2
4182.47 0.07
4184.76 -0.1
4186.51 0.09
4188.22 0.02
4190.13 -0.1
4192.37 0.16
4194.3 -0.22
4196.06 0.29
4198.32 -0.12
4199.76 -0.13
4201.97 -0.06
4204.04 -0.05
4205.96 0.09
4207.76 0.04
4209.69 0.25
4211.53 0.01
4213.68 -0.11
4215.23 -0.28
4217.09 0.27
4219.53 -0.09
4221.32 0.27
4223.26 0.06
4225.2 -0.16
4226.97 0.2
4228.83 0.29
4231.02 0.21
4232.66 0.19
4234.89 0.26
4236.64 0.28
4238.61 -0.05
4240.8 -0.17
4242.36 0.28
4244.2 -0.16
4246.09 -0.06
4248.48 -0.07
4249.91 0.02
4252.11 0.05
4254.14 -0.21
4255.9 -0.08
4257.68 0.05
4260.03 -0.07
4261.98 0.17
4263.41 0.14
4265.47 -0.13
4267.38 -0.21
4269.62 0.22
4271.42 -0.05
4273.38 0.07
4275.34 0.14
4277.09 -0.29
4278.93 -0.24
4281.31 0.25
4282.85 0.1
4284.83 -0.07
4287.11 0.04
4288.94 -0.26
4290.38 -0.03
4292.41 0.29
4294.3 0.13
4296.44 0.18
4298.35 -0.2
4300.23 0.06
4302.17 -0.28
4303.96 0.04
4305.98 0.26
4308.12 0.3
4310.12 0.2
4311.85 -0.06
4313.84 0.29
4315.49 -0.07
4317.5 0.11
4319.88 -0.22
4321.41 0.15
4323.57 0.2
4325.15 0.2
4327.08 -0.14
4329.26 -0.29
4331.4 0.18
4333.05 0.23
4334.76 0.24
4337 -0.05
4338.8 -0.09
4340.9 -0.21
4342.97 -0.17
4344.98 -0.18
4346.77 0.28
4348.56 0.11
4350.41 -0.06
4352.59 -0.24
4354.2 -0.16
4356.47 0.08
4358.22 -0.21
4360.12 -0.21
4361.96 -0.18
4363.85 0.09
4365.99 -0.26
4368.14 -0.26
4369.76 -0.03
4371.8 -0.12
4373.86 -0.24
4375.43 -0.25
4377.45 -0.01
4379.43 -0.23
4381.44 0.26
4383.39 -0.27
4385.05 -0.09
4387.38 -0.26
4389.06 -0.07
4391.08 0.25
4392.88 0.06
4394.84 0.21
4396.5 0.14
4398.65 0.11
4400.7 -0.17
4402.62 0.12
4404.66 0.16
4406.28 -0.14
4408.45 0.29
4410.47 -0.13
4412.05 -0.18
4414 0.27
4415.96 0.02
4417.83 0.01
4419.66 -0.21
4421.95 -0.18
4423.86 0.24
4425.78 0.02
4427.9 0.13
4429.35 -0.2
4431.6 -0.21
4433.53 0.27
4435.63 0.11
4437.53 0.24
4439.3 -0.14
4440.92 0.06
4443.2 0.17
4445.07 0.07
4446.83 0.08
4448.81 -0.18
4450.83 0.26
4452.66 0.22
4454.79 -0.05
4456.56 -0.23
4458.79 -0.16
4460.21 0.08
4462.34 0.25
4464.01 0.27
4466.03 0.01
4468.01 -0.22
4470.14 0.07
4472.11 0.06
4473.82 0.26
4475.61 0.03
4477.52 -0.12
4479.9 0.23
4481.41 -0.13
4483.46 -0.1
4485.73 0.01
4487.16 0.06
4489.61 -0.04
4491.14 0.02
4493.26 -0.23
4495.29 -0.3
4497.16 0.16
4498.99 0.05
4500.84 0.29
4503.11 0.01
4504.68 0.02
4506.79 0.19
4508.59 0.09
4510.41 0.17
4512.76 0.01
4514.7 0.29
4516.63 0.08
4518.6 -0.1
4520.32 -0.19
4522.38 -0.05
4524.35 0.02
4525.83 -0.11
4528.03 -0.29
4529.81 0.17
4531.73 -0.18
4533.52 -0.04
4535.53 0.17
4537.4 -0.04
4539.71 0.2
4541.76 -0.23
4543.66 0.24
4545.43 -0.25
4547.48 0.05
4549.12 0
4551.02 0.15
4553.24 0.3
4555.13 -0.27
4557.08 0.03
4558.79 0.21
4560.5 -0.21
4562.92 0.21
4564.35 0.19
4566.5 0.11
4568.41 -0.15
4570.56 0.28
4572.41 -0.05
4574.26 0.1
4576.38 -0.24
4578.22 0.11
4579.86 -0.09
4581.89 0.09
4583.89 -0.3
4585.97 -0.21
4588.06 0.22
4589.59 -0.27
4591.77 -0.24
4593.61 -0.26
4595.7 -0.23
4597.25 -0.19
4599.32 0.17
4601.03 -0.29
4603.07 0.06
4604.93 0.16
4606.97 -0.01
4609.29 0.09
4610.65 -0.26
4612.9 -0.24
4614.71 -0.12
4616.99 0.2
4618.88 -0.2
4620.85 -0.03
4622.71 0.12
4624.7 -0.01
4626.64 0.22
4628.11 -0.12
4630.42 0.11
4632.07 0.13
4634.27 -0.29
4635.76 -0.08
4637.67 -0.03
4639.69 -0.09
4641.9 -0.04
4643.64 -0.21
4645.67 -0.14
4647.48 0.28
4649.51 0.07
4651.29 -0.03
4653.42 0
4655.27 0.25
4657.28 -0.11
4658.9 0.11
4660.97 0.08
4662.92 -0.15
4664.69 0.25
4666.79 0.15
4668.93 -0.17
4671 0.05
4672.54 0.24
4674.59 0.13
4676.45 -0.11
4678.51 -0.24
4680.23 0.16
4682.59 0.02
4684.5 0.21
4686.15 0.12
4688.18 -0.09
4690.04 0.05
4691.81 -0.14
4694.12 -0.17
4695.99 0.18
4697.96 -0.15
4699.44 0.26
4701.51 -0.29
4703.3 -0.18
4705.51 -0.12
4707.49 -0.28
4709.24 0.28
4711.1 0.28
4713.41 0.03
4715.2 -0.04
4717.21 -0.26
4719.15 -0.16
4720.81 -0.01
4722.61 -0.17
4724.66 -0.25
4726.4 -0.26
4728.49 0.26
4730.81 0.19
4732.43 0.07
4734.7 -0.07
4736.1 0.2
4738.5 0.17
4740.08 0.05
4741.93 -0.18
4743.89 -0.01
4746 0.1
4748.16 -0.15
4750.01 0.28
4751.92 -0.18
4753.52 -0.2
4755.43 -0.05
4757.56 0.1
4759.35 -0.13
4761.44 0
4763.36 0.03
4765.12 0.14
4766.98 -0.22
4769.17 -0.14
4771.19 -0.24
4772.99 0.26
4774.76 0.18
4776.89 -0.16
4778.77 0.28
4780.58 0.28
4782.59 0.01
4784.57 -0.06
4786.21 0.04
4788.18 -0.07
4790.59 -0.2
4792.06 0.21
4794.45 0.29
4795.91 -0.11
4797.89 0.14
4800.06 -0.04
4802.23 0.27
4803.59 -0.2
4805.94 -0.23
4808 -0.29
4809.65 -0.08
4811.48 -0.18
4813.41 -0.14
4815.51 0.09
4817.52 0.28
4819.17 -0.25
4821.23 0.23
4822.96 0.23
4825.31 -0.07
4826.84 0.17
4829.12 -0.17
4830.81 0.16
4832.81 0.24
4834.66 0.25
4836.48 0.13
4838.88 0.24
4840.69 -0.12
4842.64 0.15
4844.27 -0.07
4846.13 0.01
4848.47 0.01
4850.21 0.13
4851.85 0.26
4853.99 -0.04
4856.02 0.03
4857.83 -0.09
4859.87 0.18
4861.78 0.21
4863.6 0.11
4865.86 0.12
4867.51 -0.27
4869.44 0.22
4871.35 0.12
4873.23 0.26
4875.05 -0.04
4877.16 -0.29
4878.83 0.22
4881.12 0.05
4882.86 -0.08
4884.7 0.02
4887.11 0.09
4888.7 -0.06
4890.68 0.13
4892.66 0.12
4894.43 0.07
4896.26 0.18
4898.34 0.24
4900.14 -0.25
4902.13 -0.29
4904.08 0.25
4905.96 0.14
4908.28 -0.08
4910.18 0.04
4911.99 0
4913.83 0.05
4915.69 -0.13
4917.39 -0.06
4919.61 -0.01
4921.57 -0.24
4923.31 -0.17
4925.34 0.19
4927.31 0.07
4929.33 0.15
4931.48 0.15
4932.91 -0.17
4935.09 0.08
4937.09 -0.01
4938.62 -0.15
4941 -0.23
4942.99 -0.13
4944.75 -0.29
4946.71 0.16
4948.26 0.03
4950.72 0.05
4952.37 -0.07
4954.46 0.3
4956.21 -0.07
4957.91 0.3
4959.9 0.17
4962.21 -0.21
4963.92 0.03
4965.65 0.03
4968.01 -0.23
4969.98 0.08
4971.66 0.18
4973.37 0.3
4975.78 0.05
4977.53 0.2
4979.59 -0.02
4981.08 -0.24
4983.36 0.15
4985.23 0.28
4987.1 -0.15
4988.9 -0.27
4991.17 -0.13
4992.71 -0.12
4994.93 0.06
4996.64 0.28
4998.91 0.15
5000.58 0
5002.68 -0.06
5004.65 -0.23
5006.65 0.03
5008.48 0.07
5010.17 0.09
5012.27 -0.18
5014.09 0.06
5015.96 0.15
5018.1 -0.11
5019.71 -0.23
5021.62 -0.04
5023.76 -0.01
5025.68 -0.09
5027.67 0.09
5029.86 0.08
5031.46 0
5033.6 0.25
5035.28 0.1
5037.29 -0.12
5038.98 0.07
5041.24 0.14
5043.1 -0.15
5045.04 -0.01
5046.88 -0.28
5049.03 -0.24
5050.65 -0.11
5052.53 -0.3
5054.93 -0.05
5056.65 -0.16
5058.24 0.01
5060.5 -0.02
5062.24 0.14
5064.54 -0.08
5066.21 -0.15
5068.35 0.12
5070.26 0.25
5072.03 -0.18
5074.18 -0.19
5075.85 0.03
5078.06 0.27
5079.87 0.07
5081.78 0.23
5083.74 0.15
5085.24 0.02
5087.4 -0.15
5089.37 -0.18
5091.29 -0.23
5093.4 0.02
5095.47 -0.06
5097.05 -0.23
5099.06 0.24
5101 -0.16
5102.67 0.03
5104.94 -0.07
5107.03 0.04
5108.94 0.03
5110.86 0.13
5112.46 0.11
5114.42 0.06
5116.4 -0.21
5118.24 0.14
5119.99 0.17
5122.41 -0.26
5124.13 0.17
5126.23 0.13
5127.86 0.3
5129.64 -0.14
5131.95 -0.27
5133.88 -0.2
5135.56 -0.2
5137.78 0.19
5139.63 -0.02
5141.45 0.09
5143.49 0.24
5145.14 -0.06
5147.54 -0.22
5149.16 -0.22
5150.98 0.06
5153.17 0
5155.1 -0.12
5156.86 -0.01
5158.76 -0.07
5160.54 -0.18
5162.83 0.29
5164.9 0.11
5166.3 -0.26
5168.38 -0.19
5170.14 0
5172.45 0.18
5174.22 0.2
5176 -0.19
5178.07 -0.28
5180.18 -0.28
5181.82 -0.23
5183.72 0.05
5186.04 -0.15
5187.94 -0.25
5189.94 0.09
5191.42 0.18
5193.33 -0.16
5195.32 0.29
5197.53 0.11
5199.46 0.18
5201.54 0.14
5203.28 0.05
5204.91 -0.07
5207.32 -0.03
5209.26 0.17
5211.02 0.28
5212.8 0.11
5214.76 -0.15
5216.79 0.25
5218.57 -0.29
5220.38 0.13
5222.43 0.14
5224.36 0.06
5226.65 0.14
5228.04 0.18
5230.12 0.12
5232.22 -0.2
5234.12 -0.09
5235.92 0.19
5238.18 0.13
5240.11 0.18
5241.9 -0.16
5243.7 -0.11
5245.85 0.17
5247.52 0.16
5249.72 -0.16
5251.37 -0.26
5253.16 -0.23
5255.46 0.09
5257.26 -0.06
5259.3 0.07
5261.34 0.08
5262.81 0.07
5265.23 0.22
5266.71 0.1
5268.67 0.18
5270.56 0.04
5272.52 0.24
5274.85 0.28
5276.74 0.14
5278.71 0.17
5280.45 -0.11
5282.58 -0.11
5283.96 0.1
5286.4 0.09
5287.95 -0.29
5289.83 0.15
5291.69 0.26
5293.81 0.21
5295.83 0.06
5297.67 0.05
5299.55 -0.01
5301.9 -0.23
5303.38 0.08
5305.75 0.27
5307.36 0.03
5309.57 0.16
5311.42 0.04
5313.35 0.16
5314.9 -0.04
5317.09 0.06
5319.09 -0.14
5321.06 0.22
5322.55 0.27
5324.83 0.02
5326.71 0.16
5328.58 -0.26
5330.74 -0.26
5332.28 0.22
5334.22 -0.21
5336.12 0.02
5338.04 0
5340.14 0.01
5342.32 0.08
5344.02 0.02
5345.77 0.04
5347.83 0.05
5349.75 0.21
5351.96 -0.05
5353.67 -0.18
5355.65 0.09
5357.59 0.17
5359.55 -0.13
5361.12 0.28
5363.23 0.28
5365.39 -0.27
5367.4 0.06
5369.25 -0.28
5371.31 -0.11
5373.05 -0.23
5374.91 0.26
5377.11 0.17
5379.01 -0.09
5380.64 0.17
5382.57 -0.16
5384.85 0.03
5386.29 0.2
5388.54 -0.21
5390.53 -0.2
5392.55 0.25
5394.32 0.09
5396.35 0.23
5397.92 0.11
5400.11 0.25
5402.2 0.2
5403.74 -0.19
5405.71 0.03
5407.44 0.12
5409.37 -0.03
5411.68 0.26
5413.52 -0.17
5415.5 -0.28
5417.34 0.08
5419.01 0.24
5421.2 0.07
5423.05 -0.04
5425 0.01
5426.97 -0.18
5428.93 0.19
5430.69 0.21
5432.66 0.29
5434.79 -0.09
5436.73 -0.29
5438.88 -0.2
5440.24 -0.2
5442.23 -0.24
5444.51 0.18
5446.12 0.26
5448.53 0.02
5450.14 0.03
5452.22 -0.24
5453.92 -0.26
5456.22 -0.27
5457.59 0.26
5459.58 -0.17
5461.67 0.1
5463.47 -0.13
5465.82 0.18
5467.56 -0.3
5469.58 -0.22
5471.58 0.12
5473.53 -0.13
5475.35 0.12
5477.02 -0.25
5479.24 -0.14
5481.18 -0.09
5482.9 -0.19
5484.74 -0.25
5486.78 -0.22
5488.58 0.23
5490.72 0.06
5492.68 -0.22
5494.3 -0.19
5496.52 -0.1
5498.18 0.22
5500.61 -0.01
5502.42 0.22
5504.14 0.07
5506.14 0.05
5507.95 0.06
5510.08 0.09
5511.94 0.12
5514.1 0.04
5516.04 0.17
5517.86 -0.3
5519.39 0.18
5521.52 -0.08
5523.58 0.25
5525.21 -0.21
5527.14 0.21
5529.23 0.28
5531.29 0.05
5532.99 -0.23
5534.79 0.1
5536.74 0.17
5538.84 0.07
5540.59 -0.24
5542.91 -0.07
5544.43 0.3
5546.51 0.18
5548.32 0.16
5550.68 -0.13
5552.27 -0.23
5554.16 -0.19
5556.38 -0.26
5558.03 -0.16
5559.88 -0.21
5561.93 0.17
5563.96 -0.15
5565.92 0.24
5567.56 0.08
5570 0.14
5571.87 -0.08
5573.91 -0.1
5575.81 0.05
5577.4 0.22
5579.53 0.08
5581.41 0.07
5583.36 0.26
5585.26 0.1
5587.34 0.22
5589.2 -0.21
5590.9 0.09
5592.81 0.19
5594.57 -0.17
5596.62 0.08
5598.98 -0.25
5600.71 0.22
5602.33 -0.24
5604.47 0.11
5606.54 0.21
5608.09 0.16
5610.47 -0.05
5612.44 -0.09
5614.25 0.17
5615.98 -0.3
5618.08 0.24
5619.99 -0.02
5621.77 0.2
5623.94 0.17
5625.79 0.1
5627.82 0.14
5629.66 0.27
5631.55 -0.11
5633.53 -0.27
5635.14 0.17
5637.51 -0.27
5639.16 0.23
5640.87 0.16
5643.23 -0.06
5644.94 -0.2
5646.9 -0.24
5649.12 0.18
5650.97 -0.25
5652.78 0.17
5654.74 -0.02
5656.85 0.08
5658.81 -0.28
5660.21 -0.29
5662.39 0.19
5664.07 -0.29
5666.19 -0.1
5667.97 0.01
5669.84 0.1
5671.88 0.1
5674.08 -0.13
5675.89 -0.21
5677.83 0.03
5679.76 0.08
5681.59 0.22
5683.9 -0.28
5685.66 -0.16
5687.38 0.03
5689.46 0.09
5691.21 -0.2
5693.03 -0.15
5695.04 0.09
5696.96 -0.18
5699 -0.25
5700.87 0.19
5702.84 0.2
5704.73 0.19
5706.79 0.13
5708.83 0.06
5710.79 0.08
5712.37 -0.12
5714.61 -0.02
5716.6 0.11
5718.51 -0.09
5720.38 -0.05
5722.41 -0.27
5724.06 -0.19
5725.93 -0.1
5727.92 0.15
5729.69 0.14
5731.98 0.01
5734.06 -0.07
5735.44 -0.06
5737.64 -0.21
5739.84 0.26
5741.29 -0.1
5743.54 -0.18
5745.06 -0.23
5747.02 0.08
5749.07 -0.24
5751.22 -0.21
5753.19 -0.25
5754.96 0.24
5756.91 0.26
5758.56 -0.03
5760.97 0.17
5762.84 -0.09
5764.62 -0.06
5766.63 0.17
5768.51 -0.12
5770.4 0.3
5772.34 0.18
5774.27 0.13
5776.15 0.27
5777.93 0.21
5779.86 0.12
5781.76 0.29
5783.76 -0.06
5785.87 -0.04
5787.78 -0.21
5789.69 0.14
5791.81 -0.25
5793.69 -0.12
5795.71 0.03
5797.27 -0.19
5799.57 -0.05
5801.37 0.04
5803.49 0.07
5805.18 0.02
5807.19 0.1
5809.21 -0.05
5811.2 0.22
5812.86 0.02
5814.95 -0.18
5816.62 0.1
5818.92 -0.04
5820.67 -0.05
5822.44 0.01
5824.53 0.09
5826.47 0.3
5828.39 0.09
5829.98 -0.12
5831.94 0.26
5833.83 0
5836.27 0.2
5837.73 -0.24
5839.93 0.04
5841.99 -0.19
5843.79 0.25
5845.37 0.1
5847.3 0.08
5849.24 -0.29
5851.17 0.15
5853.09 0.2
5855.42 0.29
5857.46 -0.2
5859.44 -0.01
5860.97 -0.18
5862.83 -0.09
5864.74 0.15
5867 -0.22
5868.97 0.1
5870.72 -0.02
5872.72 0.12
5874.81 -0.04
5876.71 0.16
5878.23 0.26
5880.33 -0.05
5882.36 0.24
5884.19 -0.21
5886.05 -0.11
5888.21 -0.1
5890.05 0.2
5891.89 -0.23
5893.83 -0.25
5896.07 -0.2
5897.72 0.03
5899.8 0.17
5901.35 -0.22
5903.57 -0.29
5905.76 -0.29
5907.58 -0.12
5909.39 -0.19
5911.32 0.27
5913.3 -0.15
5915.34 -0.08
5917.3 0.24
5918.75 -0.24
5920.82 -0.05
5922.62 -0.27
5924.64 0
5926.93 0.21
5928.61 0.07
5930.61 0.19
5932.47 -0.27
5934.42 0.09
5936.05 0.3
5938.15 -0.23
5940.48 -0.03
5941.95 -0.05
5944.27 0.17
5946.24 0.12
5947.97 -0.17
5950.09 -0.26
5951.79 0.16
5953.57 0.14
5955.48 -0.22
5957.8 -0.21
5959.74 -0.26
5961.64 -0.02
5963.48 -0.27
5965.43 -0.25
5967.4 0.21
5968.92 -0.3
5971.33 0.04
5973.18 -0.09
5974.63 0.09
5976.97 0.13
5978.79 -0.11
5980.68 -0.1
5982.58 0.25
5984.28 -0.27
5986.71 0.13
5988.55 0.28
5990.06 -0.12
5992.56 0.12
5994.04 0.06
5996.15 -0.08
5997.82 0.26
6000.1 -0.18
6001.85 -0.06
6004.02 -0.06
6005.53 0.3
6007.48 -0.27
6009.5 0.31
6011.43 0.15
6013.21 -0.02
6015.21 0.28
6017.54 0.24
6019.51 0.22
6020.92 0.19
6023.37 0.3
6025.12 -0.15
6027.07 -0.11
6028.84 0.05
6030.93 0.39
6032.81 0.47
6034.63 0.34
6036.84 0.02
6038.83 0.48
6040.47 0.59
6042.13 0.3
6044.3 0.62
6046.01 0.26
6048.26 0.45
6050.12 0.64
6052.13 0.27
6054.28 0.52
6055.8 0.68
6057.77 0.37
6059.87 0.8
6061.57 0.92
6063.66 0.8
6065.44 0.58
6067.25 0.76
6069.16 0.73
6071.35 1.23
6073.21 0.93
6075.45 1.04
6077.01 1.36
6079.12 1.15
6081.15 1.25
6082.9 1.21
6084.6 1.64
6087.01 1.28
6088.69 1.3
6090.46 1.76
6092.62 1.58
6094.26 1.61
6096.2 1.75
6098.28 2.01
6100.54 1.97
6102.28 2.06
6104.26 2.23
6105.76 2.3
6107.8 2.56
6110.07 2.64
6111.98 2.29
6113.53 2.36
6115.55 2.59
6117.86 2.87
6119.35 2.88
6121.58 2.97
6123.22 3.02
6125.11 3.06
6127.32 2.99
6129.18 3.48
6131.05 3.72
6132.84 3.6
6135.12 3.43
6137.09 3.52
6138.91 3.69
6140.75 4.09
6142.41 4.28
6144.69 4.3
6146.58 4.55
6148.58 4.25
6150.55 4.36
6152.48 4.81
6154.22 4.54
6156.19 4.9
6158.27 5.14
6160.15 5.36
6161.77 5.06
6163.7 5.67
6165.73 5.66
6167.61 5.74
6169.65 5.98
6171.58 5.75
6173.3 6.05
6175.63 6.29
6177.38 6.21
6178.95 6.52
6181.34 6.71
6182.97 6.66
6184.97 6.7
6186.63 6.98
6188.91 7.34
6190.7 7.55
6192.44 7.26
6194.37 7.7
6196.43 7.72
6198.52 7.86
6200.09 7.83
6202.54 8.15
6204.31 8.44
6206.16 8.72
6207.86 8.59
6210.19 8.58
6212 8.75
6213.74 9.12
6215.57 9.09
6217.72 9.42
6219.42 9.45
6221.5 10.1
6223.53 10.24
6225.54 10.45
6227.25 10.58
6229.42 10.51
6230.98 10.51
6233.32 10.64
6234.89 11.22
6236.59 11.08
6238.58 11.68
6240.68 11.43
6242.79 11.96
6244.75 12.08
6246.57 12.37
6248.52 12.17
6250.56 12.59
6252.12 12.71
6254.29 13.13
6255.91 12.88
6258.08 13.56
6260.12 13.5
6261.95 13.98
6263.55 13.79
6265.88 14.07
6267.62 14.09
6269.32 14.86
6271.57 14.72
6273.35 14.8
6275.54 14.95
6277.2 15.32
6279.16 15.47
6281.15 15.68
6282.63 15.83
6284.75 16.14
6286.69 16.47
6288.47 16.48
6290.35 17.18
6292.55 17.16
6294.19 17.38
6296.26 17.56
6297.98 17.99
6299.91 18.06
6302.19 18.61
6303.94 18.47
6305.95 18.59
6307.92 19.09
6309.49 19.06
6311.63 19.74
6313.56 19.54
6315.59 19.92
6317.62 20.14
6319.18 20.53
6321.35 20.46
6323.2 21.1
6325.32 20.98
6327.23 21.48
6328.73 21.66
6330.9 22.16
6332.68 22.5
6334.81 22.5
6336.28 22.96
6338.4 23.24
6340.23 23.57
6341.99 23.32
6344.01 23.82
6345.86 24.08
6348.07 24.53
6349.61 24.47
6351.89 25.05
6353.83 25.37
6355.84 25.14
6357.39 25.41
6359.52 25.8
6361.62 26.15
6363.08 26.66
6364.86 26.79
6366.96 26.94
6368.96 27.25
6370.66 27.74
6372.65 27.92
6374.58 28.52
6376.35 28.78
6378.23 29.11
6380.39 29.12
6382.39 29.11
6384.44 29.59
6386.22 29.72
6387.85 30.16
6390.12 30.71
6391.93 30.74
6393.7 31.08
6395.4 31.69
6397.8 31.92
6399.29 32.19
6401.08 32.23
6403.48 32.63
6405.23 32.79
6407.07 33.5
6409.04 33.81
6411.02 34.16
6412.62 34.39
6414.58 34.7
6416.39 34.7
6418.36 35.28
6420.51 35.71
6422.23 35.99
6424.1 36.41
6426.18 36.34
6428.18 36.86
6430.02 37.28
6431.62 37.63
6433.82 37.88
6435.88 38.17
6437.33 38.69
6439.5 38.67
6441.43 39.46
6443.41 39.35
6444.87 40.11
6447.17 40.56
6449.06 40.49
6450.9 41.02
6452.71 41.13
6454.62 41.56
6456.62 41.77
6458.43 42.55
6460.21 43.01
6462.21 43.02
6464.18 43.7
6466.17 43.68
6467.79 44.28
6469.47 44.72
6471.45 44.78
6473.27 45.41
6475.14 45.67
6477.31 45.85
6479.5 46.16
6481.02 46.46
6482.84 46.95
6484.81 47.66
6486.5 47.78
6488.53 48.13
6490.3 48.62
6492.62 49.23
6494.52 49.36
6496.23 49.52
6497.87 49.98
6499.88 50.73
6501.9 51.12
6504.02 51.28
6505.52 51.86
6507.62 52.1
6509.41 52.27
6511.16 52.96
6513.15 53.53
6515.2 53.79
6516.98 53.99
6518.62 54.51
6520.49 55.1
6522.58 55.04
6524.76 55.93
6526.64 55.98
6528.1 56.53
6530.2 57.15
6532.12 57.37
6534.07 57.93
6536.09 58.4
6537.85 58.65
6539.34 59.04
6541.53 59.07
6543.44 59.96
6545.3 60
6547.04 60.36
6548.85 60.92
6550.93 61.69
6552.67 62.15
6554.39 62.2
6556.71 62.64
6558.41 63.04
6560.27 63.66
6562.48 64.33
6564.03 64.27
6565.76 64.8
6567.6 65.17
6569.55 65.7
6571.9 66.23
6573.37 66.42
6575.18 67.37
6577.24 67.78
6579.2 67.73
6581.17 68.68
6582.63 68.96
6584.52 69.25
6586.35 69.66
6588.58 70.36
6590.46 70.97
6592.21 71.42
6593.89 71.57
6595.71 72.12
6597.84 72.31
6599.63 72.78
6601.57 73.47
6603.75 74.15
6605.14 74.1
6607.15 75.16
6609.28 75.06
6611.19 75.94
6612.55 76.3
6614.61 76.75
6616.59 77.48
6618.44 77.87
6620.1 78.36
6621.95 78.5
6624.28 79.12
6625.76 79.47
6627.55 80.23
6629.84 80.41
6631.42 81.03
6633.51 81.37
6635.44 82.23
6636.85 82.65
6639.26 83.09
6640.84 83.68
6642.77 83.73
6644.66 84.64
6646.42 85
6648.43 85.72
6649.86 85.94
6652.19 86.67
6654 86.84
6655.72 87.76
6657.64 87.9
6659.37 88.77
6661.11 89.25
6663.25 89.27
6664.76 89.91
6667.04 90.36
6668.69 91.24
6670.47 91.41
6672.58 92
6674.45 92.59
6675.94 93.28
6677.87 93.64
6680.01 94.39
6681.92 95.01
6683.69 95.03
6685.39 95.9
6687.18 96.33
6689.32 97.09
6691.26 97.46
6692.95 98.13
6695 98.2
6696.45 99.22
6698.4 99.45
6700.04 100.34
6702.07 100.92
6704 100.94
6705.88 101.49
6707.86 101.96
6709.27 102.78
6711.32 103.19
6713.43 103.73
6714.88 104.57
6716.81 104.82
6718.8 105.3
6720.92 106.06
6722.5 106.47
6724.41 107.26
6726.05 107.5
6728.1 108.07
6730 108.64
6731.93 109.19
6733.8 109.8
6735.62 110.84
6737.23 111.34
6738.82 111.67
6740.83 112.16
6742.85 113.12
6744.8 113.5
6746.63 113.83
6748.32 114.72
6750.1 115.02
6751.98 115.77
6753.84 116.36
6755.83 116.7
6757.75 117.71
6759.59 118.01
6761.14 118.98
6762.78 119.45
6764.8 119.79
6766.72 120.18
6768.31 121.19
6770.58 121.47
6772.03 122.05
6773.99 123.08
6776.14 123.23
6777.46 124.03
6779.43 124.63
6781.43 125.19
6783.2 125.92
6785.27 126.36
6787.03 127.01
6788.65 127.46
6790.25 128.26
6792.15 128.86
6793.96 129.21
6796.27 130.13
6797.63 130.69
6799.34 131.23
6801.73 132.05
6803.03 132.53
6805.18 132.96
6806.83 133.55
6808.49 134.72
6810.84 135.13
6812.68 135.85
6814.21 136.58
6815.92 136.75
6817.72 137.34
6819.92 138.41
6821.64 138.94
6823.54 139.32
6824.98 139.9
6826.87 140.8
6828.84 141.56
6830.49 141.93
6832.65 142.85
6834.02 143.6
6835.8 144.25
6838.15 144.62
6839.79 145.13
6841.45 145.74
6843.27 146.66
6845.4 147.27
6847.29 148.04
6849.08 148.7
6850.82 149.42
6852.49 149.88
6854.05 150.6
6856.19 151.1
6858.17 152.08
6859.41 152.69
6861.53 153.11
6863.27 153.52
6865.2 154.33
6867.17 154.84
6868.5 155.75
6870.62 156.4
6872.61 157.37
6874.16 158.06
6875.96 158.32
6878.05 158.86
6879.85 159.6
6881.43 160.67
6882.96 160.95
6885.07 161.97
6886.58 162.47
6888.37 163.34
6890.58 164.03
6892.26 164.71
6894.13 165.31
6896.08 165.84
6897.53 166.91
6899.42 167.51
6901.1 168.01
6902.86 168.98
6904.9 169.77
6906.42 169.98
6908.28 171.06
6910.27 171.71
6912.19 172.35
6913.97 173.15
6915.37 173.5
6917.29 174.66
6918.92 174.96
6921.02 175.84
6922.75 176.53
6924.31 177.38
6926.59 178.21
6928.07 178.67
6929.74 179.27
6931.42 179.82
6933.61 180.97
6935.09 181.76
6937.16 182.47
6939.05 183.15
6940.79 183.93
6942.64 184.27
6944.47 185.18
6945.75 186.05
6947.85 186.78
6949.53 187.29
6951.11 187.86
6953.03 188.65
6954.78 189.37
6956.82 190.6
6958.29 190.98
6960 191.75
6962.16 192.65
6964.09 193.35
6965.78 194.22
6967.48 194.54
6969.34 195.77
6971.16 196.16
6972.84 196.8
6974.2 197.55
6976.03 198.63
6978.23 199.37
6979.55 199.92
6981.69 200.8
6983.22 201.71
6985.32 202.4
6986.63 202.78
6988.62 203.77
6990.3 204.37
6992.49 205.43
6994.2 206.01
6995.79 206.57
6997.61 207.79
6999.03 208.14
7001.05 209.33
7002.75 209.68
7004.45 210.56
7006.17 211.78
7008.42 212.04
7009.69 212.8
7011.68 213.92
7013.58 214.48
7015.06 215.22
7017 215.9
7018.48 217.08
7020.71 217.78
7022.38 218.26
7024.1 219.27
7025.7 220.2
7027.27 220.91
7029 221.78
7030.92 222.68
7032.58 223.44
7034.43 224.15
7036.35 224.67
7038.15 225.9
7039.83 226.72
7041.77 227.04
7043.13 228.01
7045.09 228.86
7046.81 229.61
7048.81 230.4
7050.1 231.28
7052.08 231.91
7053.95 232.66
7055.41 233.81
7057.47 234.81
7059.09 235.16
7061.08 236.13
7062.56 237.08
7064.16 237.99
7066.2 238.92
7067.94 239.54
7069.65 240.24
7071.1 241.08
7073.31 242.03
7074.59 242.93
7076.5 243.61
7078.55 244.26
7079.71 245.28
7081.62 245.96
7083.18 246.96
7085.25 247.59
7086.79 248.62
7088.66 249.32
7090.29 250.09
7091.92 251.09
7093.92 252.26
7095.61 252.8
7097.47 253.93
7098.86 254.67
7100.59 255.22
7102.31 256.37
7104.22 257.1
7105.8 257.8
7107.52 258.69
7109.18 259.63
7110.97 260.74
7112.82 261.54
7114.64 262.44
7116.6 263.12
7118.25 264.2
7119.83 264.76
7121.72 265.56
7123.57 266.69
7125.08 267.38
7126.51 268.42
7128.42 269.05
7130.44 270.28
7132.16 270.75
7133.4 272.01
7135.05 272.87
7137.15 273.64
7138.66 274.27
7140.34 275.4
7141.95 276
7144.04 277.07
7145.63 277.8
7147.1 279.04
7149.24 279.91
7150.69 280.86
7152.3 281.34
7154.02 282.5
7155.9 282.99
7157.58 283.92
7159.28 285.11
7161.13 286.16
7162.9 287.02
7164.53 287.96
7166.2 288.79
7167.74 289.42
7169.58 290.34
7171.33 291.4
7173.18 292.36
7174.65 293.16
7176.64 293.8
7177.98 295
7179.63 295.68
7181.25 297.04
7183.31 297.6
7184.92 298.46
7186.86 299.65
7188.42 300.28
7190.07 301.49
7191.52 302.57
7193.31 303.41
7195.06 304.21
7196.65 305.3
7198.39 305.85
7199.87 307.05
7201.97 307.69
7203.43 308.55
7205.39 309.81
7206.84 310.9
7208.35 311.81
7210.36 312.49
7211.87 313.11
7213.58 314.28
7215.03 315.58
7216.77 315.95
7218.75 316.96
7220.31 318.06
7221.88 319.25
7224.01 320.24
7225.28 321.15
7226.81 321.82
7228.93 323.04
7230.2 323.48
7232.28 324.51
7233.69 325.88
7235.49 326.74
7237.24 327.57
7238.75 328.31
7240.72 329.43
7242.3 330.44
7243.98 331.33
7245.42 332.26
7247.24 333.18
7248.88 334.37
7250.63 335.01
7252.52 336.48
7254 337.48
7255.53 338.13
7257.45 338.86
7258.65 340.35
7260.3 341
7262.18 342.24
7263.79 343.03
7265.83 344.02
7267.5 344.83
7268.98 346.02
7270.56 346.76
7272.48 348.09
7273.81 348.64
7275.24 349.61
7276.99 351.13
7278.84 352.1
7280.79 352.84
7282.43 353.95
7283.74 354.72
7285.19 355.96
7287.23 356.77
7288.48 358.03
7290.31 358.9
7292.08 360.03
7293.74 360.58
7295.09 362.03
7297.21 363.03
7298.67 363.75
7300.48 364.88
7302.25 365.93
7303.39 366.56
7305.09 367.68
7306.7 369.02
7308.53 369.73
7310.13 370.85
7312.11 371.83
7313.67 372.62
7315.36 373.89
7316.66 374.59
7318.59 376.14
7320.14 377.04
7321.59 377.64
7323.5 378.89
7325.03 379.99
7326.8 380.82
7328.43 382.17
7329.88 382.85
7331.23 384.3
7333.28 385.24
7334.76 386.33
7336.48 387.09
7338.26 388.46
7339.46 389.03
7340.97 390.42
7342.91 391.1
7344.27 392.34
7345.98 393.25
7347.71 394.35
7349.31 395.55
7351.23 396.77
7352.72 397.61
7354.45 398.39
7355.74 399.8
7357.35 400.39
7359.34 401.8
7360.46 402.82
7362.09 403.75
7363.74 404.57
7365.77 406.07
7367.11 407.16
7369.07 408.01
7370.67 409.25
7372.07 410.14
7373.66 411.25
7375.07 412.5
7376.97 413.49
7378.55 414.23
7380.17 415.7
7381.84 416.62
7383.07 417.69
7385.1 418.83
7386.76 419.66
7388.11 421.07
7389.99 422.11
7391.42 422.77
7392.76 423.87
7394.29 425.19
7396.4 426.11
7397.51 427.21
7399.44 428.56
7400.94 429.68
7402.79 430.64
7403.83 431.51
7405.64 432.7
7407.04 433.74
7408.7 435.06
7410.3 435.62
7411.88 436.73
7413.79 438.32
7415.52 439.14
7416.86 440.14
7418.56 441.34
7420.06 442.68
7421.55 443.39
7422.99 444.73
7424.97 445.62
7426.54 447.01
7428.24 448.19
7429.59 448.78
7431.2 450.02
7432.66 451.02
7434.42 452.11
7436.12 453.39
7437.46 454.52
7438.98 455.78
7440.48 457.06
7441.94 458.13
7443.67 459.25
7445.36 459.9
7446.93 461.45
7448.36 462.66
7450.2 463.64
7451.46 464.41
7452.92 466.02
7454.59 466.72
7456.09 467.8
7457.74 469.25
7459.46 470.06
7460.86 471.65
7462.39 472.37
7464 473.58
7465.98 474.44
7467.02 476.13
7468.67 477.02
7470.4 478.03
7471.98 479.21
7473.27 480.36
7475.27 481.75
7476.69 482.75
7478.35 483.9
7479.9 484.67
7481.54 486.04
7482.91 487.38
7484.17 488.57
7486.11 489.27
7487.39 490.65
7489.03 491.92
7490.74 493.19
7492.05 494.06
7493.82 495.03
7495.24 496.54
7496.73 497.37
7498.47 498.62
7499.91 499.62
7501.45 500.94
7502.85 502.42
7504.27 503.12
7505.96 504.36
7507.83 505.7
7509.33 507.11
7510.64 508.22
7512.4 509.31
7513.53 510.4
7515.23 511.79
7517.08 512.89
7518.06 514
7519.67 515.2
7521.41 516.33
7523.14 517.13
7524.62 518.72
7526.06 519.53
7527.25 520.85
7529.17 522.11
7530.76 523
7532.29 524.77
7533.49 525.44
7535.4 526.81
7536.47 528.24
7538.21 529.49
7539.48 530.62
7541.32 531.36
7542.49 532.71
7544.18 533.75
7546.06 534.97
7547.44 536.55
7548.64 537.56
7550.33 539.02
7551.71 539.72
7553.17 541.32
7554.79 542.24
7556.15 543.39
7558.02 544.95
7559.49 546.18
7560.61 547.04
7562.56 548.22
7564.15 549.68
7565.29 550.75
7566.67 552.13
7568.63 552.95
7569.72 554.43
7571.49 555.5
7573.14 556.54
7574.23 558.29
7575.88 559.28
7577.27 560.31
7578.87 561.76
7580.58 563
7582.13 564.27
7583.32 565.07
7584.85 566.54
7586.29 567.89
7587.92 569.06
7589.44 570.11
7590.97 571.7
7592.57 572.93
7593.67 573.85
7595.5 575.16
7596.52 576.63
7598.04 577.82
7599.8 578.77
7600.94 580.23
7602.62 581.25
7603.89 582.82
7605.74 583.57
7606.93 585.07
7608.89 586.37
7610.18 587.64
7611.69 588.69
7613.18 589.97
7614.79 591.53
7615.89 592.67
7617.45 593.82
7619 594.74
7620.38 596.47
7622.08 597.27
7623.6 598.51
7624.55 600.14
7626.33 601.47
7627.54 602.26
7629.21 603.91
7630.51 605.23
7632 606.01
7633.5 607.62
7635.21 609.08
7636.5 609.92
7637.91 611.49
7639.43 612.5
7641.11 613.96
7642.37 615.37
7643.97 616.67
7645.49 617.63
7646.64 618.84
7648.1 620.38
7649.41 621.59
7651.25 622.85
7652.59 623.88
7654.15 625.51
7655.59 626.83
7656.92 627.87
7658.07 629.04
7659.69 630.59
7661.11 631.54
7662.3 632.86
7664.07 634.16
7665.23 635.59
7667.06 636.89
7668.61 638.28
7669.93 639.58
7671.16 640.47
7672.79 642.15
7673.89 643.39
7675.27 644.42
7676.67 645.74
7678.6 647.41
7679.63 648.14
7680.99 649.89
7682.85 650.84
7684.13 652.27
7685.64 653.57
7686.67 655
7688.24 656.48
7689.52 657.81
7690.96 658.56
7692.58 659.98
7693.75 661.36
7695.69 663.03
7697.03 664.07
7698.08 665.33
7699.8 666.65
7701.13 667.91
7702.31 669.08
7704.17 670.52
7705.5 671.88
7706.62 673.25
7708.25 674.85
7709.42 676.04
7710.79 676.92
7712.56 678.48
7713.53 679.9
7714.98 681.34
7716.79 682.72
7718.29 684.06
7719.44 685.33
7720.82 686.54
7721.96 687.72
7723.8 689.14
7724.91 690.5
7726.14 691.82
7728.03 693.2
7729.06 694.34
7730.55 695.99
7731.96 697.21
7733.35 698.46
7734.74 699.96
7736.26 700.98
7737.76 702.52
7738.61 703.93
7740.53 705.4
7741.9 706.57
7742.94 707.8
7744.62 709.45
7745.78 710.48
7747.23 711.99
7748.6 713.21
7749.67 714.63
7751.46 716.22
7752.95 717.49
7753.99 718.92
7755.56 720.21
7757.09 721.06
7757.9 722.98
7759.64 724.09
7760.77 725.37
7762.55 726.54
7763.83 728.26
7765.31 729.39
7766.65 730.59
7767.51 732.41
7769.28 733.37
7770.73 735.1
7771.99 736.36
7773.42 737.79
7774.82 739.09
7776.11 740.3
7777.13 741.59
7778.92 743.22
7779.92 744.79
7781.55 745.9
7783.04 747.34
7784.25 748.6
7785.5 749.89
7786.97 751.4
7788.44 752.63
7789.43 753.82
7791.1 755.16
7792.51 756.62
7793.48 758.17
7794.89 759.75
7796.63 760.9
7797.84 762.19
7798.96 763.39
7800.35 764.8
7802.15 766.07
7803.53 767.84
7804.83 769.2
7806.05 770.15
7807.63 771.73
7808.65 773.12
7810.09 774.38
7811.68 776
7812.83 777.25
7814.18 778.37
7815.27 780.2
7816.82 781.63
7818.1 782.89
7819.4 783.9
7821.16 785.21
7822.23 787.07
7823.79 787.92
7825.02 789.61
7826.44 790.81
7827.97 792.25
7829.13 793.69
7830.46 795.28
7831.88 796.19
7833.23 797.72
7834.92 798.85
7836.19 800.66
7837.56 802.04
7838.87 803.4
7840.05 804.81
7841.73 805.82
7843.05 807
7844.22 808.87
7845.27 810.15
7846.77 811.18
7848.5 812.46
7849.53 814.05
7850.85 815.21
7852.48 817.08
7853.61 818.42
7855.17 819.53
7856.23 820.84
7857.57 822.3
7859.35 823.93
7860.49 824.94
7861.78 826.57
7863.55 827.54
7864.5 828.82
7865.74 830.62
7867.1 831.82
7868.99 833.05
7870.34 834.85
7871.4 835.74
7873.03 837.25
7874.35 838.47
7875.32 840.09
7876.79 841.6
7878.52 842.69
7879.91 844.05
7881.14 845.63
7882.25 846.55
7883.65 848.27
7884.89 849.49
7886.2 850.71
7887.64 852.24
7889.06 853.76
7890.77 854.83
7892.04 856.1
7893.35 857.88
7894.72 859.16
7896.03 860.44
7897.42 861.79
7898.72 863.43
7900.11 864.53
7901.7 865.75
7903.08 867.54
7904.41 868.95
7905.73 870.16
7906.89 871.58
7908.5 872.75
7909.78 874.38
7911.22 875.59
7912.46 877.01
7913.49 878.49
7914.85 879.65
7916.55 881
7918.02 882.45
7918.97 883.74
7920.53 885.22
7921.82 886.53
7923.05 887.96
7924.49 889.34
7926.08 890.69
7927.57 891.95
7928.99 893.11
7930.25 894.36
7931.4 895.95
7932.98 897.14
7934.04 898.72
7935.3 900.19
7936.86 901.14
7938.45 902.49
7939.54 904.19
7940.99 905.51
7942.11 906.99
7943.77 908.28
7945.11 909.79
7946.73 910.99
7947.9 912.08
7948.93 913.66
7950.74 914.86
7951.78 916.23
7953.06 917.72
7954.57 919.14
7956.02 920.58
7957.15 922.02
7958.69 923.52
7960.07 924.35
7961.56 925.84
7962.81 927.05
7964.17 928.84
7965.68 930.01
7966.9 931.41
7968.28 932.84
7969.91 934.44
7971.21 935.35
7972.54 937.01
7973.66 938.29
7975.44 939.6
7976.78 940.96
7977.86 942.1
7979.15 943.8
7980.61 945.13
7981.71 946.25
7983.64 947.81
7984.73 949.01
7986.06 950.43
7987.45 952.06
7988.6 953.13
7990.27 954.64
7991.41 956.14
7993.14 957.47
7994.41 958.79
7995.39 959.87
7997.1 961.31
7998.2 963.06
7999.72 964.23
8001.05 965.61
8002.57 966.81
8003.52 968.51
8005.25 969.89
8006.56 971.07
8008.02 972.61
8009.21 973.51
8010.34 975.27
8012.04 976.26
8013.63 978.11
8014.79 979.34
8015.92 980.67
8017.55 981.63
8018.97 983.27
8020.13 984.49
8021.27 985.78
8023.1 987.39
8024 988.84
8025.8 990.02
8026.77 991.34
8028.44 992.65
8029.78 994.08
8031.2 995.43
8032.7 996.85
8033.74 998.5
8034.96 999.89
8036.53 1001.1
8037.79 1002.62
8039.19 1003.65
8040.41 1004.83
8042.03 1006.6
8043.61 1007.75
8044.84 1009.12
8046.13 1010.54
8047.27 1011.81
8049.09 1013.49
8049.91 1014.42
8051.81 1016.14
8052.65 1017.47
8054.06 1018.69
8055.72 1020.04
8057.2 1021.65
8058.24 1022.7
8059.82 1023.94
8061.16 1025.85
8062.59 1027.13
8063.75 1028.07
8065.08 1029.65
8066.63 1031
8067.87 1032.15
8069.04 1033.51
8070.86 1034.96
8071.86 1036.24
8073.24 1037.74
8074.52 1039.48
8076.23 1040.67
8077.74 1041.9
8078.62 1043.23
8080.03 1044.42
8081.65 1045.88
8083.09 1047.22
8084.48 1048.49
8085.79 1049.86
8087.2 1051.57
8088.55 1053.14
8090.07 1054.15
8091.15 1055.31
8092.74 1057.12
8093.97 1058.44
8095.52 1059.67
8096.37 1060.95
8098.12 1062.13
8099.15 1063.81
8100.93 1065.07
8102.22 1066.23
8103.48 1067.82
8104.94 1069.53
8106.04 1070.41
8107.49 1071.69
8109.1 1073.21
8110 1074.95
8111.44 1076.25
8113.13 1077.33
8114.43 1078.82
8115.83 1080.1
8117.16 1081.26
8118.32 1082.93
8119.71 1084.51
8121.1 1085.54
8122.59 1086.91
8123.66 1088.08
8125.38 1089.71
8126.7 1091.26
8127.84 1092.42
8129.53 1094.04
8130.95 1095.07
8132.19 1096.45
8133.23 1098.02
8134.73 1099.34
8136.44 1100.82
8137.57 1102.01
8138.73 1103.57
8139.97 1104.83
8141.45 1106.16
8143.28 1107.68
8144.08 1108.91
8145.84 1110.36
8147.32 1111.65
8148.27 1113.14
8149.77 1114.23
8151.21 1115.53
8152.42 1116.84
8154.08 1118.11
8155.03 1119.69
8156.33 1120.81
8157.95 1122.46
8159.48 1123.57
8160.81 1125.04
8162.38 1126.8
8163.34 1127.91
8164.54 1129.53
8166.14 1130.72
8167.44 1132.04
8169.02 1133.29
8170.35 1134.65
8171.83 1136.32
8172.75 1137.75
8174.25 1138.73
8175.91 1139.97
8176.9 1141.74
8178.62 1142.96
8179.89 1144.08
8181.2 1145.9
8182.84 1146.94
8183.92 1148.36
8185.05 1149.85
8186.43 1151.14
8187.94 1152.22
8189.3 1153.79
8190.52 1155.5
8191.9 1156.79
8193.71 1158.03
8194.86 1159.19
8196.22 1160.95
8197.68 1162.24
8198.85 1163.65
8200.3 1164.94
8201.88 1165.87
8202.82 1167.24
8204.19 1169.05
8205.58 1170.07
8206.98 1171.38
8208.31 1172.66
8209.59 1174.48
8211.15 1175.82
8212.32 1177.03
8214.17 1178.15
8215.25 1179.94
8216.56 1181.04
8218.19 1182.55
8219.61 1183.83
8220.47 1185.08
8222.2 1186.42
8223.57 1187.84
8224.56 1189.39
8226.01 1190.44
8227.86 1191.85
8229.11 1193.35
8230.2 1195.04
8231.49 1195.85
8232.88 1197.72
8234.54 1198.58
8235.65 1199.98
8237.38 1201.89
8238.48 1202.98
8239.66 1204.48
8241.1 1205.69
8242.3 1206.96
8243.86 1208.42
8245.57 1209.66
8246.56 1211.36
8248.29 1212.77
8249.66 1213.75
8250.86 1215.25
8252.25 1216.53
8253.29 1218.16
8254.95 1219.52
8256.38 1220.85
8257.68 1221.93
8258.69 1223.19
8260.45 1224.71
8261.8 1226.02
8262.81 1227.48
8264.38 1228.98
8265.94 1230.47
8267.1 1231.42
8268.29 1233.14
8269.67 1234.25
8271.01 1235.95
8272.7 1236.79
8273.72 1238.4
8275.2 1239.83
8276.4 1240.94
8278.2 1242.27
8279.24 1243.98
8280.97 1245.14
8281.96 1246.53
8283.7 1248.05
8284.91 1249.18
8286.08 1250.98
8287.62 1251.79
8288.78 1253.43
8290.59 1255.01
8291.84 1256.06
8293.31 1257.62
8294.22 1258.61
8295.65 1260.15
8297.41 1261.45
8298.4 1262.87
8300.07 1264.19
8300.98 1265.99
8302.36 1266.96
8304.11 1268.44
8305.54 1270.08
8306.66 1271.31
8308.06 1272.53
8309.32 1273.97
8310.6 1275.04
8312.18 1276.63
8313.73 1278
8315.01 1279.56
8316.38 1280.79
8317.39 1282.23
8318.82 1283.7
8320.34 1284.55
8321.78 1286.24
8323.22 1287.65
8324.57 1288.93
8325.93 1290.26
8327.41 1291.7
8328.68 1292.73
8329.96 1294.14
8331.31 1295.75
8332.77 1297.21
8333.71 1298.74
8335.25 1299.55
8336.67 1301.07
8338.28 1302.28
8339.28 1303.66
8340.6 1305.09
8342.17 1306.84
8343.29 1308.1
8345.11 1309.27
8346.48 1310.85
8347.49 1312.25
8349.05 1313.71
8350.65 1314.61
8351.56 1316.34
8353.13 1317.41
8354.46 1318.75
8355.97 1320.55
8357.07 1321.76
8358.69 1323.28
8360.19 1324.38
8361.12 1325.69
8362.47 1326.92
8364.19 1328.64
8365.44 1329.92
8366.8 1331.21
8368.27 1332.32
8369.77 1334.19
8370.89 1335.37
8372.41 1336.56
8373.3 1337.96
8375.08 1339.22
8376.35 1340.89
8377.54 1341.99
8379.26 1343.71
8380.5 1344.99
8382.01 1346.39
8383.17 1347.6
8384.44 1349.09
8386.08 1350.11
8386.94 1351.49
8388.66 1353.27
8390.06 1354.61
8391.31 1355.97
8392.58 1357.08
8393.84 1358.47
8395.1 1360.06
8396.52 1360.96
8397.9 1362.61
8399.35 1363.72
8400.96 1365.39
8401.93 1366.61
8403.82 1368.26
8405.21 1369.55
8406.3 1370.62
8407.86 1372.21
8409.05 1373.59
8410.66 1374.72
8411.92 1376.19
8413.37 1377.57
8414.78 1379.04
8416.11 1380.2
8416.98 1381.79
8418.73 1382.95
8420.03 1384.46
8421.29 1385.49
8422.56 1387.16
8424.32 1388.4
8425.51 1389.67
8426.75 1391.16
8427.94 1392.77
8429.28 1394.18
8430.73 1395.46
8432.18 1396.5
8433.85 1398.19
8435.21 1399.57
8436.62 1400.64
8437.67 1402.31
8439.05 1403.32
8440.48 1405.06
8441.5 1406.42
8443.16 1407.67
8444.58 1409.02
8445.78 1410.07
8447.27 1411.55
8448.47 1412.94
8450.04 1414.22
8451.14 1415.84
8452.81 1417.28
8454.11 1418.49
8455.21 1419.99
8456.78 1421.55
8458 1422.48
8459.77 1423.8
8461.03 1425.56
8462.23 1426.92
8463.71 1428.35
8464.85 1429.43
8466.09 1430.66
8467.79 1432.12
8468.94 1433.55
8470.36 1434.84
8471.92 1436.53
8473.41 1437.49
8474.3 1438.9
8475.9 1440.12
8477.46 1441.76
8478.59 1442.83
8480.23 1444.64
8481.13 1445.86
8482.88 1447.22
8483.86 1448.27
8485.5 1449.8
8487.07 1451.46
8488.18 1452.49
8489.51 1454.22
8490.87 1455.16
8492.46 1456.95
8493.78 1458.23
8495.04 1459.24
8496.47 1460.82
8497.67 1462.07
8498.97 1463.8
8500.63 1464.83
8502.08 1466.05
8503.39 1467.71
8504.54 1469.28
8505.98 1470.37
8507.42 1471.59
8508.9 1473.29
8509.83 1474.51
8511.32 1475.97
8512.56 1477.07
8514.38 1478.38
8515.73 1479.78
8516.6 1481.12
8518.09 1482.73
8519.76 1483.76
8521.05 1485.68
8522.49 1486.71
8523.49 1488.09
8524.78 1489.34
8526.24 1491.1
8528.02 1491.98
8528.92 1493.76
8530.3 1494.89
8532.06 1496.35
8533.18 1497.44
8534.58 1499.04
8535.86 1500.7
8537.13 1501.84
8538.92 1503.09
8539.76 1504.79
8541.57 1505.9
8542.48 1507.36
8544.21 1508.32
8545.31 1509.67
8546.9 1511.57
8547.95 1512.68
8549.8 1514.04
8551.1 1515.36
8552.42 1516.72
8553.52 1518.13
8554.79 1519.47
8556.57 1520.95
8557.8 1522.32
8559.36 1523.51
8560.54 1524.92
8561.96 1526.03
8563.1 1527.59
8564.47 1528.91
8566.18 1530.57
8567.61 1531.71
8568.54 1533.38
8570.13 1534.42
8571.65 1536.1
8572.8 1537.31
8574.39 1538.39
8575.51 1539.71
8576.97 1541.1
8578.3 1542.55
8579.73 1544.26
8580.68 1545.7
8582.28 1546.68
8583.87 1547.92
8584.89 1549.48
8586.28 1550.85
8587.84 1552.15
8589.09 1553.65
8590.3 1555.03
8591.68 1556.37
8593.19 1557.85
8594.34 1559.03
8596.19 1560.19
8597.56 1561.78
8598.41 1562.96
8600.27 1564.25
8601.53 1565.75
8602.65 1566.96
8603.93 1568.58
8605.66 1570.12
8606.91 1571.58
8608.02 1572.99
8609.53 1573.95
8610.7 1575.66
8612.45 1576.95
8613.86 1578.15
8614.9 1579.42
8616.24 1580.98
8617.87 1582.55
8619.04 1583.55
8620.6 1585.15
8622.02 1586.1
8622.98 1588.02
8624.46 1589.06
8625.84 1590.58
8627.5 1591.68
8628.81 1593.28
8630.37 1594.32
8631.35 1595.84
8633.06 1597.41
8633.93 1598.52
8635.56 1600.09
8636.64 1601.62
8638.51 1602.83
8639.33 1604.36
8641.23 1605.36
8642.38 1606.91
8643.71 1608.35
8645.23 1609.77
8646.72 1610.68
8647.6 1612.13
8649.44 1613.72
8650.26 1615.14
8651.64 1616.57
8653.15 1618.03
8654.54 1619.3
8656.26 1620.37
8657.51 1621.83
8658.8 1623.22
8660.35 1624.27
8661.52 1626.17
8662.8 1627.53
8664.48 1628.52
8665.6 1629.83
8666.88 1631.35
8668.47 1632.67
8669.42 1634.13
8671.23 1635.63
8672.49 1637.07
8673.51 1637.99
8674.96 1639.56
8676.74 1640.69
8677.58 1642.52
8679.34 1643.95
8680.8 1644.91
8682.18 1646.42
8683.19 1648.04
8684.53 1649.33
8686.12 1650.32
8687.5 1651.77
8688.61 1653.32
8690.02 1654.67
8691.42 1656.23
8692.68 1657.22
8694.13 1658.55
8695.77 1660.1
8696.65 1661.38
8698.24 1662.73
8699.84 1664.04
8701.3 1665.44
8702.69 1666.78
8703.53 1668.39
8705.28 1669.84
8706.54 1670.91
8708.05 1672.08
8709.16 1673.75
8710.66 1675.14
8711.91 1676.19
8713.18 1678.03
8714.57 1679.19
8716.22 1680.64
8717.25 1682.12
8718.69 1683.5
8719.87 1684.8
8721.73 1685.81
8722.58 1687.36
8724.38 1688.94
8725.85 1690.05
8727.03 1691.61
8728.38 1692.81
8729.9 1694.13
8731 1695.79
8732.52 1696.99
8733.94 1698.24
8735.4 1699.56
8736.22 1701.18
8737.76 1702.16
8739.49 1703.87
8740.33 1704.76
8742.07 1706.38
8743.19 1708.03
8744.76 1709.11
8746.27 1710.51
8747.28 1711.77
8748.6 1713.41
8750.33 1714.69
8751.29 1716.07
8752.71 1717.11
8754.01 1718.46
8755.74 1720.25
8756.94 1721.35
8758.28 1723.03
8759.48 1723.96
8760.89 1725.25
8762.49 1726.61
8763.49 1728.3
8765.12 1729.55
8766.31 1730.78
8767.84 1732.41
8769.1 1733.43
8770.59 1735.25
8771.81 1736.17
8773.37 1737.54
8774.74 1738.94
8776.16 1740.82
8777.18 1741.73
8779 1743.09
8779.9 1744.47
8781.78 1746
8782.79 1747.5
8784.37 1748.78
8785.84 1750.16
8786.88 1751.24
8788.55 1752.87
8789.78 1754.09
8790.86 1755.55
8792.24 1756.69
8794 1758.18
8795.31 1759.43
8796.4 1760.96
8797.63 1762.62
8799.37 1763.83
8800.84 1765.19
8802.17 1766.53
8803.17 1767.68
8804.93 1769.35
8806.26 1770.76
8807.49 1771.92
8808.84 1773.4
8810.06 1774.73
8811.84 1776.18
8812.65 1777.31
8814.18 1778.44
8815.84 1780.3
8816.99 1781.2
8818.22 1783.04
8820.03 1783.96
8820.95 1785.78
8822.45 1787.21
8823.76 1788.31
8825.23 1789.66
8826.33 1790.89
8827.64 1792.5
8829.36 1794.01
8830.72 1794.87
8832.29 1796.59
8833.35 1798.05
8834.81 1798.91
8836.39 1800.38
8837.59 1802.22
8839.07 1803.13
8840.04 1804.84
8841.42 1805.8
8842.75 1807.14
8844.13 1808.85
8845.35 1809.82
8847.25 1811.31
8848.13 1812.92
8849.92 1813.92
8850.98 1815.65
8852.43 1817.18
8853.86 1818.17
8855.03 1819.56
8856.52 1821.2
8858 1822.51
8859.52 1823.52
8860.58 1825.12
8861.91 1826.55
8863.5 1828.11
8864.63 1829.45
8866.14 1830.81
8867.36 1831.82
8869.1 1833.56
8869.95 1834.67
8871.74 1835.95
8873.11 1837.37
8874.27 1838.49
8875.96 1840.43
8876.77 1841.28
8878.45 1842.84
8879.74 1844.49
8881.42 1845.42
8882.37 1846.76
8884.14 1848.48
8884.95 1849.71
8886.72 1851.1
8887.87 1852.21
8889.29 1853.81
8890.51 1855.31
8891.81 1856.35
8893.12 1857.78
8894.99 1859.3
8896.14 1860.54
8897.39 1861.67
8898.92 1863.43
8900.18 1864.57
8901.56 1865.98
8903.18 1867.45
8904.21 1868.71
8905.87 1870.43
8906.99 1871.33
8908.13 1872.88
8909.77 1874.45
8910.9 1875.39
8912.75 1876.98
8914.06 1878.1
8915.42 1879.74
8916.83 1881.28
8918.26 1882.44
8919.14 1883.75
8920.79 1885.24
8922.3 1886.34
8923.28 1887.81
8924.73 1889.5
8925.94 1890.88
8927.65 1891.97
8928.84 1893.25
8930.07 1894.84
8931.75 1896.29
8933.23 1897.69
8934.55 1898.91
8935.55 1900.34
8937.15 1901.56
8938.31 1902.64
8939.93 1904.01
8941.36 1905.53
8942.26 1907.17
8944.18 1908.4
8945.31 1909.43
8946.66 1911.16
8948.14 1912.68
8949.57 1913.66
8950.56 1914.98
8952.31 1916.75
8953.37 1918.16
8954.78 1919.19
8956.28 1920.48
8957.58 1922.15
8958.71 1923.13
8960.38 1924.64
8961.67 1925.82
8963.23 1927.42
8964.51 1928.96
8965.49 1929.91
8967.03 1931.81
8968.18 1932.96
8970.1 1934.19
8971.08 1935.37
8972.63 1937.31
8973.85 1938.52
8974.98 1939.82
8976.62 1940.82
8978.11 1942.45
8979.57 1944.08
8980.6 1944.91
8981.99 1946.63
8983.23 1948.15
8984.74 1949.21
8986.41 1950.39
8987.45 1952.15
8988.72 1953.29
8990.46 1954.86
8991.86 1955.86
8993.1 1957.31
8994.36 1959.05
8995.57 1960.19
8997.29 1961.46
8998.46 1962.95
9000.13 1964.4
9000.98 1965.62
9002.42 1967.16
9003.88 1968.23
9005.38 1969.72
9006.94 1970.87
9008.05 1972.47
9009.26 1974.07
9010.54 1975.41
9011.98 1976.88
9013.61 1978.18
9014.98 1979.06
9016.28 1980.85
9017.64 1981.92
9018.74 1983.19
9020.36 1984.65
9021.85 1985.97
9023.23 1987.73
9024.09 1989.16
9025.9 1989.96
9027.06 1991.37
9028.63 1992.91
9029.95 1994.57
9030.92 1995.66
9032.59 1996.92
9033.74 1998.55
9035.6 2000.03
9036.85 2000.94
9038.19 2002.71
9039.36 2003.98
9040.47 2005.12
9041.85 2006.46
9043.61 2007.85
9044.9 2009.11
9046.06 2010.91
9047.84 2012.06
9048.84 2013.43
9050.03 2014.71
9051.69 2016.31
9052.96 2017.34
9054.56 2018.96
9055.87 2020.07
9057.4 2021.74
9058.77 2022.96
9059.92 2024.44
9061.49 2025.96
9062.77 2026.85
9064.22 2028.15
9065.22 2029.65
9066.43 2031.17
9068.12 2032.24
9069.71 2034.12
9070.58 2034.97
9072.28 2036.53
9073.8 2038.03
9075.03 2039.23
9076.06 2040.92
9077.75 2042.01
9079.12 2043.57
9080.59 2044.62
9081.4 2046.15
9082.9 2047.44
9084.34 2049.07
9085.87 2050.12
9086.88 2051.5
9088.27 2052.99
9089.65 2054.37
9091.09 2055.55
9092.6 2057.33
9093.88 2058.51
9095.54 2059.77
9096.66 2061.12
9097.78 2062.51
9099.58 2063.71
9100.99 2065.05
9102.26 2066.8
9103.63 2068.03
9105 2069.15
9106.06 2070.78
9107.36 2072.19
9108.9 2073.57
9110.15 2075.07
9111.64 2076.29
9113.25 2077.84
9114.72 2079.11
9115.99 2080.52
9117.16 2081.91
9118.73 2082.96
9119.82 2084.64
9121.04 2085.63
9122.71 2086.98
9123.86 2088.71
9125.46 2089.78
9126.54 2091.3
9128.26 2092.41
9129.71 2094
9131.07 2095.11
9131.92 2096.4
9133.46 2097.75
9135.13 2099.55
9136.21 2100.92
9137.75 2102.15
9138.8 2103.33
9140.08 2104.86
9141.6 2105.98
9143.04 2107.52
9144.4 2109.13
9145.72 2110.53
9146.97 2111.36
9148.72 2113.07
9150.19 2114.55
9151.55 2115.98
9152.77 2117.17
9153.98 2118.42
9155.4 2119.56
9156.73 2121.24
9157.97 2122.81
9159.51 2123.95
9161.05 2125.5
9162.29 2126.75
9163.71 2128.27
9164.65 2129.41
9166.36 2130.99
9167.49 2132.4
9169.21 2133.63
9170.22 2135.04
9171.91 2136.36
9173.24 2137.61
9174.41 2138.94
9175.71 2140.6
9177.11 2141.67
9178.78 2143.12
9179.78 2144.55
9181.23 2146.04
9182.9 2147.28
9184.04 2148.42
9185.61 2150.01
9186.99 2151.01
9188.05 2152.47
9189.39 2153.65
9190.85 2155.1
9192 2156.6
9193.33 2158.13
9195.02 2159.59
9196.6 2160.53
9197.94 2162.28
9199.1 2163.5
9200.59 2164.67
9201.65 2166.34
9203.19 2167.52
9204.45 2169.2
9205.64 2170.07
9207.24 2171.86
9208.33 2173.21
9209.69 2174.41
9211.28 2175.94
9212.9 2176.99
9213.93 2178.53
9215.25 2180.13
9216.48 2181.3
9217.87 2182.56
9219.21 2183.97
9221 2185.26
9222.41 2186.52
9223.73 2188.04
9224.87 2189.42
9226.4 2190.84
9227.93 2191.97
9229.23 2193.43
9230.63 2194.72
9232.07 2196.33
9232.96 2197.54
9234.29 2199.18
9236.07 2200.17
9236.97 2201.46
9238.81 2203.06
9239.83 2204.54
9241.57 2206.08
9242.85 2207.17
9244.19 2208.68
9245.43 2209.73
9246.57 2211.32
9248.04 2212.66
9249.69 2214.11
9250.96 2215.2
9252.32 2216.87
9253.68 2217.91
9255.01 2219.27
9256.23 2220.64
9257.47 2221.88
9259.24 2223.39
9260.72 2225.02
9261.83 2226.37
9262.87 2227.35
9264.26 2229.09
9265.7 2230.29
9267.48 2231.51
9268.35 2233.33
9269.74 2234.67
9271.43 2235.73
9272.87 2236.95
9273.84 2238.48
9275.42 2240.05
9276.52 2241.19
9278.16 2242.83
9279.36 2243.81
9281.1 2245.27
9282.31 2247.02
9283.79 2247.99
9284.82 2249.46
9286.17 2250.62
9287.54 2252.34
9289.16 2253.73
9290.69 2254.66
9292 2256.24
9293.03 2257.46
9294.25 2259.02
9295.64 2260.18
9297.12 2261.93
9298.86 2262.96
9300.11 2264.23
9301.35 2265.88
9302.79 2267.3
9304.02 2268.3
9305.38 2269.84
9306.53 2271
9308.09 2272.79
9309.57 2273.78
9310.69 2275.53
9312.08 2276.73
9313.43 2278.31
9315.2 2279.68
9316.55 2281.06
9317.49 2282.24
9319.1 2283.52
9320.41 2285.2
9321.57 2286.43
9323.11 2287.46
9324.83 2289.18
9325.95 2290.42
9327.56 2291.47
9328.65 2292.89
9329.78 2294.34
9331.28 2295.58
9333.05 2297.49
9334.01 2298.41
9335.75 2299.91
9336.77 2301.04
9338.12 2302.51
9339.8 2303.89
9340.85 2305.63
9342.3 2306.68
9343.76 2308.13
9345.03 2309.72
9346.28 2311.08
9347.78 2312.42
9349.25 2313.41
9350.77 2314.73
9351.93 2316.38
9353.46 2317.5
9354.45 2319.12
9355.79 2320.41
9357.14 2321.79
9358.41 2323.28
9360.05 2324.44
9361.44 2326.02
9362.52 2327.07
9364.06 2328.35
9365.34 2330.16
9366.68 2331.09
9368.01 2332.73
9369.64 2334.18
9371.11 2335.48
9372.05 2336.58
9373.88 2338.1
9374.81 2339.62
9376.15 2340.74
9377.95 2342.08
9378.92 2343.43
9380.5 2344.8
9382.05 2346.51
9383.07 2347.92
9384.42 2349.31
9385.88 2350.72
9387.61 2351.85
9388.62 2353.25
9390.3 2354.55
9391.2 2355.97
9392.61 2357.32
9393.86 2358.6
9395.21 2360.21
9396.92 2361.63
9398.42 2362.57
9399.88 2363.87
9400.71 2365.31
9402.08 2366.52
9403.92 2367.88
9405.15 2369.44
9406.58 2370.69
9407.7 2372.31
9409.34 2373.4
9410.49 2375.22
9412.14 2376.63
9412.96 2377.71
9414.53 2379.13
9415.95 2380.64
9417.32 2382.01
9418.59 2383.08
9420.16 2384.64
9421.23 2385.97
9422.81 2387
9424.07 2388.58
9425.69 2390.17
9426.91 2391.08
9428.03 2392.82
9429.71 2394.19
9430.82 2395.2
9432.48 2396.9
9433.59 2397.99
9434.86 2399.57
9436.16 2400.77
9437.89 2402.39
9438.99 2403.89
9440.52 2405.29
9442.03 2406.47
9443.1 2407.67
9444.84 2408.86
9445.88 2410.37
9447.15 2411.67
9448.82 2413.01
9450.34 2414.6
9451.24 2415.96
9452.77 2417.4
9454.02 2418.81
9455.44 2420.04
9456.62 2421.42
9458.23 2422.51
9459.34 2423.83
9461.02 2425.3
9462.23 2426.59
9463.9 2428.28
9465.02 2429.48
9466.46 2430.8
9467.89 2432.14
9469.14 2433.66
9470.61 2435.14
9471.89 2436.19
9473.33 2437.46
9474.86 2438.93
9475.95 2440.59
9477.67 2442.14
9478.92 2442.99
9480.15 2444.78
9481.56 2446.07
9482.57 2447.25
9484.06 2448.43
9485.69 2450.03
9487.07 2451.23
9488.12 2452.54
9489.79 2454.39
9491.01 2455.43
9492.27 2456.8
9494.01 2458.42
9495.02 2459.82
9496.3 2461.02
9497.77 2462.04
9499.43 2463.45
9500.27 2465
9502.03 2466.3
9503.17 2467.53
9504.52 2469.04
9505.91 2470.32
9507.58 2472.02
9508.86 2473.51
9509.97 2474.48
9511.26 2475.68
9513.05 2477.22
9514.23 2478.87
9515.69 2480.19
9517.23 2481.48
9518.11 2482.8
9519.45 2483.98
9521.23 2485.42
9522.36 2486.88
9523.48 2487.99
9525.09 2489.81
9526.66 2491.15
9527.97 2492.1
9529.41 2493.87
9530.71 2494.98
9531.78 2496.36
9533.16 2498.06
9534.62 2499.38
9535.92 2500.41
9537.31 2501.73
9539.05 2503.33
9540.36 2504.7
9541.4 2506.21
9543.14 2507.12
9544.33 2508.62
9545.31 2509.82
9547.06 2511.69
9548.22 2512.87
9549.68 2514.03
9550.81 2515.26
9552.29 2516.82
9553.75 2518.55
9554.87 2519.4
9556.59 2520.94
9557.63 2522.27
9559.37 2523.72
9560.58 2524.99
9561.89 2526.31
9563.49 2528.07
9564.52 2529.37
9565.92 2530.79
9567.14 2531.95
9568.89 2533.52
9569.96 2534.87
9571.35 2535.94
9573.18 2537.22
9574.52 2538.92
9575.5 2540.34
9576.97 2541.27
9578.06 2543.1
9579.77 2544.1
9581.32 2545.42
9582.59 2546.93
9583.63 2548.43
9584.91 2549.73
9586.26 2551.01
9587.72 2552.06
9589.18 2553.82
9590.82 2554.97
9591.92 2556.21
9593.61 2558.03
9594.86 2559.15
9595.96 2560.46
9597.73 2561.83
9598.95 2563.05
9599.88 2564.36
9601.58 2566.1
9602.85 2567.43
9604.16 2568.51
9605.83 2570.15
9606.98 2571.63
9608.26 2573
9609.75 2574.2
9611.09 2575.69
9612.72 2577.2
9614.06 2578.4
9614.88 2579.49
9616.55 2580.92
9617.89 2582.23
9619.39 2583.89
9620.73 2585.08
9622.07 2586.33
9623.34 2588.1
9624.52 2588.94
9626.27 2590.8
9627.7 2592.11
9628.96 2593.11
9630.06 2594.5
9631.3 2596.04
9632.72 2597.17
9634.51 2598.66
9635.83 2600.3
9636.95 2601.36
9638.36 2602.92
9639.55 2603.98
9640.91 2605.35
9642.34 2607.02
9643.99 2608.4
9645.27 2609.41
9646.62 2610.81
9647.74 2612.25
9649.27 2614
9650.69 2615.41
9651.73 2616.44
9653.42 2618.13
9654.62 2618.97
9655.93 2620.73
9657.24 2621.74
9659.01 2623.15
9660.46 2624.55
9661.39 2625.93
9663.07 2627.51
9664.59 2629.03
9665.5 2629.93
9667.19 2631.48
9668.37 2632.97
9669.95 2634.42
9671.32 2635.87
9672.49 2636.99
9673.79 2638.16
9675 2639.7
9676.51 2640.95
9678.04 2642.21
9679.44 2643.83
9680.74 2644.86
9681.79 2646.55
9683.3 2648.09
9684.65 2649.19
9686.34 2650.86
9687.5 2652.2
9689.14 2653.08
9690.03 2654.93
9691.87 2656.3
9692.87 2657.22
9694.42 2658.58
9695.61 2659.93
9696.85 2661.29
9698.2 2662.91
9699.73 2664.39
9701.36 2665.33
9702.36 2666.69
9703.63 2668.45
9705.31 2669.49
9706.89 2671.33
9707.87 2672.3
9709.26 2673.65
9710.69 2674.9
9712.29 2676.44
9713.4 2678.15
9714.78 2679.06
9716.19 2680.67
9717.73 2682.27
9718.69 2683.05
9720.5 2684.67
9721.72 2686.32
9722.9 2687.15
9724.1 2688.87
9725.84 2690.19
9727.25 2691.3
9728.33 2693.07
9729.99 2694.3
9731.4 2695.63
9732.66 2697.01
9733.75 2698.26
9735.52 2699.89
9736.73 2700.88
9737.83 2702.46
9739.6 2703.72
9740.83 2705.45
9741.88 2706.56
9743.52 2708.18
9744.88 2709.13
9746.33 2710.93
9747.58 2711.94
9749.1 2713.65
9750.09 2714.59
9751.47 2715.81
9753.03 2717.2
9754.18 2718.53
9755.82 2720.37
9757.3 2721.3
9758.26 2723.16
9759.53 2724.33
9761.32 2725.86
9762.41 2726.74
9763.94 2728.62
9765.27 2729.61
9766.5 2730.86
9768.12 2732.44
9769.22 2733.86
9770.62 2735.04
9771.8 2736.4
9773.68 2737.98
9774.81 2739.35
9775.93 2740.68
9777.29 2742.13
9778.88 2743.53
9780.31 2744.72
9781.73 2746.03
9783.22 2747.29
9784.11 2748.71
9785.83 2750.05
9787.02 2751.66
9788.24 2752.83
9790.01 2754.37
9791.03 2755.48
9792.75 2756.96
9794.1 2758.45
9795.07 2759.89
9796.64 2761.2
9798.26 2762.19
9799.58 2763.65
9800.97 2765.16
9801.92 2766.71
9803.36 2767.65
9804.85 2769.49
9806.01 2770.78
9807.32 2772.08
9809.12 2773.69
9810.58 2775
9811.91 2775.83
9812.73 2777.46
9814.42 2778.85
9815.91 2780.44
9817.38 2781.32
9818.54 2783.11
9820.03 2784.34
9821.06 2785.8
9822.51 2787.26
9824.07 2788.23
9825.16 2789.59
9826.51 2791.07
9828.16 2792.64
9829.23 2793.99
9830.71 2795.46
9832.32 2796.3
9833.54 2797.74
9834.76 2799.28
9836.46 2800.86
9837.53 2801.87
9839.15 2803.55
9840.54 2805.03
9841.58 2806.06
9843.13 2807.62
9844.31 2808.63
9845.89 2810.52
9847.01 2811.35
9848.27 2812.73
9850.11 2814.27
9851.33 2815.87
9852.55 2817.24
9854.19 2818.43
9855.37 2819.57
9856.94 2821.43
9858.15 2822.7
9859.2 2823.98
9860.62 2824.98
9862.15 2826.71
9863.44 2827.82
9864.9 2829.05
9866.51 2830.97
9867.56 2831.94
9868.88 2833.39
9870.53 2834.94
9871.64 2836.46
9872.81 2837.75
9874.25 2838.69
9875.76 2840.2
9877.43 2841.5
9878.21 2843.23
9879.61 2844.29
9881 2845.88
9882.34 2847.04
9884.1 2848.41
9885.58 2849.77
9886.85 2850.95
9887.81 2852.23
9889.16 2853.72
9891.06 2855.16
9891.97 2856.43
9893.35 2858.15
9894.86 2859.09
9896.09 2860.6
9897.38 2862.28
9899.2 2863.61
9900.29 2864.72
9901.91 2866.38
9903.12 2867.4
9904.53 2869.1
9905.9 2870.3
9907.17 2871.84
9908.34 2873.15
9909.74 2874.19
9911.54 2875.9
9912.66 2876.96
9913.89 2878.17
9915.31 2879.97
9917 2881.18
9917.8 2882.56
9919.59 2884.21
9921.07 2885.29
9922.18 2886.86
9923.77 2888.29
9924.96 2889.34
9926.08 2891
9927.72 2892.26
9929.03 2893.72
9930.37 2895.12
9931.46 2896.27
9932.89 2897.75
9934.39 2898.98
9935.94 2900.19
9937.46 2901.41
9938.79 2902.86
9939.7 2904.67
9941.42 2905.57
9942.71 2907.22
9943.86 2908.75
9945.57 2910.11
9946.83 2911.02
9948.03 2912.43
9949.5 2914.13
9950.68 2915.4
9952.26 2916.89
9953.46 2918.17
9954.93 2919.59
9956.11 2920.48
9957.82 2921.87
9958.75 2923.24
9960.4 2924.85
9961.55 2925.91
9963.4 2927.79
9964.55 2928.96
9965.67 2930.22
9967.39 2931.62
9968.6 2933.12
9969.72 2934.16
9971.09 2935.79
9972.61 2937.24
9974.26 2938.61
9975.27 2940.15
9977.05 2941.5
9978.25 2942.71
9979.19 2943.96
9980.87 2945.35
9982.23 2946.9
9983.6 2947.82
9985.16 2949.51
9986.08 2950.95
9987.42 2951.97
9988.78 2953.53
9990.67 2954.93
9991.81 2956.39
9993.1 2957.67
9994.44 2959.18
9995.66 2960.33
9997.13 2961.63
9998.64 2963.03
9999.72 2964.36
10001.46 2965.51
10002.65 2967.39
10003.77 2968.33
10005.64 2970.14
10006.97 2971.4
10008.37 2972.69
10009.2 2973.94
10010.72 2975.08
10012.35 2976.78
10013.4 2978.16
10015.24 2979.39
10016.36 2980.79
10017.68 2982.24
10018.94 2983.51
10020.51 2984.98
10021.64 2986.24
10023.13 2987.62
10024.36 2988.88
10025.61 2990.24
10027.02 2991.94
10028.85 2993.22
10029.88 2994.72
10031.41 2995.87
10032.65 2997.37
10034.32 2998.55
10035.14 3000.13
10036.65 3001.26
10038.1 3002.91
10039.39 3003.87
10040.71 3005.51
10041.97 3006.99
10043.52 3008.33
10044.71 3009.38
10046.05 3010.6
10047.63 3012.42
10049.18 3013.44
10050.65 3014.96
10051.79 3016.43
10053.39 3017.48
10054.48 3019.04
10055.94 3020.6
10057.01 3021.47
10058.62 3022.96
10060.02 3024.16
10061.47 3025.55
10062.83 3027.23
10064.25 3028.45
10065.42 3030.07
10066.82 3031.37
10068.43 3032.42
10069.33 3034.04
10071 3035.28
10072.11 3036.49
10073.4 3038.2
10075.23 3039.55
10076.33 3040.93
10077.81 3041.91
10079.34 3043.44
10080.43 3044.83
10081.97 3046.24
10083.04 3047.55
10084.77 3048.8
10086.14 3050.56
10087.47 3051.75
10088.77 3053.26
10089.89 3054.72
10091.36 3055.68
10092.96 3057.35
10093.88 3058.53
10095.35 3059.92
10096.99 3061.09
10098.22 3062.7
10099.56 3063.99
10100.62 3065.46
10102.06 3067
10103.55 3067.9
10105.26 3069.76
10106.57 3070.58
10107.61 3072.27
10108.89 3073.55
10110.6 3074.85
10111.83 3076.11
10113.06 3077.91
10114.34 3079.12
10116.09 3080.4
10117.31 3081.98
10118.85 3082.86
10119.98 3084.47
10121.35 3085.59
10123.03 3087.2
10124.12 3088.87
10125.3 3090.11
10127 3091.54
10128.01 3092.48
10129.66 3094.01
10130.76 3095.32
10132.36 3096.95
10133.47 3097.88
10134.95 3099.59
10136.49 3101.05
10137.99 3102.29
10138.9 3103.43
10140.55 3104.8
10141.98 3106.53
10143.06 3107.62
10144.41 3109.13
10145.95 3110.28
10147.47 3111.58
10148.9 3113.26
10149.74 3114.25
10151.41 3115.83
10152.54 3117.34
10154.16 3118.41
10155.33 3119.96
10156.64 3121.24
10158.04 3122.66
10159.33 3124.28
10161.17 3125.67
10162.39 3126.59
10163.86 3128.38
10164.87 3129.29
10166.21 3130.6
10167.9 3132.22
10168.9 3133.81
10170.31 3134.8
10171.75 3136.35
10173.16 3137.55
10174.87 3139.32
10175.7 3140.63
10177.04 3141.79
10178.84 3143.41
10180.19 3144.54
10181.37 3145.83
10182.56 3147.3
10184.36 3148.32
10185.31 3149.74
10187.1 3151.35
10187.98 3152.62
10189.73 3153.83
10191.08 3155.67
10192.27 3157.07
10193.78 3158.1
10194.87 3159.82
10196.22 3161.17
10197.55 3162.26
10199.39 3163.9
10200.49 3165.18
10202.04 3166.47
10203.03 3167.71
10204.67 3169.18
10206.26 3170.28
10207.26 3171.94
10208.92 3173.43
10210.25 3174.49
10211.57 3176.03
10212.51 3177.07
10214.19 3178.79
10215.49 3179.87
10217 3181.64
10218.11 3182.81
10219.91 3184.29
10220.7 3185.37
10222.36 3186.92
10223.93 3188.08
10225.14 3189.26
10226.23 3190.9
10228.02 3192.55
10229.4 3193.46
10230.8 3194.83
10232.12 3196.48
10233.36 3197.57
10234.84 3199.23
10236.08 3200.19
10237.28 3202.11
10238.56 3203.19
10240.13 3204.6
10241.52 3206
10242.61 3207.02
10243.96 3208.45
10245.77 3210.23
10247.06 3211.11
10248.4 3212.94
10249.64 3213.84
10250.92 3215.55
10252.1 3216.96
10254.02 3218.49
10254.89 3219.39
10256.28 3220.8
10257.94 3222
10259.06 3223.67
10260.6 3225.31
10262.08 3226.31
10263.29 3227.67
10264.7 3229.29
10266.06 3230.75
10267.53 3231.8
10268.47 3232.94
10270.29 3234.33
10271.29 3235.81
10273.1 3237.48
10274.18 3238.38
10275.8 3240.24
10277.12 3241.62
10278.02 3242.57
10279.43 3243.91
10280.79 3245.69
10282.55 3246.66
10283.69 3248.29
10285.08 3249.29
10286.53 3250.67
10287.66 3252.55
10289.23 3253.47
10290.53 3254.78
10291.92 3256.45
10293.2 3257.67
10294.42 3258.88
10296.05 3260.56
10297.45 3261.87
10298.87 3263.25
10299.9 3264.69
10301.74 3265.67
10303.12 3267.37
10304.04 3268.6
10305.68 3270.13
10306.9 3271.38
10308.1 3272.62
10309.89 3274.31
10311.15 3275.41
10312.35 3276.92
10314.05 3278.21
10315.4 3279.72
10316.59 3280.68
10317.79 3282.43
10319.2 3283.4
10320.6 3285.15
10322.18 3286.7
10323.11 3287.71
10324.61 3288.9
10325.76 3290.4
10327.17 3291.96
10328.51 3292.95
10330.28 3294.62
10331.6 3295.85
10332.74 3297.28
10334.04 3298.84
10335.82 3300.17
10337.15 3301.27
10338.46 3302.97
10339.87 3304.45
10341.05 3305.37
10342.53 3307.12
10343.55 3308.16
10345.26 3309.5
10346.58 3311.19
10347.93 3312.29
10348.97 3313.93
10350.73 3315.12
10352.25 3316.56
10353.61 3318.08
10354.87 3319
10356.24 3320.78
10357.65 3321.63
10358.94 3323.41
10360.33 3324.32
10361.26 3325.93
10362.67 3327.59
10364 3328.48
10365.54 3330.25
10367.13 3331.51
10368.47 3332.81
10369.54 3333.9
10370.9 3335.4
10372.53 3336.83
10373.89 3338.13
10375.21 3339.65
10376.46 3341.25
10378.16 3342.07
10378.95 3343.72
10380.73 3344.89
10381.91 3346.3
10383.37 3347.58
10384.7 3349.2
10386.34 3350.28
10387.38 3352.11
10388.87 3353.56
10390.22 3354.4
10391.38 3355.8
10392.67 3357.32
10394.33 3358.95
10395.66 3359.95
10397.1 3361.6
10398.12 3362.53
10399.79 3364.22
10400.86 3365.52
10402.69 3366.65
10403.55 3368.27
10405.4 3369.64
10406.64 3370.99
10407.98 3372.41
10409.34 3373.8
10410.34 3375.16
10411.89 3376.74
10413.54 3377.96
10414.51 3379.03
10416.03 3380.47
10417.16 3381.83
10418.81 3383.36
10420.03 3384.84
10421.29 3386.15
10422.97 3387.29
10424.03 3388.58
10425.77 3389.87
10426.76 3391.49
10428.14 3392.73
10429.79 3394.05
10431.08 3395.46
10432.2 3396.84
10433.99 3398.56
10435.3 3399.85
10436.58 3400.98
10438.06 3402.53
10439.02 3403.92
10440.62 3405.01
10442.26 3406.38
10443.15 3408.02
10444.58 3409.02
10446.34 3410.28
10447.49 3411.83
10448.85 3413.14
10450.46 3414.77
10451.31 3416.01
10452.74 3417.55
10454.13 3418.62
10455.61 3420.05
10456.8 3421.7
10458.15 3422.62
10459.88 3424.28
10461.24 3425.38
10462.56 3427.06
10463.59 3428.15
10465.32 3429.68
10466.63 3430.87
10467.68 3432.38
10469.52 3433.97
10470.94 3435.25
10471.82 3436.51
10473.19 3438.05
10474.66 3439.09
10476.08 3440.48
10477.26 3442.05
10479.01 3443.27
10479.94 3444.94
10481.33 3446.32
10483.24 3447.45
10484.44 3448.66
10485.53 3450.14
10487.25 3451.39
10488.6 3453.16
10490.07 3454.32
10491.07 3455.71
10492.24 3457.26
10493.62 3458.16
10495.49 3459.46
10496.44 3461.15
10497.93 3462.19
10499.42 3463.85
10500.42 3465.12
10502.05 3466.72
10503.32 3468.17
10504.8 3469.01
10506.43 3470.75
10507.35 3471.76
10509.17 3473.42
10510.18 3474.96
10511.36 3475.93
10513.02 3477.46
10514.58 3478.71
10515.52 3480.13
10517.15 3481.5
10518.6 3483.1
10519.89 3484.42
10521.18 3485.37
10522.57 3487.24
10523.7 3488.16
10525.15 3489.92
10526.6 3491.36
10528.12 3492.2
10529.33 3493.53
10530.95 3495.07
10532.16 3496.61
10533.13 3498.17
10535.09 3499.45
10536.4 3500.72
10537.71 3501.89
10538.65 3503.31
10540.41 3505.02
10541.53 3506.02
10542.74 3507.37
10544.51 3508.78
10545.83 3509.89
10547.27 3511.76
10548.29 3512.94
10549.83 3514.02
10550.92 3515.62
10552.27 3517.16
10553.71 3518.5
10555.05 3519.87
10556.8 3520.88
10558.21 3522.32
10559.6 3523.85
10560.7 3525.23
10562.21 3526.81
10563.35 3528
10564.73 3529.02
10566.29 3530.61
10567.57 3531.82
10569.2 3533.6
10570.45 3534.71
10571.78 3535.94
10572.82 3537.56
10574.09 3538.95
10575.46 3540.34
10576.94 3541.38
10578.55 3543.21
10579.84 3544.33
10581.16 3545.66
10582.69 3546.79
10584.01 3548.61
10585.08 3549.76
10586.56 3550.82
10588.18 3552.33
10589.34 3553.65
10590.8 3555.38
10591.92 3556.78
10593.55 3558
10594.92 3559.07
10596.14 3560.55
10597.73 3562.19
10599.18 3563.17
10600.47 3565.02
10601.87 3565.98
10603.13 3567.68
10604.67 3568.88
10605.48 3570.01
10607.01 3571.71
10608.6 3572.69
10609.86 3574.47
10611.42 3575.56
10612.8 3577.03
10613.98 3578.53
10615.11 3579.97
10616.41 3581.33
10618.14 3582.43
10619.5 3583.87
10620.62 3585.16
10622.04 3586.86
10623.4 3588.07
10625.01 3589.02
10626.34 3590.56
10627.3 3592.03
10628.73 3593.38
10630.11 3594.56
10631.6 3596.21
10632.76 3597.41
10634.58 3598.72
10635.49 3599.98
10637.09 3601.42
10638.65 3603.1
10639.6 3604.36
10641.25 3605.65
10642.65 3607.18
10644.09 3608.6
10645.27 3610.08
10646.94 3611.34
10648.05 3612.64
10649.46 3613.67
10650.91 3614.94
10652.34 3616.4
10653.46 3618.12
10654.94 3619.37
10656.44 3620.69
10657.65 3621.92
10659.04 3623.26
10660.46 3624.65
10661.66 3626.26
10662.86 3627.45
10664.47 3628.72
10665.53 3630.35
10667.17 3631.82
10668.3 3632.76
10669.71 3634.07
10670.94 3635.96
10672.84 3636.9
10674.15 3638.47
10675.29 3640.05
10676.59 3640.91
10677.98 3642.52
10679.25 3643.65
10680.59 3645.49
10681.95 3646.5
10683.57 3647.87
10684.74 3649.4
10686.12 3650.96
10687.9 3651.84
10689.07 3653.73
10690.32 3655.01
10691.64 3656.46
10692.88 3657.32
10694.46 3658.73
10695.95 3660.11
10696.95 3661.6
10698.4 3663.05
10699.73 3664.36
10701.14 3665.52
10702.59 3667.17
10704.18 3668.58
10705.42 3669.59
10706.98 3671.03
10707.88 3672.53
10709.29 3673.62
10710.77 3675.31
10712.34 3676.57
10713.82 3678.18
10715.11 3679.45
10716.17 3680.5
10717.63 3681.85
10718.93 3683.66
10720.19 3684.67
10721.43 3686.08
10722.8 3687.52
10724.51 3688.99
10725.59 3690.42
10727.32 3691.62
10728.39 3692.86
10729.78 3694.25
10731.05 3695.89
10732.73 3697.37
10733.96 3698.75
10735.5 3699.8
10736.81 3701.42
10738 3702.46
10739.39 3703.86
10740.53 3705.03
10742.22 3706.88
10743.64 3708.06
10744.81 3709.18
10746.5 3711
10747.38 3712.14
10748.97 3713.37
10750.53 3715.04
10751.84 3716.07
10753.14 3717.61
10754.47 3719
10755.79 3720.36
10757.3 3721.87
10758.82 3722.76
10759.72 3724.65
10761.36 3725.64
10762.4 3727.13
10764.23 3728.72
10765.43 3730.03
10766.76 3731.46
10768.09 3732.31
10769.61 3733.82
10770.77 3735.52
10772.32 3736.91
10773.78 3737.75
10775.15 3739.52
10776.42 3740.96
10777.53 3742.16
10778.92 3743.32
10780.55 3744.73
10781.45 3746.24
10782.97 3747.36
10784.38 3748.89
10786.12 3750.41
10787.11 3751.44
10788.4 3753.16
10789.71 3754.49
10791.14 3755.79
10792.81 3757.17
10793.95 3758.22
10795.51 3760.01
10796.81 3761.36
10797.86 3762.62
10799.72 3764
10800.68 3765.62
10801.96 3766.82
10803.74 3768.33
10804.9 3769.31
10806.57 3770.55
10807.8 3772.2
10809.02 3773.32
10810.19 3774.67
10811.76 3776.47
10813.16 3777.8
10814.73 3779.16
10815.71 3780.15
10817.05 3781.77
10818.43 3783.1
10819.72 3784.22
10821.6 3785.59
10822.84 3787.1
10823.92 3788.41
10825.49 3789.63
10826.99 3791.25
10827.97 3792.55
10829.37 3794.08
10831.08 3795.08
10832.48 3796.83
10833.55 3798.2
10834.71 3799.21
10836.12 3801.01
10837.98 3802.44
10838.94 3803.46
10840.32 3804.69
10841.91 3806.08
10843.13 3807.91
10844.7 3809.11
10845.8 3810.5
10847.1 3811.98
10848.38 3813.22
10849.71 3814.33
10851.13 3815.61
10852.41 3817.31
10854.05 3818.39
10855.21 3819.67
10856.91 3821.38
10858.35 3822.92
10859.81 3824.2
10860.63 3825.45
10862.06 3826.75
10863.54 3828.07
10864.75 3829.29
10866.09 3830.55
10867.73 3831.92
10869.31 3833.46
10870.56 3834.66
10871.75 3836.17
10873.21 3837.39
10874.45 3838.97
10876.05 3840.18
10877.03 3841.77
10878.48 3842.99
10880.04 3844.51
10881.24 3845.54
10882.91 3847.14
10883.99 3848.27
10885.27 3849.97
10887.08 3851.09
10888.19 3852.68
10889.27 3854.21
10891.11 3855.34
10892.02 3856.57
10893.62 3857.92
10895.24 3859.35
10896.33 3861.13
10897.67 3862.35
10898.87 3863.54
10900.36 3865
10902.07 3866.37
10902.94 3867.49
10904.69 3869.02
10906.16 3870.48
10907.55 3871.84
10908.46 3873.03
10910.13 3874.23
10911.46 3875.67
10912.69 3876.92
10914.2 3878.45
10915.19 3880.15
10916.97 3881.42
10918 3882.94
10919.86 3884.3
10921.18 3885.18
10922.57 3886.64
10923.72 3888.42
10924.82 3889.47
10926.43 3890.71
10927.68 3892.15
10928.99 3893.48
10930.73 3894.91
10931.63 3896.53
10933.23 3897.42
10934.28 3899.12
10935.93 3900.52
10937.35 3901.83
10938.9 3903.36
10940.27 3904.75
10941.45 3905.81
10942.53 3907.52
10944.17 3908.51
10945.2 3910.19
10946.7 3911.45
10948.05 3912.48
10949.45 3914.15
10950.85 3915.69
10952.21 3916.96
10953.77 3918.37
10954.91 3919.6
10956.53 3920.84
10957.89 3922.34
10958.94 3923.32
10960.38 3924.73
10962.01 3926.48
10963.04 3927.46
10964.52 3928.83
10966.16 3930.28
10967.36 3931.55
10968.84 3933.18
10969.96 3934.4
10971.58 3935.95
10972.53 3937.41
10974.17 3938.48
10975.6 3939.81
10976.89 3941.25
10978.44 3942.5
10979.83 3944.09
10981.17 3945.34
10982.33 3947.03
10983.87 3947.97
10985.12 3949.32
10986.24 3950.93
10987.65 3952.47
10988.91 3953.61
10990.49 3954.8
10991.76 3956.56
10993.3 3957.64
10994.54 3958.79
10996.13 3960.42
10997.56 3962.03
10998.85 3963.04
11000.11 3964.47
11001.15 3965.68
11002.63 3966.98
11004.13 3968.42
11005.45 3969.83
11006.66 3971.37
11008.22 3972.56
11009.62 3974.31
11011.22 3975.56
11012.47 3976.67
11013.66 3978.36
11015.13 3979.29
11016.29 3980.95
11017.87 3982.12
11019.07 3983.91
11020.56 3985.02
11022.06 3986.31
11023 3987.93
11024.48 3989.15
11025.79 3990.21
11027.45 3991.7
11029.01 3993.06
11029.84 3994.44
11031.66 3995.89
11032.64 3997.21
11033.95 3998.58
11035.25 4000.09
11036.76 4001.45
11038.14 4002.48
11039.39 4003.82
11041.09 4005.24
11042.63 4006.95
11043.93 4007.94
11044.86 4009.79
11046.74 4011.02
11047.87 4012.26
11049.33 4013.79
11050.56 4015.24
11051.77 4016.23
11053.32 4017.72
11054.79 4019.19
11056.27 4020.66
11057.45 4021.86
11058.76 4023.18
11059.8 4024.71
11061.35 4025.63
11063.09 4027.44
11064.38 4028.41
11065.37 4030.25
11066.79 4031.35
11068.46 4032.67
11069.35 4034.28
11071.03 4035.75
11072.56 4036.64
11073.76 4038.37
11074.83 4039.57
11076.67 4040.69
11077.8 4042.14
11079.23 4043.46
11080.7 4044.73
11081.99 4046.31
11083.44 4047.63
11084.8 4049.37
11085.77 4050.39
11087.67 4051.79
11089.01 4053.37
11089.95 4054.5
11091.3 4055.76
11093.1 4057.15
11094.46 4058.72
11095.57 4059.76
11097.19 4061.66
11098.17 4063.05
11099.84 4064.36
11100.91 4065.62
11102.19 4066.8
11103.9 4068.09
11105.19 4069.47
11106.36 4070.78
11107.7 4072.35
11109.48 4073.74
11110.57 4074.95
11111.71 4076.34
11113.04 4077.6
11114.8 4079.08
11115.74 4080.68
11117.61 4082.16
11118.53 4083.45
11120.07 4084.55
11121.72 4085.86
11122.72 4087.3
11124.38 4088.58
11125.34 4090.34
11126.95 4091.35
11128.59 4092.73
11129.79 4094.19
11131.31 4095.68
11132.2 4096.85
11133.78 4098.36
11135.16 4099.46
11136.57 4100.8
11137.62 4102.24
11139.18 4103.49
11140.59 4104.78
11141.73 4106.18
11143.21 4107.73
11144.47 4108.86
11145.86 4110.59
11147.33 4111.82
11148.48 4112.96
11149.99 4114.55
11151.73 4116.21
11152.68 4117.42
11153.96 4118.52
11155.42 4120.05
11157.18 4121.56
11158.21 4123.01
11159.45 4124.06
11161.26 4125.36
11162.72 4127.13
11163.66 4128.38
11164.86 4129.81
11166.8 4130.84
11167.96 4132.37
11169.53 4134.01
11170.74 4135.12
11172.02 4136.38
11173.27 4138.09
11174.42 4139.06
11175.92 4140.48
11177.13 4141.88
11178.84 4143.26
11179.97 4144.47
11181.46 4146.11
11183.19 4147.47
11184.33 4148.44
11185.58 4150.22
11186.77 4151.26
11188.1 4152.87
11189.89 4153.94
11191.04 4155.55
11192.62 4157.13
11193.59 4158.35
11195.28 4159.82
11196.83 4160.96
11197.97 4162.26
11199.22 4163.56
11200.93 4164.92
11201.73 4166.41
11203.13 4167.62
11204.6 4169.34
11205.85 4170.46
11207.57 4171.86
11208.66 4173.08
11209.93 4174.59
11211.7 4176.23
11213.05 4177.45
11214.39 4178.92
11215.81 4180.35
11216.85 4181.65
11218.29 4183.03
11219.86 4184.35
11220.87 4185.41
11222.71 4187.01
11223.84 4188.07
11225.14 4189.81
11226.42 4191.01
11228.15 4192.16
11229.13 4193.45
11230.42 4194.98
11232.08 4196.3
11233.25 4197.72
11234.59 4198.96
11235.99 4200.31
11237.29 4202.19
11239.1 4203.2
11240.06 4204.58
11241.57 4205.74
11243.02 4207.59
11244.27 4208.61
11245.6 4210.05
11246.98 4211.56
11248.32 4213.14
11249.81 4214.5
11251.2 4215.43
11252.46 4216.71
11254.04 4218.13
11255.23 4219.9
11256.68 4221.32
11257.77 4222.16
11259.42 4224.03
11260.57 4225.28
11262.13 4226.74
11263.11 4227.58
11264.52 4229.24
11266.05 4230.77
11267.44 4231.79
11268.8 4233.13
11269.91 4234.66
11271.34 4235.84
11272.99 4237.66
11274.38 4238.49
11275.8 4240.22
11277.2 4241.73
11278.41 4242.91
11279.66 4244.34
11280.97 4245.6
11282.2 4247.12
11283.62 4248.53
11285.45 4249.8
11286.5 4251.09
11287.95 4252.29
11289.07 4253.61
11290.93 4255.42
11291.84 4256.34
11293.27 4258.01
11294.49 4259.42
11296.09 4260.61
11297.72 4261.8
11299.15 4263.58
11300.26 4264.78
11301.55 4266.36
11303.05 4267.38
11304.26 4268.87
11305.96 4270.28
11306.92 4271.29
11308.44 4272.82
11309.92 4274.47
11310.85 4275.87
11312.43 4276.75
11313.64 4278.2
11315.01 4279.49
11316.82 4280.88
11317.77 4282.26
11319.1 4283.5
11320.82 4285.25
11321.89 4286.5
11323.58 4288.05
11324.62 4288.97
11326.36 4290.49
11327.44 4292.19
11328.81 4293.63
11330.44 4294.83
11331.33 4296.15
11333.02 4297.59
11334.58 4298.59
11335.46 4300.33
11337.02 4301.41
11338.21 4302.79
11339.51 4304.11
11340.94 4305.89
11342.38 4306.86
11343.7 4308.49
11345.12 4309.63
11346.39 4310.94
11347.8 4312.27
11349.13 4314.04
11350.81 4315.11
11352.02 4316.39
11353.41 4318.01
11354.85 4319.05
11356.13 4320.63
11357.34 4322.19
11359.18 4323.19
11360.2 4324.78
11361.47 4326.16
11362.86 4327.25
11364.38 4329.08
11365.5 4330.17
11367.22 4331.74
11368.2 4333.14
11369.87 4334.09
11371.14 4335.36
11372.73 4337.3
11374.1 4338.66
11375.04 4339.95
11376.4 4341.02
11377.87 4342.31
11379.56 4343.86
11380.45 4345.2
11382.27 4346.57
11383.17 4347.79
11384.7 4349.36
11385.9 4350.54
11387.25 4352.06
11389.14 4353.37
11390.39 4354.71
11391.47 4355.85
11393.13 4357.6
11394.66 4358.76
11395.57 4360.43
11397.03 4361.49
11398.37 4362.76
11399.98 4364.1
11401.32 4365.92
11402.33 4367.17
11403.86 4368.55
11405.19 4369.66
11406.95 4370.94
11408.24 4372.73
11409.35 4373.68
11410.9 4375.51
11412.17 4376.62
11413.19 4377.75
11414.78 4379.36
11416.45 4380.76
11417.76 4381.99
11419.03 4383.25
11420.32 4384.99
11421.4 4386.06
11423.19 4387.35
11424.54 4388.63
11425.73 4389.99
11426.86 4391.4
11428.5 4392.84
11429.95 4394.37
11431.45 4395.63
11432.6 4397.23
11433.74 4398.27
11435.01 4399.83
11436.53 4401.38
11438.25 4402.26
11439.15 4404.08
11440.77 4405.03
11441.93 4406.81
11443.64 4408.05
11444.93 4409.32
11446.42 4410.47
11447.43 4412.07
11449.2 4413.19
11450.2 4414.88
11451.51 4416.29
11453.27 4417.54
11454.33 4418.94
11455.76 4420.39
11457.07 4421.54
11458.79 4422.71
11459.75 4424.38
11460.96 4425.68
11462.72 4427.25
11464.25 4428.63
11465.62 4430.01
11466.89 4431.36
11467.83 4432.76
11469.64 4434.05
11470.69 4434.99
11472.44 4436.31
11473.81 4438.24
11474.92 4439.28
11476.35 4440.84
11477.56 4441.8
11478.68 4443.16
11480.17 4445
11481.56 4446.04
11482.92 4447.63
11484.44 4449.19
11485.74 4450.26
11487.15 4451.6
11488.39 4453.15
11489.76 4454.08
11490.96 4455.61
11492.61 4456.9
11493.75 4458.68
11495.48 4460.07
11496.48 4460.88
11498.22 4462.81
11499.29 4463.76
11500.64 4465.09
11502.24 4466.42
11503.77 4468.2
11505.1 4469.1
11506.28 4470.67
11507.86 4471.86
11508.82 4473.59
11510.37 4474.57
11511.66 4476.17
11513.24 4477.58
11514.54 4479.18
11515.78 4480.1
11517.07 4481.73
11518.27 4483.09
11520.08 4484.51
11521.32 4485.97
11522.91 4487.2
11523.86 4488.73
11525.15 4490.04
11526.96 4491.21
11528.13 4492.46
11529.2 4493.77
11530.94 4495.39
11531.92 4496.48
11533.71 4498.16
11535.1 4499.14
11536.29 4500.75
11537.56 4502.14
11538.78 4503.41
11540.59 4504.58
11541.64 4505.98
11543.03 4507.29
11544.34 4508.99
11545.99 4510.46
11547.44 4511.6
11548.48 4512.73
11549.96 4514.24
11551.19 4515.49
11552.4 4516.97
11554.11 4518.23
11555.16 4519.98
11556.73 4521.16
11558.38 4522.69
11559.36 4523.69
11560.98 4525.44
11562.02 4526.91
11563.58 4528.19
11565.17 4529.09
11566.29 4530.66
11567.41 4532.04
11568.78 4533.66
11570.21 4534.79
11571.52 4536.17
11573.25 4537.86
11574.27 4539.18
11575.78 4540.37
11577.21 4541.68
11578.8 4542.83
11580.14 4544.6
11581.38 4545.66
11582.44 4547.33
11583.95 4548.33
11585.15 4549.99
11586.96 4550.98
11588.18 4552.79
11589.26 4554.08
11590.81 4555.46
11592.16 4556.5
11593.8 4558.12
11594.8 4559.55
11596.34 4561
11597.8 4562.36
11598.87 4563.53
11600.62 4564.69
11601.68 4566.49
11602.93 4567.78
11604.34 4568.81
11605.85 4570.12
11607.02 4571.67
11608.29 4573.23
11610.14 4574.2
11611.47 4575.75
11612.52 4577.43
11614.03 4578.34
11615.12 4579.74
11616.61 4581.44
11618.04 4582.33
11619.42 4583.95
11621.1 4585.33
11622.4 4586.88
11623.52 4588.27
11624.78 4589.2
11626.3 4591.06
11627.93 4592.18
11629.21 4593.56
11630.21 4594.74
11631.96 4596.54
11633.04 4597.68
11634.56 4599.01
11635.78 4600.39
11637.48 4601.72
11638.46 4603.15
11639.86 4604.41
11641.3 4605.65
11642.62 4606.98
11644.03 4608.67
11645.42 4609.82
11646.5 4611.21
11648.15 4612.66
11649.7 4614.21
11651.12 4615.07
11652.14 4616.68
11653.43 4618.36
11655.26 4619.47
11656.1 4620.62
11657.57 4622.44
11659.04 4623.35
11660.18 4624.92
11662.01 4626.32
11663.2 4627.67
11664.43 4629.25
11665.7 4630.12
11667.12 4631.49
11668.45 4632.86
11669.74 4634.66
11671.18 4635.96
11672.71 4637.29
11674.18 4638.5
11675.49 4640.21
11676.67 4641.4
11678.03 4642.37
11679.67 4643.92
11680.69 4645.1
11682.55 4647
11683.79 4647.84
11685.15 4649.4
11683.64 4653.08
11687.71 4652.13
11689.38 4653.54
11690.61 4654.79
11691.96 4656.4
11693.33 4657.44
11694.26 4658.98
11695.87 4660.59
11697.31 4661.78
11698.67 4663.22
11700.16 4664.25
11701.14 4665.97
11703 4667.29
11704.14 4668.81
11705.46 4669.67
11706.93 4671.44
11708.22 4672.5
11709.32 4674.09
11710.63 4675.09
11712.41 4676.82
11713.54 4678.36
11714.98 4679.31
11716.28 4680.61
11717.73 4682.27
11719.2 4683.78
11720.21 4684.7
11722.06 4686.33
11723.01 4687.82
11724.37 4689.15
11726.19 4690.28
11727.18 4692.04
11728.8 4693.12
11729.92 4694.5
11731.38 4695.64
11732.76 4696.97
11734.33 4698.39
11735.75 4699.68
11737.1 4701.48
11738 4702.93
11739.28 4704.33
11740.92 4705.47
11742.6 4706.84
11743.51 4707.87
11744.92 4709.44
11746.54 4710.57
11748.05 4712.37
11749.15 4713.56
11750.45 4715
11751.61 4716.26
11753.47 4717.89
11754.72 4719.1
11755.79 4720.61
11757.04 4721.87
11758.56 4722.95
11760 4724.54
11761.65 4725.74
11762.86 4727.07
11764.08 4728.61
11765.3 4729.92
11766.76 4731.4
11768.4 4732.49
11769.83 4734.01
11771.14 4735.34
11772.1 4737.01
11773.92 4738.24
11774.83 4739.81
11776.15 4741.08
11777.6 4742.05
11779.01 4743.43
11780.71 4744.82
11781.78 4746.38
11783.01 4747.7
11784.55 4748.93
11786.19 4750.47
11787.39 4751.52
11788.57 4752.92
11790.11 4754.69
11791.62 4755.74
11792.62 4757.45
11794.32 4758.88
11795.8 4759.9
11796.96 4761.08
11798.31 4762.95
11799.69 4763.99
11800.95 4765.21
11802.18 4766.76
11803.91 4768.19
11805.22 4769.39
11806.24 4771.14
11807.52 4772.16
11809.42 4773.83
11810.66 4775.15
11811.89 4776.28
11813.31 4777.65
11814.49 4779.31
11816.09 4780.7
11817.52 4781.8
11818.73 4783.22
11820.09 4784.59
11821.53 4786.09
11822.8 4787.05
11824.34 4788.81
11825.25 4790.12
11826.76 4791.24
11828.54 4792.93
11829.8 4793.85
11831.13 4795.54
11832.55 4796.97
11833.81 4798.21
11834.83 4799.25
11836.38 4801.17
11837.65 4802.05
11838.93 4803.9
11840.27 4805.08
11841.71 4806.66
11843.25 4807.75
11844.66 4809.35
11845.78 4810.56
11847.1 4811.61
11848.77 4812.92
11849.94 4814.71
11851.28 4815.69
11852.6 4817.46
11854.44 4818.76
11855.64 4819.76
11857.11 4821.5
11858.03 4822.98
11859.85 4824.22
11861.06 4825.59
11862.62 4826.65
11863.75 4828.4
11865.27 4829.73
11866.38 4830.76
11867.99 4832.37
11869.39 4833.85
11870.31 4835.09
11871.72 4836.39
11873.48 4838.03
11874.79 4839.2
11876.24 4840.32
11877.64 4841.83
11878.77 4843.4
11880.06 4844.71
11881.57 4845.9
11882.63 4847.06
11884.38 4848.79
11885.85 4849.92
11887.02 4851.53
11888.1 4852.93
11889.58 4854.24
11891.17 4855.48
11892.17 4857.08
11893.53 4858.09
11895.1 4859.83
11896.62 4860.93
11897.9 4862.34
11898.91 4863.63
11900.62 4864.78
11902.06 4866.7
11903.29 4867.97
11904.88 4868.9
11906.31 4870.22
11907.36 4871.76
11908.69 4873.47
11909.83 4874.77
11911.23 4876.25
11912.63 4877.34
11913.99 4878.48
11915.73 4880.22
11917.1 4881.22
11918.27 4882.72
11919.39 4884.15
11921.22 4885.42
11922.19 4886.61
11923.6 4888.1
11925.21 4889.66
11926.4 4891.22
11927.88 4892.03
11929.1 4893.82
11930.86 4894.94
11931.9 4896.42
11933.31 4897.54
11934.59 4899.05
11935.78 4900.59
11937.23 4901.73
11938.67 4903.4
11940.14 4904.34
11941.7 4905.8
11942.96 4907.57
11944.17 4908.9
11945.88 4910.1
11947.2 4911.41
11948.32 4912.58
11949.79 4914.05
11950.87 4915.58
11952.28 4916.6
11953.74 4918.45
11955.27 4919.33
11956.57 4920.8
11958.08 4922.37
11959.36 4923.63
11960.61 4925.07
11961.7 4926.5
11963.54 4927.59
11964.83 4929.18
11966.06 4930.64
11967.22 4932.09
11968.55 4933.55
11970.27 4934.68
11971.58 4935.99
11972.63 4937.12
11974.32 4938.83
11975.52 4940.21
11977 4941.67
11978.09 4942.92
11979.79 4944.37
11980.82 4945.25
11982.49 4946.77
11983.51 4948.44
11984.91 4949.69
11986.81 4951.26
11987.91 4952.64
11989.26 4953.93
11990.85 4955
11991.88 4956.65
11993.24 4957.77
11994.75 4959.16
11995.97 4960.66
11997.51 4962.05
11998.75 4963.37
12000.32 4964.86
12001.84 4965.77
12002.92 4967.64
12004.29 4968.81
12005.6 4969.9
12007.19 4971.39
12008.23 4972.85
12009.83 4974.29
12010.91 4975.27
12012.73 4976.92
12013.7 4978.43
12015.11 4979.38
12016.79 4981.03
12018.14 4982.53
12019.5 4983.86
12020.92 4985.21
12022 4986.56
12023.57 4987.54
12024.87 4989.23
12026.11 4990.52
12027.22 4991.66
12028.99 4993.46
12030.22 4994.63
12031.36 4996.23
12032.67 4997.11
12034.36 4998.87
12035.56 5000.37
12036.88 5001.58
12038.45 5003.04
12039.8 5004.24
12041.29 5005.8
12042.72 5007.19
12043.74 5008.04
12045.37 5009.81
12046.5 5010.89
12047.79 5012.64
12049.35 5013.69
12050.93 5015.31
12052.18 5016.58
12053.26 5017.72
12054.53 5019.17
12055.94 5020.43
12057.59 5021.86
12059.03 5023.49
12060.13 5024.38
12061.8 5025.84
12063.15 5027.58
12064.09 5028.55
12065.6 5030.06
12067.17 5031.57
12068.35 5032.83
12070.06 5034.26
12071.21 5035.3
12072.7 5037.23
12074.11 5038.49
12074.98 5039.49
12076.74 5040.85
12077.68 5042.69
12079.54 5043.68
12080.51 5044.93
12081.9 5046.23
12083.7 5047.8
12084.54 5049.1
12086.25 5050.75
12087.64 5051.83
12088.77 5053.18
12089.96 5054.92
12091.88 5056.15
12092.98 5057.46
12094.36 5058.68
12095.69 5060.38
12096.82 5061.69
12098.29 5062.95
12099.5 5064.53
12101.36 5065.37
12102.23 5067.03
12104.06 5068.04
12105.05 5069.75
12106.67 5071.18
12107.92 5072.24
12109.21 5073.62
12110.87 5075.2
12112.19 5076.44
12113.53 5077.91
12114.71 5079.31
12116.03 5080.48
12117.49 5082.05
12118.78 5083.08
12120.06 5084.74
12121.41 5086.17
12123.21 5087.27
12124.31 5088.56
12125.62 5089.96
12126.95 5091.76
12128.48 5092.94
12129.93 5094.24
12131.34 5095.88
12132.41 5097.13
12134 5098.64
12135.18 5099.74
12136.45 5100.93
12137.79 5102.35
12139.59 5103.8
12140.59 5105.34
12142.23 5106.75
12143.43 5107.67
12144.63 5109.12
12146.39 5110.43
12147.73 5111.88
12148.62 5113.33
12150.4 5114.99
12151.89 5116.23
12153.03 5117.27
12154.63 5118.62
12155.5 5120.2
12157.3 5121.5
12158.63 5122.64
12159.79 5124.11
12161.3 5125.64
12162.53 5127.26
12163.69 5128.29
12165.02 5129.56
12166.39 5130.84
12168.21 5132.48
12169.32 5133.78
12170.8 5135.28
12171.83 5136.46
12173.34 5138.08
12174.78 5139.17
12176.11 5140.68
12177.66 5142.19
12179.07 5143.16
12180.01 5144.6
12181.94 5145.82
12183.24 5147.56
12184.36 5148.69
12185.63 5150.49
12187.18 5151.52
12188.27 5152.87
12190.07 5154.16
12191.41 5155.67
12192.66 5157.27
12193.74 5158.55
12195.39 5159.54
12196.42 5161.25
12197.8 5162.28
12199.49 5163.6
12200.76 5165.46
12202.14 5166.54
12203.44 5168.16
12204.73 5169.45
12206.43 5170.66
12207.63 5172.3
12208.85 5173.23
12210.47 5175
12211.55 5175.95
12212.76 5177.27
12214.4 5179.14
12215.49 5180.32
12217.02 5181.4
12218.3 5182.75
12219.8 5184.54
12221.41 5185.75
12222.81 5187.11
12223.76 5188.37
12225.18 5189.93
12226.42 5190.84
12228.04 5192.28
12229.32 5193.61
12230.85 5195.17
12232.23 5196.84
12233.61 5198.05
12235.03 5199.42
12235.93 5200.77
12237.82 5202.05
12238.68 5203.56
12240.55 5204.64
12241.46 5206.21
12243.04 5207.68
12244.26 5208.81
12246.04 5209.96
12247.01 5211.7
12248.74 5212.88
12249.57 5214.62
12251.18 5215.43
12252.63 5217.15
12254.05 5218.23
12255.17 5219.79
12256.77 5221.3
12258.14 5222.43
12259.34 5223.92
12260.53 5225.18
12262.31 5226.76
12263.66 5227.85
12264.95 5229.06
12266.07 5230.91
12267.57 5232.24
12269.13 5233.62
12270.37 5234.88
12271.49 5236.13
12273.29 5237.28
12274.72 5239.12
12275.99 5240.26
12277.12 5241.91
12278.47 5242.7
12279.66 5244.24
12280.95 5245.78
12282.5 5247.21
12284.07 5248.64
12285.46 5249.82
12286.61 5250.91
12288.33 5252.32
12289.13 5253.86
12290.66 5255.34
12292.46 5256.78
12293.62 5258.28
12295.09 5259.4
12296.34 5260.5
12297.54 5261.94
12298.69 5263.53
12300.09 5264.92
12301.72 5266.31
12302.9 5267.63
12304.71 5268.79
12305.72 5270.51
12307.12 5271.82
12308.46 5273.04
12309.92 5274.59
12311.31 5275.89
12312.51 5277.29
12313.84 5278.63
12315.38 5280.1
12316.49 5281.48
12317.97 5282.83
12319.73 5283.97
12320.57 5285.28
12322.21 5286.51
12323.53 5287.87
12325.13 5289.65
12326.35 5290.58
12327.34 5292.01
12328.9 5293.55
12330.21 5295.06
12331.53 5296.36
12333.06 5297.47
12334.49 5299.03
12335.61 5300.16
12337.27 5301.87
12338.34 5303.02
12339.77 5304.5
12341.55 5305.46
12342.7 5307.32
12343.73 5308.44
12345.53 5309.94
12346.73 5311.03
12348.14 5312.63
12349.27 5314.13
12351.08 5315.57
12352.05 5316.47
12353.34 5318.2
12354.76 5319.34
12356.51 5320.92
12357.62 5322.19
12358.96 5323.47
12360.08 5324.62
12361.87 5326.38
12363.06 5327.7
12364.42 5328.97
12365.82 5330.44
12367.08 5331.43
12368.44 5333.31
12370.17 5334.16
12371.03 5335.66
12372.81 5336.9
12374.2 5338.62
12375.52 5339.63
12376.93 5341.46
12378.38 5342.59
12379.19 5344.13
12380.83 5345.11
12382.24 5346.93
12383.81 5348.09
12384.95 5349.17
12386.2 5350.98
12387.66 5352.06
12389.02 5353.33
12390.47 5354.69
12391.96 5356.31
12393.02 5357.58
12394.63 5359.08
12395.81 5360.08
12396.97 5361.52
12398.75 5362.84
12400.23 5364.21
12401.57 5365.57
12402.74 5366.9
12404.11 5368.35
12405.55 5370.11
12406.95 5371.38
12407.89 5372.89
12409.53 5373.81
12410.96 5375.17
12412.13 5376.4
12413.37 5378.07
12414.78 5379.34
12416.19 5380.81
12417.97 5382.01
12418.77 5383.36
12420.14 5385.13
12421.49 5386.19
12423.36 5387.46
12424.68 5388.98
12425.98 5390.1
12426.99 5391.67
12428.53 5393.29
12429.87 5394.41
12431.26 5395.59
12432.74 5397.42
12434.17 5398.53
12435.53 5399.73
12436.56 5401.18
12438.01 5402.46
12439.8 5404.08
12440.91 5405.28
12442.04 5406.67
12443.62 5407.85
12445.15 5409.19
12446.42 5410.68
12447.55 5412.17
12449.15 5413.26
12450.22 5415.09
12451.96 5416.54
12453.45 5417.68
12454.61 5418.79
12455.72 5420.23
12457.42 5421.75
12458.73 5423.15
12459.71 5424.24
12461.21 5426.1
12462.42 5427.22
12463.84 5428.61
12465.58 5429.74
12466.8 5431.08
12468.24 5432.43
12469.63 5433.93
12470.98 5435.08
12472.25 5436.92
12473.41 5438.06
12475.11 5439.75
12476.35 5440.55
12477.56 5441.89
12478.91 5443.54
12480.2 5445.06
12481.92 5446.12
12483.24 5447.47
12484.75 5449.25
12485.68 5450.08
12487.44 5451.96
12488.45 5452.89
12490.26 5454.38
12491.44 5455.57
12492.76 5457.39
12494.23 5458.78
12495.22 5460.16
12496.73 5461.57
12498.38 5462.55
12499.28 5464.23
12500.79 5465.35
12501.99 5466.92
12503.85 5467.92
12505.24 5469.7
12506.62 5470.83
12507.91 5471.94
12509.19 5473.28
12510.31 5474.85
12511.9 5476.35
12512.93 5477.84
12514.83 5479.29
12515.86 5480.44
12517.36 5481.71
12518.94 5483.23
12519.95 5484.33
12521.32 5485.87
12523.04 5487.38
12523.85 5488.86
12525.35 5489.87
12527 5491.41
12528.3 5492.54
12529.49 5493.89
12530.83 5495.38
12532.4 5496.99
12533.4 5497.89
12535.22 5499.3
12536.42 5500.86
12537.96 5502.52
12539.02 5503.43
12540.32 5505.01
12541.91 5506.28
12543.43 5507.68
12544.46 5509.1
12545.84 5510.62
12547.57 5511.7
12548.53 5513.33
12549.87 5514.28
12551.5 5515.89
12552.84 5517.25
12554.3 5518.52
12555.41 5519.8
12556.93 5521.31
12558.43 5522.8
12559.39 5524.08
12561.01 5525.7
12562.32 5526.86
12563.85 5528.04
12565.25 5529.4
12566.69 5530.86
12567.9 5532.49
12569.04 5533.4
12570.77 5535.05
12572.08 5536.48
12573.31 5537.79
12574.33 5538.83
12576.15 5540.59
12577.23 5541.87
12578.54 5542.97
12580.06 5544.68
12581.27 5545.87
12582.97 5547.54
12583.84 5548.47
12585.68 5550.04
12587 5551.07
12588.06 5552.43
12589.6 5554.23
12590.98 5555.38
12592.43 5556.97
12593.73 5558.31
12595.08 5559.8
12596.35 5560.7
12598.01 5562.14
12598.88 5563.9
12600.64 5565.1
12602.15 5566.18
12603.19 5567.53
12604.45 5569.04
12606.18 5570.37
12607.05 5571.84
12608.73 5573.44
12610.12 5574.69
12611.47 5575.94
12612.92 5577.55
12613.91 5578.4
12615.5 5579.74
12616.68 5581.15
12618.41 5582.97
12619.38 5584.25
12620.99 5585.2
12622.39 5587.05
12623.61 5587.93
12625.2 5589.73
12626.56 5591.06
12627.87 5592.48
12629.06 5593.79
12630.68 5595.27
12631.91 5596.44
12633.5 5597.99
12634.48 5598.83
12636.12 5600.41
12637.23 5602.05
12638.88 5603.1
12640.03 5604.47
12641.47 5605.64
12643.07 5607.2
12644.38 5608.49
12645.26 5609.87
12646.85 5611.66
12648.17 5612.98
12649.58 5614.38
12651.08 5615.41
12652.47 5616.91
12653.71 5618.29
12654.81 5619.28
12656.24 5621.02
12657.61 5622.26
12659.05 5623.82
12660.72 5625
12662.21 5626.28
12663.03 5627.49
12664.61 5629.37
12665.87 5630.73
12667.19 5631.57
12668.45 5633.35
12670.33 5634.56
12671.18 5635.64
12672.66 5637.48
12674.43 5638.95
12675.42 5639.81
12677.06 5641.24
12678.09 5643
12679.93 5644.4
12680.87 5645.66
12682.61 5646.97
12683.77 5648.03
12684.94 5649.31
12686.77 5650.83
12687.76 5652.36
12689.43 5653.94
12690.85 5654.86
12691.73 5656.6
12693.04 5657.95
12694.74 5658.9
12695.88 5660.61
12697.45 5662.11
12698.56 5663.36
12699.86 5664.87
12701.68 5665.66
12703.02 5667.59
12704.39 5668.84
12705.45 5670.33
12706.64 5671.49
12708.32 5672.82
12709.66 5674.03
12711.18 5675.35
12712.15 5676.79
12713.99 5677.94
12715.28 5679.76
12716.63 5680.71
12718.06 5682.56
12719.42 5683.56
12720.44 5685.21
12722.13 5686.7
12723.09 5687.52
12724.71 5689.05
12725.85 5690.25
12727.4 5691.75
12728.79 5692.99
12730.35 5694.63
12731.51 5695.79
12732.67 5697.48
12734.16 5698.5
12735.55 5699.98
12736.92 5701.26
12738.28 5702.93
12739.73 5704.11
12741.21 5705.31
12742.3 5706.68
12743.84 5708.51
12745.08 5709.83
12746.45 5710.82
12748.07 5712.18
12749.02 5713.85
12750.68 5714.78
12752.17 5716.34
12753.28 5718.03
12754.89 5718.97
12755.87 5720.39
12757.57 5721.62
12758.67 5723.35
12760.14 5724.43
12761.77 5726.16
12762.66 5727.15
12764.01 5728.9
12765.62 5730.01
12766.73 5731.33
12768.25 5732.56
12769.68 5734.06
12771.2 5735.76
12772.3 5736.87
12773.5 5738.3
12775.29 5739.49
12776.57 5740.95
12778.06 5742.06
12779.29 5743.75
12780.5 5745.05
12782.1 5746.25
12783.44 5747.77
12784.9 5749.08
12785.8 5750.5
12787.47 5752
12788.65 5753.33
12790.33 5754.69
12791.24 5755.7
12792.94 5757.47
12794.08 5758.44
12795.52 5759.82
12797.09 5761.32
12798.17 5762.58
12799.55 5763.99
12801.09 5765.36
12802.23 5766.71
12803.96 5768.44
12805.3 5769.55
12806.52 5771.28
12807.94 5772.5
12809.31 5773.92
12810.86 5775.36
12812.03 5776.29
12813.49 5778.03
12814.68 5779.13
12816.22 5780.85
12817.4 5781.93
12819.06 5783
12820.09 5784.39
12821.68 5785.82
12822.77 5787.51
12824.44 5788.54
12825.93 5789.97
12827.1 5791.25
12828.11 5792.87
12829.92 5794.11
12831.23 5795.67
12832.2 5796.94
12833.77 5798.1
12835 5799.72
12836.65 5800.93
12837.85 5802.4
12839.34 5803.61
12840.83 5804.94
12842.24 5806.7
12843.13 5807.91
12844.92 5808.97
12845.82 5810.53
12847.74 5811.99
12848.68 5813.46
12850.45 5814.81
12851.85 5815.85
12852.73 5817.32
12854.42 5818.93
12855.68 5820.42
12856.97 5821.68
12858.3 5823.09
12860.05 5823.96
12861.09 5825.62
12862.28 5826.78
12863.65 5828.49
12865.09 5829.71
12866.82 5831.29
12867.69 5832.34
12869.26 5833.56
12870.66 5835.37
12871.97 5836.3
12873.32 5838.07
12874.88 5839.42
12876.43 5840.78
12877.28 5842.03
12878.96 5843.2
12880.21 5844.72
12881.32 5845.76
12882.82 5847.36
12884.26 5848.9
12885.4 5850
12887.14 5851.39
12888.23 5853.03
12890.05 5853.99
12890.95 5855.42
12892.65 5857.2
12893.91 5858.33
12895.23 5859.53
12896.5 5860.84
12897.78 5862.18
12899.14 5863.59
12900.67 5865.24
12902.1 5866.71
12903.28 5868.17
12904.48 5869.11
12906.1 5870.55
12907.24 5871.97
12908.99 5873.3
12910.48 5874.77
12911.34 5876.15
12913.27 5877.62
12914.25 5878.83
12915.48 5880.41
12917.16 5881.33
12918.35 5883.16
12919.54 5884.44
12921.32 5885.64
12922.66 5886.78
12923.63 5888.42
12925.28 5889.59
12926.36 5891.03
12927.94 5892.47
12929.06 5893.9
12930.72 5895.18
12932.18 5896.5
12933.54 5897.84
12934.86 5899.53
12936.1 5900.74
12937.24 5902.21
12939.08 5903.65
12940.08 5904.52
12941.65 5906.2
12942.84 5907.61
12944.16 5908.91
12945.62 5910.43
12947.1 5911.8
12948.35 5912.76
12949.53 5914.2
12951.17 5915.49
12952.58 5917.06
12954.17 5918.17
12955.04 5919.92
12956.67 5921.1
12958.29 5922.75
12959.46 5923.61
12960.43 5925.02
12962.19 5926.48
12963.35 5927.74
12964.7 5929.49
12965.94 5930.91
12967.77 5931.99
12969.18 5933.44
12970.06 5934.55
12971.48 5936.37
12972.81 5937.38
12974.51 5938.68
12975.97 5940.09
12976.82 5941.63
12978.41 5943.17
12979.99 5944.47
12981.43 5945.89
12982.47 5947.14
12984.19 5948.13
12985.56 5949.71
12986.88 5950.83
12988.25 5952.7
12989.36 5953.76
12991.01 5955.29
12992.21 5956.73
12993.19 5957.8
12994.78 5959.21
12996.07 5960.43
12997.43 5961.96
12998.78 5963.26
13000.29 5964.53
13001.6 5966.11
13002.81 5967.7
13004.21 5969.03
13005.91 5970.44
13007 5971.65
13008.39 5973.03
13009.8 5974.39
13011.16 5975.6
13012.27 5976.79
13013.86 5978.43
13015.25 5979.73
13016.54 5981.25
13018.16 5982.74
13019.4 5983.86
13020.46 5985.18
13021.83 5986.49
13023.27 5988.23
13024.8 5989.31
13026.15 5990.71
13027.53 5992.18
13029.11 5993.39
13030.52 5994.73
13031.86 5996.26
13033.28 5997.33
13034.38 5998.98
13036.02 6000.49
13037.18 6001.85
13038.27 6002.91
13040.09 6004.56
13041.41 6005.74
13042.29 6007.13
13044.07 6008.59
13045.55 6009.87
13046.57 6010.99
13047.9 6012.21
13049.68 6014.01
13051.06 6015.14
13051.92 6016.49
13053.63 6017.76
13054.6 6019.33
13055.97 6020.98
13057.53 6021.99
13059.07 6023.63
13060.09 6024.99
13061.43 6026.18
13062.97 6027.41
13064.7 6028.69
13065.63 6030.3
13066.93 6031.39
13068.61 6032.87
13069.92 6034.51
13071.51 6035.57
13072.39 6037.12
13074.15 6038.68
13075.37 6039.79
13076.51 6041.44
13077.89 6042.53
13079.32 6044
13080.95 6045.28
13082.07 6046.7
13083.29 6048.19
13084.85 6049.38
13086.22 6050.89
13087.76 6051.79
13088.84 6053.44
13090.35 6054.97
13091.42 6056.22
13092.78 6057.51
13094.65 6059.16
13095.94 6060.09
13097.38 6061.87
13098.74 6063.24
13100.14 6064.22
13101.11 6065.54
13102.5 6066.92
13103.99 6068.24
13105.56 6069.65
13106.65 6071.43
13107.8 6072.53
13109.24 6074.12
13110.83 6075.45
13112.28 6076.76
13113.33 6077.72
13114.67 6079.51
13116 6080.94
13117.43 6082.22
13118.8 6083.63
13120.35 6084.68
13121.88 6086.48
13122.96 6087.52
13124.26 6089.06
13125.69 6090.29
13127.22 6091.46
13128.37 6092.77
13129.88 6094.66
13131.08 6095.64
13132.68 6097.12
13133.81 6098.32
13135.44 6100.02
13136.48 6101.32
13138 6102.83
13139.36 6103.84
13141.12 6105.55
13142.24 6106.68
13143.53 6108.31
13145.07 6109.26
13146.04 6111.02
13147.6 6112.24
13149.19 6113.65
13150.34 6114.99
13151.66 6116.19
13153.34 6117.53
13154.23 6118.76
13156.11 6120.57
13157.38 6121.52
13158.6 6122.75
13159.9 6124.58
13161.52 6125.57
13162.37 6127.42
13164.1 6128.5
13165.57 6129.8
13166.76 6131.28
13167.86 6132.42
13169.61 6133.89
13170.96 6135.05
13171.98 6136.52
13173.52 6138.33
13174.91 6139.67
13176.23 6140.6
13177.91 6142.07
13178.86 6143.36
13180.51 6144.83
13181.47 6146.16
13182.99 6147.89
13184.73 6149.03
13185.81 6150.52
13187.46 6151.81
13188.43 6153.32
13189.83 6154.31
13191.34 6155.8
13192.47 6156.96
13193.89 6158.7
13195.68 6160.12
13196.96 6161.28
13198.32 6162.55
13199.77 6164.06
13201.04 6165.61
13202.03 6166.4
13203.74 6168.29
13205.17 6169.46
13206.07 6170.94
13207.5 6171.86
13208.78 6173.49
13210.17 6174.78
13211.59 6176.4
13213.42 6177.63
13214.3 6179.02
13216.11 6180.41
13217.11 6181.71
13218.49 6183.31
13219.8 6184.6
13221.12 6185.75
13222.39 6187.2
13224.31 6188.38
13225.67 6190.07
13226.63 6191.17
13228.22 6192.38
13229.36 6194.09
13230.66 6195.37
13232.32 6196.68
13233.65 6197.88
13234.86 6199.41
13236.46 6200.84
13237.64 6202.35
13238.9 6203.81
13240.13 6204.6
13241.74 6206.03
13242.9 6207.54
13244.71 6208.85
13245.71 6210.62
13247.38 6211.54
13248.56 6212.99
13250.24 6214.2
13251.42 6216
13252.55 6216.97
13254.27 6218.59
13255.73 6219.61
13257.05 6221.06
13257.97 6222.92
13259.65 6224.28
13261.1 6225.3
13262.24 6226.75
13263.88 6228.34
13264.87 6229.54
13266.27 6231.05
13267.66 6232.02
13269.18 6233.83
13270.3 6234.72
13271.55 6236.29
13273.2 6237.37
13274.65 6239.25
13275.99 6240.47
13277.48 6241.74
13278.33 6242.86
13280.12 6244.28
13281.21 6245.85
13282.94 6247.08
13283.97 6248.52
13285.74 6249.87
13286.78 6251.52
13288.06 6252.35
13289.76 6254.26
13290.74 6255.3
13292.2 6256.55
13293.56 6258.13
13295.27 6259.31
13296.15 6260.86
13297.49 6262.23
13298.94 6263.8
13300.37 6264.68
13302.12 6266.53
13303.23 6267.7
13304.73 6269.18
13305.88 6270.28
13307.31 6271.67
13308.69 6272.95
13309.92 6274.2
13311.21 6275.76
13312.59 6277.06
13314.34 6278.29
13315.71 6279.92
13316.59 6281.59
13318.48 6282.51
13319.45 6284.29
13320.9 6285.2
13322.54 6286.87
13323.6 6288.38
13325.29 6289.61
13326.12 6290.62
13327.84 6292.47
13328.99 6293.38
13330.32 6294.67
13331.87 6296.28
13333.1 6297.62
13334.45 6298.85
13336.23 6300.12
13337.06 6301.67
13338.47 6303.2
13340.21 6304.53
13341.28 6306.06
13342.53 6307.01
13344.16 6308.29
13345.77 6310.12
13346.65 6311.52
13347.97 6312.78
13349.53 6314.22
13350.69 6315.53
13352.42 6317.07
13353.4 6318.18
13355.12 6319.68
13356.12 6321.16
13357.48 6322.17
13359.33 6323.82
13360.31 6325.26
13361.97 6326.22
13363.02 6327.6
13364.55 6329.24
13366.01 6330.2
13367.44 6331.55
13368.56 6333.44
13370.2 6334.29
13371.27 6335.79
13372.59 6337.29
13374.23 6338.57
13375.73 6340.26
13376.86 6341.13
13378.38 6342.57
13379.8 6343.79
13381 6345.22
13382.51 6347.07
13383.74 6347.86
13384.99 6349.32
13386.29 6351.12
13387.72 6352.35
13389.03 6353.59
13390.69 6354.7
13392.02 6356.21
13393.17 6357.63
13394.81 6358.87
13396.1 6360.61
13397.44 6361.78
13398.89 6362.96
13400.19 6364.46
13401.55 6366.03
13402.64 6367.41
13404.42 6368.67
13405.71 6369.82
13406.9 6371.13
13408.03 6372.9
13409.82 6374.11
13410.68 6375.5
13412.3 6377.08
13413.48 6378.29
13415.13 6379.64
13416.71 6381.05
13418.09 6382.07
13419.15 6383.89
13420.24 6385.25
13421.98 6386.21
13423.49 6387.46
13424.62 6388.88
13425.75 6390.45
13427.22 6391.64
13428.48 6393.38
13430.29 6394.25
13431.65 6395.9
13432.96 6397.18
13434.2 6398.51
13435.64 6399.92
13436.9 6401.64
13438.13 6402.6
13439.55 6403.87
13440.93 6405.16
13442.33 6406.63
13443.83 6408.06
13444.81 6409.84
13446.32 6410.69
13447.97 6412.17
13449.35 6413.88
13450.66 6415.25
13451.91 6416.39
13453.56 6417.99
13454.79 6419.14
13456.01 6420.45
13457.53 6421.88
13458.8 6423.01
13460.19 6424.34
13461.66 6425.66
13462.88 6427.2
13464 6428.83
13465.64 6429.85
13466.97 6431.47
13468.1 6432.62
13469.89 6434.31
13471.09 6435.54
13472.5 6436.57
13473.49 6437.99
13474.86 6439.28
13476.61 6441.03
13478.09 6442.43
13479.2 6443.45
13480.71 6445.23
13481.84 6446.63
13483.4 6447.51
13484.85 6449.09
13485.79 6450.57
13487.27 6451.94
13488.54 6453.27
13489.89 6454.69
13491.78 6456.07
13492.68 6457.28
13494.01 6458.66
13495.59 6460.1
13496.69 6461.36
13498.45 6462.7
13499.41 6464.14
13501.02 6465.34
13502.43 6467.02
13503.57 6468.31
13505.16 6469.48
13506.42 6470.72
13507.89 6472.05
13509.16 6473.79
13510.55 6474.87
13511.85 6476.53
13513.28 6477.69
13514.91 6479.2
13515.88 6480.57
13517.32 6481.74
13518.5 6482.99
13520.13 6484.8
13521.57 6485.91
13522.89 6487.11
13524.04 6488.62
13525.29 6489.79
13527.24 6491.5
13528.18 6492.77
13529.62 6494.07
13531.02 6495.48
13532.53 6497.01
13533.56 6498.12
13535.22 6499.4
13536.68 6500.9
13538.14 6502.25
13539.34 6503.72
13540.68 6505.36
13541.93 6506.33
13543.5 6507.92
13544.95 6509.36
13546.27 6510.28
13547.3 6511.63
13548.8 6513.4
13550.16 6514.48
13551.27 6515.82
13552.68 6517.11
13554.45 6518.55
13555.75 6519.91
13556.86 6521.6
13558.61 6522.75
13559.77 6524.34
13560.94 6525.44
13562.33 6526.98
13564.07 6528.08
13565.42 6529.89
13566.62 6531
13567.64 6532.4
13569 6533.86
13570.82 6535.27
13572.14 6536.5
13573.23 6537.9
13574.55 6539.42
13575.98 6540.62
13577.59 6541.64
13578.61 6543.31
13580.35 6544.61
13581.47 6546.28
13582.78 6547.38
13584.29 6548.65
13585.39 6550.35
13586.87 6551.67
13588.37 6552.8
13589.6 6554.12
13590.82 6555.78
13592.27 6556.95
13593.95 6558.17
13595.34 6559.72
13596.83 6560.87
13597.66 6562.21
13599.3 6563.72
13600.91 6564.84
13602.16 6566.63
13603.16 6568.11
13604.54 6569.03
13605.92 6570.66
13607.41 6572.06
13608.82 6572.99
13610.26 6574.69
13611.61 6575.79
13613.02 6577.43
13614.32 6578.46
13615.49 6579.86
13616.95 6581.7
13618.31 6583.11
13619.5 6584.32
13620.89 6585.67
13622.19 6587.02
13623.71 6588.18
13625.32 6589.72
13626.72 6590.89
13628.01 6592.28
13629.47 6593.76
13630.88 6594.89
13632.23 6596.5
13633.08 6597.84
13634.48 6599.44
13636.05 6600.52
13637.65 6602.07
13638.63 6603.29
13640.29 6604.56
13641.65 6606.21
13642.91 6607.56
13644.1 6608.52
13645.46 6610.38
13647.01 6611.32
13648.32 6612.6
13650.03 6614.18
13651.24 6615.88
13652.65 6617.08
13653.59 6618.32
13655.11 6619.68
13656.58 6621.01
13658.21 6622.19
13659.24 6623.94
13660.84 6625.01
13661.93 6626.28
13663.13 6627.67
13664.47 6629.38
13665.96 6630.4
13667.74 6632.18
13668.61 6633.61
13670.4 6634.88
13671.83 6635.9
13673.11 6637.56
13674.06 6638.91
13675.77 6640.02
13676.87 6641.48
13678.26 6643.05
13679.53 6643.99
13680.83 6645.68
13682.2 6647.1
13683.95 6648.4
13685.49 6649.65
13686.38 6650.93
13688.18 6652.18
13689.28 6653.57
13690.4 6655.26
13692.16 6656.78
13693.62 6658.17
13694.81 6659.04
13696.38 6660.74
13697.62 6661.89
13699.06 6663.24
13700.28 6664.56
13701.7 6666.19
13702.83 6667.57
13704.5 6668.88
13705.69 6670.41
13707.11 6671.3
13708.58 6673.08
13709.79 6674.55
13711.28 6675.81
13712.72 6676.71
13713.73 6678.2
13715.39 6679.49
13716.31 6681.04
13717.96 6682.3
13719.39 6683.8
13720.89 6685.21
13722.19 6686.41
13723.61 6688.04
13724.65 6689.49
13725.91 6690.42
13727.24 6691.97
13728.95 6693.24
13730.54 6694.73
13731.72 6696.27
13732.69 6697.19
13734.55 6698.52
13735.51 6699.89
13737.37 6701.3
13738.42 6702.96
13740.03 6704.47
13740.91 6705.69
13742.54 6707.04
13744.15 6708.43
13745.55 6709.97
13746.69 6711.33
13747.88 6712.42
13749.45 6713.78
13750.66 6715.36
13751.88 6716.81
13753.64 6717.66
13754.78 6719.48
13756.11 6720.81
13757.4 6721.97
13759.03 6723.52
13760.23 6724.82
13761.82 6726.22
13763.08 6727.64
13764.6 6728.94
13765.79 6729.95
13766.97 6731.58
13768.17 6733.07
13769.6 6734.05
13770.91 6735.44
13772.8 6737.08
13774 6738.22
13775.4 6739.76
13776.51 6740.95
13778.26 6742.48
13779.6 6743.57
13780.72 6745.47
13782.09 6746.77
13783.42 6747.97
13784.84 6749.57
13786.37 6750.39
13787.63 6751.84
13788.71 6753.62
13790 6754.6
13791.63 6756.27
13792.8 6757.57
13794.5 6758.65
13796.02 6760.12
13797.11 6761.57
13798.74 6763.13
13799.81 6764.49
13800.91 6765.6
13802.64 6767.17
13803.82 6768.12
13805.32 6769.62
13806.83 6770.99
13808.25 6772.48
13809.38 6773.72
13810.61 6775.28
13812.18 6776.66
13813.27 6777.68
13814.64 6779.32
13816.25 6780.87
13817.8 6782.04
13819.15 6783.51
13820.01 6784.59
13821.73 6785.98
13823.02 6787.46
13824.56 6789.05
13825.67 6790.46
13827.25 6791.84
13828.34 6793.1
13829.76 6794.38
13830.92 6795.74
13832.69 6797.26
13833.75 6798.3
13835.3 6800.07
13836.8 6801.2
13838.27 6802.68
13839.3 6803.57
13840.89 6805.24
13842.01 6806.68
13843.67 6808.09
13844.74 6809.27
13846.21 6810.95
13847.62 6812.13
13848.73 6813.65
13850.28 6814.55
13851.46 6815.95
13852.91 6817.58
13854.22 6818.69
13855.84 6820.49
13857.24 6821.86
13858.79 6823.05
13859.61 6824.21
13861 6825.89
13862.74 6826.95
13863.69 6828.43
13865.23 6829.98
13866.41 6831.33
13868.14 6832.37
13869.63 6834.02
13870.9 6835.55
13872.05 6836.63
13873.35 6837.82
13874.82 6839.43
13876.28 6840.52
13877.8 6842.1
13879.19 6843.3
13880.12 6844.55
13881.54 6846.06
13882.83 6847.8
13884.45 6848.88
13885.53 6850.53
13887.09 6851.73
13888.41 6853.22
13889.69 6854.59
13891.3 6855.93
13892.52 6857.34
13893.77 6858.63
13895.12 6859.74
13896.75 6861.2
13898.05 6862.32
13899.46 6864.18
13900.94 6865.14
13902.23 6866.53
13903.55 6867.93
13904.97 6869.55
13906.19 6870.49
13907.47 6872.05
13908.87 6873.3
13910.4 6875.07
13911.71 6876.03
13912.94 6877.27
13914.36 6878.7
13915.7 6880.37
13917.26 6881.62
13918.8 6883.21
13919.94 6884.08
13921.41 6885.62
13922.65 6887.17
13924.17 6888.19
13925.25 6889.61
13926.73 6891.03
13928.38 6892.8
13929.41 6893.94
13930.59 6895.55
13932.36 6896.87
13933.52 6897.8
13935.07 6899.36
13936.5 6900.81
13937.77 6902.17
13939.01 6903.39
13940.12 6905.01
13941.75 6906.36
13943.22 6907.59
13944.2 6909.03
13945.6 6910.42
13947.32 6911.58
13948.66 6912.96
13949.78 6914.27
13951.5 6915.97
13952.38 6917.23
13954.23 6918.31
13955.26 6920.06
13956.91 6921.34
13958.2 6922.59
13959.25 6923.77
13960.78 6925.15
13962.34 6926.56
13963.68 6927.75
13965.2 6929.39
13966.07 6930.73
13967.84 6932.07
13969.13 6933.31
13970.59 6934.69
13971.85 6936.37
13972.94 6937.57
13974.32 6938.75
13976.07 6940.21
13977.32 6941.84
13978.61 6942.81
13979.68 6944.24
13981.28 6946.05
13982.55 6947.06
13984.06 6948.59
13985.51 6949.6
13986.8 6951.01
13988.08 6952.41
13989.31 6954.14
13991.03 6955.45
13992.39 6956.79
13993.48 6958.05
13994.68 6959.37
13996.45 6960.91
13997.77 6962.09
13998.88 6963.22
14000.56 6964.99
14001.65 6966.15
14003.42 6967.81
14004.29 6968.8
14005.76 6970.21
14007.23 6971.57
14008.37 6972.89
14010.21 6974.38
14011.1 6976.05
14012.5 6977.32
14014.12 6978.58
14015.38 6979.69
14017.03 6981.4
14018.42 6982.83
14019.52 6984.2
14020.72 6985.5
14022.3 6986.59
14023.42 6987.83
14024.73 6989.67
14026.29 6990.99
14027.82 6992.37
14029.27 6993.64
14030.21 6995.14
14031.65 6996.05
14033.33 6997.82
14034.53 6999.24
14036.06 7000.24
14037.54 7001.45
14038.37 7003.21
14040.03 7004.31
14041.39 7005.84
14042.55 7007.13
14043.94 7008.62
14045.53 7009.65
14046.95 7011.01
14048.02 7012.36
14049.69 7013.83
14051.15 7015.49
14052.09 7016.73
14053.36 7018.34
14054.9 7019.16
14056.63 7020.65
14057.64 7022.41
14059.07 7023.37
14060.27 7024.87
14061.94 7026.25
14063.18 7027.33
14064.3 7029.29
14066.18 7030.55
14067.38 7031.68
14068.88 7033.24
14070.27 7034.4
14071.22 7035.56
14072.71 7037.12
14074.03 7038.74
14075.35 7040.07
14077.1 7041.37
14078.05 7042.69
14079.29 7043.75
14081.03 7045.49
14082.43 7046.77
14083.77 7048.24
14085.17 7049.64
14086.65 7050.71
14087.85 7052.13
14089.02 7053.55
14090.6 7055.17
14091.91 7056.56
14093.01 7057.79
14094.31 7058.87
14095.92 7060.5
14097.14 7061.65
14098.59 7062.84
14099.92 7064.42
14101.57 7065.88
14102.51 7067.24
14103.84 7068.52
14105.43 7069.71
14106.95 7071.24
14108.37 7072.87
14109.47 7074.1
14111.08 7075.14
14112.4 7076.5
14113.51 7078.41
14115.25 7079.25
14116.48 7080.94
14117.65 7081.95
14119.31 7083.43
14120.6 7084.73
14121.87 7086.23
14123.17 7087.48
14124.79 7089.02
14126.03 7090.23
14127.22 7091.7
14128.87 7093.21
14129.89 7094.34
14131.53 7095.9
14132.7 7097.31
14134.15 7098.47
14135.61 7099.99
14136.58 7101.19
14138.44 7102.72
14139.84 7103.95
14141.17 7105.19
14142.43 7106.48
14143.93 7107.96
14145.02 7109.49
14146.43 7110.77
14147.63 7112.45
14148.84 7113.81
14150.49 7115.04
14151.6 7116.24
14152.96 7117.48
14154.62 7119.25
14156.01 7120.14
14157.41 7121.48
14158.74 7122.95
14160.01 7124.64
14161.7 7125.92
14162.93 7126.96
14164.09 7128.57
14165.47 7129.81
14166.83 7131.44
14168.3 7132.76
14169.3 7134.11
14170.75 7135.6
14172.44 7136.61
14173.49 7138.21
14175.25 7139.36
14176.5 7141.07
14177.57 7142.13
14179.41 7143.78
14180.77 7144.71
14181.58 7146.34
14183 7147.63
14184.77 7148.85
14186.06 7150.38
14187.18 7151.71
14188.61 7153.07
14189.77 7154.61
14191.35 7155.59
14192.51 7157.21
14193.95 7158.58
14195.71 7159.77
14196.75 7161.08
14198.51 7162.82
14199.48 7164.01
14201.11 7165.47
14202.31 7166.63
14203.84 7168.18
14204.91 7169.5
14206.16 7170.9
14207.92 7172.05
14208.94 7173.51
14210.61 7174.83
14211.71 7176.1
14213.51 7177.6
14214.73 7178.9
14215.7 7180.72
14217.17 7181.77
14218.58 7183.36
14219.84 7184.68
14221.47 7185.97
14222.53 7187.22
14224.23 7188.49
14225.4 7190.15
14227.15 7191.51
14228.18 7192.62
14229.78 7194.33
14231.08 7195.26
14232.64 7197.02
14233.9 7198.13
14234.88 7199.45
14236.59 7200.81
14238.02 7202.45
14238.93 7203.91
14240.32 7205.29
14242.08 7206.49
14243.47 7207.86
14244.62 7209.4
14245.88 7210.64
14247.25 7211.69
14248.6 7213.43
14249.95 7214.66
14251.36 7215.68
14253.08 7217.45
14254.21 7218.76
14255.32 7219.72
14257.18 7221.62
14258.31 7222.52
14259.46 7224.11
14261.06 7225.57
14262.12 7226.94
14263.47 7227.91
14265.3 7229.8
14266.32 7230.76
14267.98 7232.32
14269.32 7233.83
14270.66 7234.74
14272.07 7236.63
14273.18 7237.84
14274.7 7238.83
14276.17 7240.26
14277.35 7241.88
14278.93 7243.08
14280.15 7244.56
14281.31 7246.14
14282.82 7247.33
14284.16 7248.61
14285.33 7249.99
14286.65 7251.41
14288.36 7252.89
14289.43 7254.25
14290.86 7255.24
14292.33 7256.86
14293.79 7257.99
14295.23 7259.34
14296.48 7261.04
14297.56 7262.05
14299.29 7263.4
14300.62 7264.97
14302.11 7266.69
14303.23 7267.96
14304.75 7269.22
14305.82 7270.42
14307.21 7272.07
14308.5 7273.41
14310.42 7274.85
14311.59 7275.98
14313.1 7277.38
14314.47 7278.45
14315.87 7280.18
14317.18 7281.61
14318.03 7282.91
14319.88 7284.43
14321.33 7285.4
14322.39 7286.85
14323.9 7288.46
14325.35 7289.71
14326.56 7291.19
14328.12 7292.26
14329.26 7293.94
14330.6 7294.82
14332.17 7296.6
14333.51 7298.03
14334.69 7299
14336.2 7300.49
14337.42 7302.15
14338.93 7302.99
14340.09 7304.53
14341.67 7306.16
14342.69 7307.22
14344.39 7308.52
14345.5 7309.94
14346.92 7311.64
14348.34 7312.88
14349.93 7314.03
14350.95 7315.53
14352.49 7317.07
14354.06 7318.25
14355.43 7319.34
14356.69 7321.02
14357.58 7322.06
14359.41 7323.77
14360.57 7325.29
14361.89 7326.42
14363.26 7327.94
14364.56 7329.02
14365.99 7330.51
14367.3 7331.73
14368.56 7333.12
14370.2 7334.49
14371.33 7335.91
14372.95 7337.57
14373.95 7338.46
14375.89 7340.15
14376.69 7341.55
14378.37 7342.75
14379.74 7344.24
14381.28 7345.75
14382.17 7346.78
14384.01 7348.01
14384.99 7349.84
14386.36 7351.25
14387.68 7352.55
14389.44 7353.91
14390.63 7355.2
14392.17 7356.43
14393.53 7358.01
14394.87 7359.45
14395.9 7360.48
14397.64 7361.85
14398.67 7363.3
14400.15 7364.63
14401.36 7365.92
14403.19 7367.3
14404.53 7368.57
14405.66 7370.26
14407 7371.22
14408.47 7373.05
14409.95 7374.28
14410.9 7375.28
14412.6 7377.03
14414.04 7378.56
14415.17 7379.84
14416.26 7381.3
14417.68 7382.37
14419.08 7383.84
14420.91 7384.88
14421.92 7386.64
14423.64 7387.56
14424.85 7389.14
14426.13 7390.49
14427.56 7391.73
14428.63 7393.47
14430.39 7394.84
14431.58 7395.78
14433.19 7397.32
14434.13 7398.74
14435.63 7399.87
14437.1 7401.75
14438.3 7402.92
14440.01 7404.42
14441.24 7405.85
14442.49 7406.79
14443.93 7408.45
14445.05 7409.37
14446.34 7411.11
14448.05 7412.22
14449.07 7414.03
14450.61 7414.96
14452.08 7416.62
14453.14 7417.56
14454.78 7419.17
14455.97 7420.3
14457.66 7421.81
14458.89 7423.2
14460.43 7424.87
14461.48 7425.79
14463.05 7427.55
14464.15 7428.57
14465.72 7430.17
14467.1 7431.26
14468.35 7433.05
14469.87 7434.05
14471.09 7435.66
14472.46 7436.86
14473.86 7438.51
14475.5 7439.44
14476.69 7441.16
14477.86 7442.22
14479.33 7443.7
14480.55 7445.37
14481.87 7446.22
14483.6 7448.11
14484.56 7449.13
14486.11 7450.33
14487.52 7452.24
14488.9 7453.4
14490.05 7454.75
14491.3 7455.9
14492.87 7457.25
14494.07 7458.79
14495.39 7460.07
14497.32 7461.32
14498.53 7463.11
14499.67 7464.23
14501.15 7465.35
14502.24 7466.78
14503.91 7468.26
14505.03 7469.92
14506.72 7471.07
14508.24 7472.69
14509.39 7473.88
14510.81 7475.45
14511.82 7476.78
14513.54 7478.18
14514.73 7479.04
14516.01 7480.75
14517.46 7482.16
14518.97 7483.59
14519.96 7484.5
14521.84 7486.29
14523.18 7487.41
14524.11 7489.01
14525.84 7490.1
14527.35 7491.49
14528.5 7492.97
14529.92 7494.02
14530.92 7495.56
14532.31 7496.78
14534.06 7498.63
14535.37 7499.78
14536.4 7501.01
14538.26 7502.16
14539.16 7503.86
14540.76 7504.97
14541.99 7506.73
14543.49 7508.19
14544.88 7509.01
14546.09 7510.36
14547.46 7511.86
14548.92 7513.51
14550.45 7515.02
14551.45 7516.18
14552.9 7517.64
14554.65 7518.87
14555.85 7520.42
14556.96 7521.67
14558.38 7522.84
14559.86 7524.05
14561.18 7525.94
14562.83 7527.21
14563.71 7528.08
14565.54 7529.85
14566.62 7530.82
14567.99 7532.51
14569.14 7533.63
14570.97 7535.22
14572.23 7536.8
14573.19 7538.15
14574.6 7539.32
14575.96 7540.93
14577.77 7541.98
14578.75 7543.24
14580.23 7544.79
14581.49 7546.1
14583.26 7547.43
14584.24 7548.83
14585.65 7550.29
14586.98 7551.72
14588.75 7553.12
14589.95 7554.55
14591.46 7555.78
14592.37 7557.05
14594.15 7558.19
14595.24 7559.62
14596.78 7560.99
14597.79 7562.64
14599.52 7563.83
14600.45 7564.96
14601.96 7566.35
14603.53 7568.04
14604.79 7569.46
14606.15 7570.72
14607.53 7571.92
14608.73 7573.33
14610.37 7574.77
14611.48 7576.34
14612.91 7577.37
14614.55 7578.67
14615.52 7580.28
14617.39 7581.5
14618.55 7582.83
14619.57 7584.08
14621.05 7585.76
14622.67 7587.03
14624.08 7588.57
14625.57 7589.8
14626.79 7590.94
14628.13 7592.46
14629.22 7593.78
14630.63 7595.39
14631.94 7596.41
14633.74 7597.85
14635.11 7599.41
14636.28 7600.45
14637.3 7602.13
14639.18 7603.2
14640.47 7604.85
14641.8 7606.23
14642.98 7607.21
14644.39 7609.09
14646.02 7610.27
14647.42 7611.33
14648.48 7613.02
14650.13 7614.04
14651.2 7615.6
14652.46 7616.89
14654.19 7618.62
14655.29 7619.6
14656.78 7621.19
14658.15 7622.77
14659.49 7623.69
14660.76 7625.31
14662.12 7626.39
14663.57 7627.97
14664.59 7629.48
14666.27 7630.78
14667.4 7632.32
14668.73 7633.67
14670.41 7635.05
14671.48 7636.31
14672.86 7637.44
14674.17 7638.67
14675.72 7640.02
14676.94 7641.82
14678.57 7643.23
14679.62 7644.19
14680.96 7645.67
14682.65 7647.24
14683.84 7648.5
14685.61 7649.92
14686.59 7651.34
14687.81 7652.43
14689.41 7653.6
14690.54 7655.37
14692.43 7656.7
14693.68 7657.84
14695.16 7659.18
14696.23 7660.95
14697.58 7662.04
14699.09 7663.35
14700.41 7664.71
14701.92 7666.28
14703.14 7667.3
14704.16 7668.92
14705.92 7670.26
14707.06 7671.54
14708.78 7673.17
14709.9 7674.66
14711.32 7675.6
14712.72 7677.35
14713.98 7678.44
14715.34 7679.69
14717 7681.24
14718.33 7682.57
14719.2 7684.08
14721 7685.39
14721.89 7686.62
14723.24 7687.84
14724.8 7689.59
14726.22 7690.72
14727.39 7691.97
14729.06 7693.66
14730.18 7694.67
14731.99 7695.97
14733.34 7697.75
14734.53 7698.81
14735.89 7700.22
14737.1 7701.61
14738.56 7702.84
14739.78 7704.53
14741.18 7705.47
14742.4 7706.88
14743.96 7708.43
14745.08 7709.75
14746.9 7711.31
14748.18 7712.63
14749.44 7714
14750.85 7715.18
14752.12 7716.41
14753.66 7718.21
14755.18 7719.29
14756.04 7720.73
14757.86 7721.82
14759.18 7723.41
14760.31 7724.58
14761.97 7726.31
14763.35 7727.31
14764.69 7729.19
14765.68 7730.59
14767.42 7731.91
14768.36 7733.08
14770.18 7734.4
14771.02 7735.95
14772.44 7737
14774.07 7738.68
14775.12 7739.81
14776.46 7741.12
14778.23 7742.36
14779.39 7744.12
14781.04 7745.27
14782.04 7746.63
14783.59 7747.81
14785.05 7749.66
14786.09 7751.07
14787.8 7752.27
14789.22 7753.38
14790.39 7754.83
14792.05 7755.95
14793.21 7757.32
14794.29 7759.25
14795.68 7760.04
14797.07 7761.91
14798.61 7763.26
14799.66 7764.26
14801.47 7765.95
14802.89 7767.42
14804.06 7768.31
14805.5 7769.91
14806.51 7771.05
14808.13 7772.82
14809.65 7773.69
14811.02 7775.32
14811.96 7776.58
14813.41 7777.92
14815.22 7779.51
14816.44 7780.78
14817.83 7782.02
14818.81 7783.8
14820.31 7784.76
14821.49 7786.07
14823.36 7787.31
14824.67 7788.75
14826.06 7790.13
14827 7791.89
14828.77 7792.81
14829.76 7794.37
14831.55 7795.94
14832.71 7797.45
14834.15 7798.25
14835.66 7800.09
14836.67 7800.99
14838.34 7802.53
14839.39 7804.26
14840.85 7805.56
14842.19 7806.65
14843.62 7807.84
14844.76 7809.62
14846.08 7810.59
14847.49 7812.35
14848.84 7813.75
14850.52 7814.9
14851.95 7816.26
14852.9 7817.74
14854.56 7818.74
14855.94 7820.22
14857.06 7821.52
14858.67 7823.36
14860.28 7824.62
14861.34 7825.79
14862.96 7827.21
14864.28 7828.64
14865.29 7830.02
14866.86 7831.08
14868.28 7832.77
14869.42 7834.04
14870.97 7835.54
14872.44 7836.58
14873.44 7838.13
14875.11 7839.62
14876.4 7840.93
14877.55 7842.34
14879.3 7843.63
14880.18 7844.94
14881.67 7846.03
14882.96 7847.55
14884.81 7848.94
14886.2 7850.61
14887.49 7852.04
14888.54 7852.86
14890.03 7854.45
14891.35 7855.98
14892.87 7857.03
14893.97 7858.6
14895.54 7859.91
14897.07 7861.32
14898.37 7862.95
14899.4 7864.2
14900.95 7865.32
14902.35 7866.98
14903.93 7868.22
14905.15 7869.26
14906.48 7870.8
14907.56 7872.44
14909.15 7873.61
14910.38 7875.1
14911.84 7876.3
14913.3 7877.63
14914.68 7879.31
14916.08 7880.64
14917.27 7881.95
14918.64 7883.07
14920.1 7884.45
14921.52 7885.74
14922.54 7887.21
14924.22 7888.68
14925.18 7890.2
14926.56 7891.13
14928.25 7892.62
14929.48 7893.92
14930.76 7895.69
14932.56 7896.59
14933.82 7897.85
14935.05 7899.21
14936.14 7900.95
14937.82 7902.32
14939.17 7903.4
14940.47 7905.09
14941.7 7906.22
14943.03 7907.7
14944.48 7909.18
14945.96 7910.2
14947.46 7911.5
14948.82 7913.32
14949.93 7914.46
14951.47 7916.08
14952.92 7916.99
14953.94 7918.38
14955.62 7920.1
14957.12 7921.04
14958.01 7922.79
14959.64 7924
14961.17 7925.31
14962.29 7926.73
14963.65 7927.87
14965.28 7929.7
14966.51 7930.8
14967.55 7932.22
14969.33 7933.72
14970.52 7934.93
14971.76 7936.36
14972.94 7937.85
14974.43 7939.31
14975.79 7940.55
14977.25 7941.68
14978.89 7943.41
14980 7944.37
14981.53 7945.66
14982.74 7946.98
14984.15 7948.89
14985.73 7949.93
14987.05 7951.42
14988.48 7952.66
14989.3 7953.88
14990.74 7955.42
14992.23 7957.06
14993.47 7958.39
14995.03 7959.33
14996.25 7961.12
14997.91 7962.07
14999.3 7963.67
15000.45 7965.21
15001.58 7966.08
15002.95 7967.64
15004.84 7969.31
15006.2 7970.14
15007.3 7971.77
15008.79 7972.94
15009.78 7974.27
15011.25 7975.64
15012.77 7977.12
15014.44 7978.56
15015.76 7980.09
15016.82 7981.13
15018.46 7982.78
15019.55 7984.26
15021.2 7985.43
15022.49 7986.64
15023.63 7987.94
15025.24 7989.32
15026.56 7990.87
15028.08 7992.21
15029.07 7993.43
15030.7 7995.15
15031.62 7996.58
15033.27 7997.84
15034.57 7999.27
15036.16 8000.6
15037.33 8001.96
15038.68 8003.26
15039.98 8004.35
15041.26 8005.86
15042.69 8007.01
15044 8008.5
15045.82 8009.8
15046.96 8011.6
15048.19 8012.6
15049.7 8013.96
15050.94 8015.48
15052.11 8016.8
15053.53 8018.47
15054.98 8019.33
15056.61 8021.07
15058.04 8022.17
15059.13 8023.71
15060.44 8025.24
15061.68 8026.15
15063.43 8027.93
15064.39 8028.88
15066.3 8030.59
15067.32 8032.1
15068.48 8033.16
15069.89 8034.84
15071.34 8035.65
15073.07 8037.26
15074.48 8038.4
15075.73 8039.75
15077.15 8041.31
15078.08 8042.48
15079.6 8044.2
15080.95 8045.64
15082.2 8046.75
15083.88 8048.15
15085.34 8049.57
15086.19 8050.97
15087.8 8052.53
15089.09 8053.73
15090.58 8054.99
15091.73 8056.43
15093.3 8057.8
15094.55 8058.97
15096.21 8060.7
15097.34 8062.12
15098.82 8062.97
15100.33 8064.83
15101.71 8066.12
15102.78 8067.31
15104.04 8068.92
15105.53 8069.92
15106.65 8071.28
15108.51 8072.96
15109.92 8073.94
15110.82 8075.64
15112.22 8076.64
15113.83 8078.37
15114.97 8079.88
15116.31 8081.26
15117.57 8082.54
15119.41 8083.53
15120.4 8084.85
15122.13 8086.64
15123.05 8088.04
15124.89 8088.94
15126.23 8090.32
15127.4 8091.96
15129.04 8093.42
15129.96 8094.36
15131.49 8095.84
15133.14 8097.29
15134.36 8098.69
15135.43 8100.35
15136.87 8101.35
15138.21 8102.75
15139.82 8104.31
15141.28 8105.71
15142.63 8106.77
15144.01 8108.27
15145.28 8109.43
15146.77 8111.09
15147.91 8112.21
15149.05 8113.79
15150.56 8115.11
15152 8116.67
15153.17 8117.84
15154.99 8119.28
15156.08 8120.55
15157.17 8121.86
15158.75 8123.5
15160.21 8124.45
15161.73 8126.06
15163 8127.15
15164 8128.83
15165.86 8130.09
15166.7 8131.67
15168.41 8132.72
15169.59 8134.01
15171.23 8135.5
15172.39 8136.98
15173.5 8138.25
15175.17 8139.7
15176.61 8141.07
15178.17 8142.06
15179.5 8143.68
15180.79 8144.94
15181.82 8146.54
15183.12 8148.09
15184.84 8148.97
15186.01 8150.32
15187.56 8152.08
15188.76 8153.28
15190.36 8154.81
15191.78 8156.15
15192.71 8157.15
15194.27 8158.56
15195.37 8160.13
15196.77 8161.18
15198.22 8162.79
15199.45 8163.93
15201.36 8165.35
15202.17 8167.12
15204.08 8168.46
15205 8169.48
15206.66 8170.89
15207.87 8172.45
15209.01 8173.69
15210.78 8175.04
15212.28 8176.64
15213.48 8177.94
15214.44 8178.96
15215.98 8180.35
15217.61 8182.02
15218.87 8183.2
15220.03 8184.68
15221.58 8185.88
15222.69 8187.27
15224.58 8188.94
15225.85 8190.3
15227.05 8191.63
15228.52 8192.87
15229.5 8194.42
15230.91 8195.77
15232.19 8196.67
15233.79 8198.17
15234.93 8199.56
15236.71 8201.1
15237.72 8202.54
15239.1 8203.78
15240.72 8205.1
15241.81 8206.46
15243.17 8207.74
15244.92 8209.3
15246.41 8210.85
15247.7 8211.75
15248.81 8213.27
15250.41 8214.71
15251.82 8216.1
15252.95 8217.53
15254.25 8219.03
15255.47 8220.14
15256.79 8221.6
15258.28 8222.65
15259.98 8224.43
15261.18 8225.82
15262.6 8226.76
15264.15 8228.33
15264.92 8229.51
15266.3 8230.81
15268.17 8232.68
15269.02 8233.53
15270.84 8235.08
15271.77 8236.62
15273.65 8237.78
15274.56 8239.43
15275.97 8240.63
15277.68 8241.81
15278.85 8243.06
15279.95 8244.6
15281.37 8246.05
15282.8 8247.39
15284.19 8248.74
15285.84 8250.04
15287.3 8251.51
15288.19 8252.99
15289.9 8254.18
15291.22 8255.7
15292.27 8257.09
15293.61 8258.19
15294.98 8259.54
15296.86 8260.85
15297.72 8262.44
15299.41 8263.91
15300.84 8264.92
15302.11 8266.28
15303.59 8267.59
15304.66 8268.98
15306.06 8270.38
15307.27 8271.74
15308.82 8273.63
15310.09 8274.93
15311.65 8275.9
15313.15 8277.73
15314.55 8278.59
15315.44 8280.08
15316.94 8281.27
15318.26 8282.62
15319.53 8284.04
15321.19 8285.5
15322.32 8287.01
15323.85 8288.28
15325.24 8289.73
15326.73 8291.04
15327.69 8292.4
15329.21 8293.91
15330.95 8295.11
15331.94 8296.26
15333.32 8298.03
15335 8299
15336.02 8300.49
15337.54 8301.7
15339.09 8303.51
15340.04 8304.46
15341.66 8305.82
15342.87 8307.58
15344.08 8308.52
15345.74 8309.88
15347.13 8311.68
15348.19 8312.65
15350.03 8314.44
15350.91 8315.41
15352.68 8316.78
15353.71 8318.17
15355.09 8319.62
15356.41 8321.11
15357.74 8322.66
15359.13 8323.87
15360.58 8325.28
15361.98 8326.75
15363.49 8327.74
15364.8 8329.3
15366.47 8330.91
15367.37 8331.81
15368.71 8333.48
15370.44 8334.7
15371.48 8336.11
15373.24 8337.45
15374.11 8339
15375.76 8340
15377.23 8341.33
15378.74 8343.13
15379.92 8344.42
15381.43 8345.64
15382.7 8347.03
15384.11 8348.68
15385.16 8349.74
15386.94 8350.89
15388.2 8352.53
15389.6 8353.58
15390.91 8355.47
15391.91 8356.86
15393.44 8357.78
15394.68 8359.35
15396.01 8360.51
15397.58 8361.9
15398.73 8363.24
15400.21 8364.97
15401.72 8366.09
15402.91 8367.38
15404.19 8368.72
15406.03 8370.23
15407.33 8371.78
15408.21 8373.01
15409.87 8374.16
15411.3 8375.57
15412.42 8376.91
15414.22 8378.17
15415.24 8379.71
15416.9 8381.35
15417.86 8382.42
15419.49 8383.65
15420.95 8385.27
15422.12 8386.35
15423.28 8388.24
15424.64 8389.33
15426.39 8390.74
15427.64 8391.89
15428.83 8393.15
15430.56 8395.04
15431.85 8396.43
15432.83 8397.41
15434.38 8399.12
15435.93 8400.26
15436.89 8401.8
15438.52 8403.16
15439.68 8404.13
15441.38 8405.43
15442.41 8407.32
15443.81 8408.67
15445.23 8409.5
15446.7 8411.29
15448.02 8412.8
15449.41 8414.13
15450.71 8415.12
15452.2 8416.36
15453.52 8418.25
15454.99 8419.61
15456.35 8420.83
15457.66 8422.31
15458.71 8423.52
15460.16 8424.98
15461.42 8426.13
15463 8427.72
15464.68 8428.84
15465.8 8430.32
15467.25 8431.6
15468.69 8433.19
15469.59 8434.2
15470.96 8435.81
15472.41 8436.79
15473.89 8438.61
15475.31 8440
15476.43 8441.34
15477.95 8442.28
15479.62 8444.11
15480.99 8445.23
15482.02 8446.38
15483.39 8448.03
15484.61 8449.61
15486.44 8450.84
15487.81 8452.34
15489.17 8453.27
15490.14 8454.94
15491.85 8456.04
15492.98 8457.37
15494.23 8458.82
15496.08 8460.3
15497.14 8461.53
15498.42 8463.05
15499.8 8464.62
15501.35 8465.63
15502.86 8466.86
15504.03 8468.68
15505.39 8469.84
15506.58 8471.43
15508.2 8472.49
15509.63 8473.67
15510.96 8475.53
15512.46 8476.9
15513.68 8478.21
15515 8479.64
15516.54 8480.5
15517.74 8482.04
15518.97 8483.42
15520.17 8484.74
15521.6 8486.07
15522.92 8487.57
15524.57 8488.68
15525.63 8490.19
15527.36 8491.58
15528.38 8492.87
15530.12 8494.36
15531.23 8495.47
15532.39 8497.28
15534.18 8498.61
15535.33 8499.99
15536.97 8501.25
15537.92 8502.33
15539.71 8503.86
15541.08 8505.21
15542.31 8506.83
15543.74 8508.15
15544.63 8509.56
15546.37 8510.84
15547.57 8512.29
15548.94 8513.66
15550.28 8515.14
15551.91 8516.24
15553.04 8517.64
15554.19 8518.88
15556.05 8520.52
15557.18 8521.38
15558.35 8522.84
15559.68 8524.58
15561.14 8525.72
15562.87 8527.03
15563.92 8528.72
15565.31 8530.08
15566.91 8531.05
15567.94 8532.49
15569.47 8533.9
15571.12 8535.26
15572.49 8536.81
15573.51 8538.15
15574.98 8539.23
15576.43 8540.54
15577.75 8541.96
15578.84 8543.71
15580.24 8545.04
15581.56 8546.51
15582.9 8547.51
15584.42 8549.03
15585.98 8550.33
15587.08 8551.67
15588.78 8553.05
15589.76 8554.15
15591.23 8556.01
15592.57 8557.41
15594.3 8558.61
15595.64 8559.72
15596.61 8561.46
15597.98 8562.39
15599.21 8563.93
15600.98 8565.27
15602.5 8566.69
15603.76 8568.07
15605.15 8569.43
15606.38 8570.65
15607.61 8572.22
15609.31 8573.57
15610.53 8574.99
15611.89 8575.96
15613.36 8577.41
15614.73 8579.2
15615.81 8580.16
15617.47 8581.65
15618.44 8583.06
15619.89 8584.32
15621.42 8585.64
15622.54 8587.44
15623.98 8588.22
15625.44 8590.16
15626.86 8591.5
15628.43 8592.58
15629.45 8593.91
15630.81 8595.19
15632.23 8596.62
15633.42 8598.32
15634.69 8599.54
15636.26 8600.78
15637.85 8602.03
15639.26 8603.82
15640.56 8604.92
15641.85 8606.28
15643.2 8607.35
15644.56 8609.25
15645.8 8610.13
15647.21 8611.57
15648.49 8613.23
15650.09 8614.31
15651.57 8615.64
15652.88 8617.17
15653.94 8618.44
15655.26 8619.76
15656.87 8621.06
15658.22 8622.7
15659.48 8624.04
15660.73 8625.65
15661.97 8626.47
15663.41 8627.8
15664.72 8629.38
15666.33 8630.67
15667.46 8632.07
15669.25 8633.38
15670.25 8635.1
15672.09 8636.12
15673.25 8637.69
15674.47 8639.04
15675.9 8640.56
15677.07 8642.01
15678.53 8642.98
15679.87 8644.55
15681.6 8646.08
15682.61 8647.17
15683.95 8648.26
15685.67 8649.97
15686.69 8651.1
15687.97 8652.9
15689.48 8654.06
15691.18 8655.46
15692.25 8656.69
15693.56 8657.94
15695.16 8659.68
15696.35 8660.92
15697.54 8662.13
15699.29 8663.57
15700.52 8665.05
15701.67 8666.06
15703.04 8667.45
15704.56 8668.88
15706.15 8670.66
15707.27 8671.75
15708.74 8673.37
15709.93 8674.32
15711.32 8675.57
15712.82 8677.13
15713.99 8678.73
15715.39 8679.7
15717.11 8681.36
15718.13 8682.47
15719.81 8683.88
15720.87 8685.21
15722.59 8686.96
15723.78 8688.13
15725.3 8689.76
15726.56 8690.96
15727.79 8692.41
15729.18 8693.74
15730.27 8695.06
15731.69 8696.25
15733.3 8697.44
15734.53 8699.13
15735.91 8700.5
15737.47 8701.76
15738.96 8703.34
15740.24 8704.2
15741.3 8705.83
15742.63 8707.52
15744.31 8708.7
15745.58 8709.78
15747 8711.5
15747.97 8712.74
15749.36 8713.96
15750.69 8715.28
15752.3 8716.57
15753.77 8718.09
15755.08 8719.46
15756.46 8720.87
15757.53 8721.98
15758.99 8723.62
15760.43 8725.08
15761.79 8726.04
15763.46 8727.85
15764.46 8728.76
15766.18 8730.25
15767.28 8731.5
15768.87 8733.31
15769.82 8734.36
15771.71 8736
15772.48 8737.46
15773.86 8738.76
15775.53 8740.04
15776.81 8741.31
15778.06 8742.82
15779.3 8744.08
15781.05 8745.31
15782.52 8746.63
15783.68 8748.07
15784.83 8749.26
15786.5 8750.71
15787.93 8752.37
15789.11 8753.88
15790.65 8754.93
15791.7 8756.51
15793.23 8757.97
15794.76 8759.31
15795.78 8760.19
15797.19 8761.65
15798.65 8762.88
15800.21 8764.58
15801.33 8766.17
15802.57 8767.16
15803.9 8768.49
15805.33 8770.18
15806.66 8771.41
15808.01 8772.94
15809.91 8774.04
15811.28 8775.51
15812.56 8776.83
15813.91 8777.9
15814.92 8779.44
15816.39 8781.18
15817.99 8782.14
15818.97 8783.68
15820.24 8784.89
15822.08 8786.54
15823.08 8787.98
15824.47 8789.3
15825.9 8790.58
15827.64 8791.57
15828.99 8792.9
15830.38 8794.38
15831.37 8795.73
15832.96 8797.19
15834.21 8798.81
15835.77 8800.19
15836.66 8801.48
15838.2 8802.66
15839.46 8804.25
15840.88 8805.47
15842.26 8806.7
15843.62 8808.05
15844.93 8809.27
15846.3 8811.14
15847.76 8812.55
15849.05 8813.4
15850.61 8814.77
15852.17 8816.17
15853.17 8817.85
15854.78 8819.24
15855.82 8820.2
15857.39 8821.7
15858.47 8822.92
15860.32 8824.84
15861.72 8825.66
15862.83 8827.21
15864.25 8828.76
15865.52 8829.8
15866.96 8831.42
15868.29 8832.78
15869.81 8834.34
15870.75 8835.31
15872.23 8836.6
15873.8 8838.45
15875.4 8839.82
15876.32 8840.84
15877.98 8842.56
15879.45 8843.5
15880.53 8845.26
15881.72 8846.63
15883.37 8847.71
15884.86 8848.95
15886.25 8850.45
15887.21 8851.84
15888.66 8853.04
15889.85 8854.59
15891.26 8855.88
15893.04 8857.21
15894.19 8858.54
15895.67 8859.79
15896.77 8861.67
15898.34 8862.77
15899.72 8863.88
15901.19 8865.21
15902.66 8866.8
15904.05 8867.95
15904.98 8869.57
15906.21 8870.88
15907.91 8872.13
15909.4 8873.85
15910.57 8875.35
15912.19 8876.31
15913.29 8878.06
15914.81 8879.15
15916.05 8880.35
15917.14 8882
15918.73 8883.45
15920.01 8884.52
15921.31 8885.85
15923.01 8887.43
15924.36 8888.61
15925.4 8890.12
15926.99 8891.36
15928.56 8892.91
15929.76 8894.27
15931.12 8895.46
15932.45 8896.95
15933.72 8897.96
15935.06 8899.5
15936.76 8900.96
15937.81 8902.26
15939.25 8903.72
15940.9 8905.36
15941.97 8906.37
15943.47 8907.81
15944.89 8909.03
15946.28 8910.56
15947.6 8911.69
15948.92 8913.52
15950.06 8914.41
15951.42 8915.99
15952.71 8917.35
15954.36 8918.42
15955.52 8920.21
15956.84 8921.24
15958.54 8922.57
15959.9 8924.12
15960.82 8925.54
15962.52 8926.73
15964 8928.03
15964.95 8929.59
15966.39 8930.94
15967.99 8932.43
15969.46 8933.6
15970.81 8934.83
15971.91 8936.19
15973.4 8937.62
15974.42 8939.29
15976.22 8940.73
15977.65 8942.04
15978.92 8943.41
15980.29 8944.66
15981.74 8946.26
15982.93 8947.21
15983.96 8948.6
15985.52 8950.37
15986.99 8951.34
15988.39 8952.62
15989.57 8954.36
15991.16 8955.6
15992.68 8956.77
15993.69 8958.26
15995.03 8959.77
15996.44 8960.88
15997.9 8962.4
15999.23 8963.66
16000.35 8965.23
16001.98 8966.33
16003.11 8967.65
16004.54 8969.32
16006.18 8970.75
16007.39 8972.19
16008.64 8973.13
16010.17 8974.36
16011.64 8975.74
16013 8977.6
16014.25 8978.5
16015.54 8980.02
16016.73 8981.7
16018.49 8983.06
16019.73 8984.33
16021.03 8985.82
16022.5 8987.18
16023.83 8988.2
16025.29 8989.62
16026.72 8990.75
16027.76 8992.13
16029.44 8993.71
16030.44 8995.04
16032.09 8996.19
16033.12 8997.56
16034.8 8999.43
16035.82 9000.47
16037.21 9002.17
16038.97 9003.18
16040.02 9004.89
16041.48 9006
16043.07 9007.44
16044.23 9008.93
16045.44 9010.4
16047.17 9011.38
16048.27 9012.85
16049.76 9014.31
16051.36 9015.7
16052.63 9016.98
16053.93 9018.09
16055.35 9019.92
16056.75 9020.89
16057.96 9022.46
16059.01 9023.48
16060.42 9025.27
16061.83 9026.61
16063.38 9027.74
16064.56 9029.32
16065.99 9030.7
16067.46 9032.14
16068.74 9033.44
16070.13 9034.56
16071.43 9036.18
16072.82 9037.12
16074.08 9038.64
16075.92 9040.08
16077.15 9041.38
16078.69 9042.8
16079.79 9044.18
16081.06 9045.66
16082.77 9046.84
16083.83 9048.33
16085.39 9049.96
16086.82 9051.19
16087.85 9052.14
16089.2 9054.07
16090.88 9054.99
16092.07 9056.57
16093.36 9057.97
16094.91 9059.53
16095.88 9060.58
16097.73 9061.9
16098.95 9063.34
16100.45 9064.41
16101.6 9065.79
16102.9 9067.25
16104.47 9068.99
16105.45 9070.39
16107.31 9071.31
16108.12 9072.6
16110.05 9074.09
16111.06 9075.54
16112.44 9077.09
16114.04 9078.06
16115.4 9079.67
16116.34 9081.03
16117.97 9082.2
16119.32 9084.09
16120.91 9084.91
16121.84 9086.74
16123.5 9087.82
16125 9089.32
16125.91 9090.72
16127.22 9091.98
16129.08 9093.64
16130.32 9094.9
16131.58 9095.9
16133.03 9097.46
16134.5 9098.62
16135.9 9100.22
16136.95 9101.51
16138.64 9102.73
16139.82 9104.11
16140.96 9105.45
16142.59 9107.06
16143.91 9108.54
16145.18 9109.97
16146.45 9110.97
16147.8 9112.22
16149.53 9113.53
16150.87 9115.11
16152.16 9116.63
16153.59 9117.68
16154.95 9119.46
16156.14 9120.9
16157.53 9121.95
16158.63 9123.17
16160.23 9124.45
16161.36 9126.07
16163.15 9127.56
16164.35 9129.08
16165.93 9130.47
16167.15 9131.27
16168.47 9132.95
16169.92 9134.32
16171.47 9135.35
16172.5 9137.31
16174.12 9138.14
16175.01 9139.81
16176.77 9141.38
16177.94 9142.28
16179.48 9143.54
16180.74 9145.23
16181.87 9146.37
16183.44 9147.68
16184.94 9149.21
16186.05 9150.7
16187.27 9152.25
16188.71 9153.2
16190.13 9154.9
16191.37 9155.83
16193.19 9157.34
16194.62 9158.9
16195.47 9160.5
16196.99 9161.61
16198.44 9163.14
16199.71 9164.35
16201.16 9165.54
16202.56 9167.26
16203.76 9168.34
16205.09 9169.66
16206.54 9171.14
16208.04 9172.25
16209.43 9174.03
16211 9175.52
16211.89 9176.62
16213.54 9177.99
16214.84 9179.43
16216.49 9180.8
16217.49 9182.08
16219.08 9183.18
16220.05 9184.7
16221.94 9186.37
16222.77 9187.44
16224.36 9189.15
16225.66 9190.01
16227.41 9191.3
16228.33 9192.97
16229.67 9194.13
16231.26 9195.92
16232.44 9197
16234.22 9198.65
16235.02 9200
16236.45 9201.32
16237.93 9202.79
16239.13 9203.58
16240.72 9205.08
16242.23 9206.76
16243.59 9207.88
16244.81 9209.07
16246.23 9210.94
16247.47 9212.31
16248.79 9213.16
16250.14 9214.6
16251.41 9215.97
16252.9 9217.72
16254.22 9218.6
16255.59 9220.47
16257.3 9221.88
16258.35 9223.07
16260.03 9224.39
16261 9225.82
16262.58 9226.98
16264.35 9228.37
16265.22 9229.93
16266.96 9231.04
16267.98 9232.42
16269.54 9233.4
16271.35 9235.26
16272.63 9236.44
16273.83 9237.67
16275.58 9238.95
16276.57 9239.98
16278.33 9241.81
16279.74 9243.03
16281.22 9244.04
16282.2 9245.41
16283.74 9246.87
16285.31 9247.74
16286.71 9249.04
16288.46 9250.44
16289.82 9251.94
16290.97 9253.42
16292.37 9254.24
16294.02 9255.68
16295.47 9257.2
16297.19 9258.06
16298.11 9259.41
16300.05 9260.79
16301.26 9261.79
16303.05 9263.25
16304.32 9264.19
16305.89 9265.48
16307.37 9266.79
16308.73 9268.02
16310.17 9269.23
16311.5 9270.36
16313.29 9271.87
16314.59 9273.3
16316.1 9274.5
16317.65 9275.34
16319.26 9276.83
16320.65 9278.18
16322.09 9279.12
16323.96 9280.55
16325 9281.67
16326.97 9282.66
16328.51 9283.81
16329.79 9285.28
16331.35 9286.51
16332.72 9287.68
16334.25 9288.73
16336.23 9290.01
16337.54 9290.96
16339.18 9291.79
16340.39 9293.46
16341.91 9294.6
16343.59 9295.65
16345.08 9296.93
16347 9297.8
16348.41 9298.7
16349.91 9300.14
16351.27 9301.44
16352.83 9302.6
16354.58 9303.65
16356.42 9304.33
16357.58 9305.62
16359.32 9307.05
16360.76 9307.94
16362.25 9309.1
16363.83 9310.26
16365.65 9311.33
16367.51 9312.27
16369.1 9313.6
16370.73 9314.28
16372.3 9315.82
16373.42 9316.68
16375.42 9317.78
16376.6 9318.9
16378.77 9319.83
16380.26 9320.76
16381.67 9322.04
16383.35 9322.86
16385.06 9324.17
16386.46 9325.16
16388.08 9325.9
16389.85 9326.99
16391.42 9328.06
16392.96 9329.14
16394.85 9330.41
16396.45 9331.24
16398.12 9332.41
16399.37 9333.22
16401.51 9334.21
16403.01 9335.11
16404.56 9336.53
16406.53 9337.08
16407.76 9338.18
16409.87 9339.53
16410.96 9340.5
16413.04 9341.35
16414.61 9342.35
16416.32 9343
16418.19 9344.26
16419.63 9344.83
16421.05 9346.03
16422.81 9347.14
16424.31 9347.74
16426.51 9349.22
16428.2 9350.11
16429.59 9350.87
16431.38 9351.78
16432.75 9352.62
16434.85 9353.54
16436.27 9354.53
16438.36 9355.7
16439.91 9356.55
16441.49 9357.32
16443.02 9358.01
16445.03 9359.07
16446.74 9359.88
16448.35 9361.21
16450.28 9361.6
16451.97 9362.4
16453.72 9363.66
16454.99 9364.45
16457.17 9365.6
16458.73 9365.91
16460.51 9367.15
16461.93 9367.65
16463.75 9368.54
16465.52 9369.42
16467.58 9370.35
16468.74 9371.42
16470.77 9372.47
16472.58 9372.79
16474.16 9373.97
16475.85 9374.5
16477.79 9375.79
16479.58 9376.08
16481.48 9377.02
16483.1 9378.13
16484.86 9379
16486.37 9379.73
16488.43 9380.09
16490.21 9380.93
16491.98 9382.15
16493.4 9382.75
16495.08 9383.54
16497.14 9384.58
16499.09 9384.82
16500.35 9385.84
16502.61 9386.44
16503.88 9387.55
16506 9388.39
16507.75 9389.17
16509.34 9389.51
16511.4 9390.2
16513.12 9391.24
16515.09 9392.13
16516.88 9392.84
16518.68 9393.19
16520.46 9394.28
16521.8 9394.98
16523.73 9395.76
16525.44 9396.38
16527.33 9396.59
16529.2 9397.55
16530.83 9398.32
16532.53 9398.71
16534.46 9399.74
16536.44 9400.14
16537.98 9401.28
16539.77 9401.68
16541.56 9402.57
16543.83 9402.86
16545.57 9403.91
16547.45 9404.24
16549.09 9404.96
16551.12 9405.72
16552.66 9406.27
16554.73 9407.13
16556.63 9407.69
16557.94 9408.28
16560.21 9408.67
16561.55 9409.48
16563.88 9409.82
16565.6 9410.93
16567.13 9411.08
16568.87 9411.8
16571.14 9412.77
16572.79 9413.38
16574.58 9413.84
16576.5 9414.5
16578.62 9414.75
16580.13 9415.42
16581.81 9416.18
16583.79 9416.65
16585.45 9417.43
16587.61 9417.76
16589.68 9418.18
16591.42 9418.79
16593.24 9419.08
16595.02 9419.63
16596.7 9420.38
16598.69 9421.17
16600.57 9421.53
16602.21 9422.31
16603.98 9422.61
16605.89 9423.05
16607.71 9423.43
16609.52 9423.97
16611.42 9424.46
16613.29 9425.04
16615.54 9425.42
16617.45 9426.15
16619.23 9426.52
16621.13 9426.87
16623.15 9427.23
16624.56 9427.96
16626.77 9428.19
16628.62 9429.05
16630.61 9429.48
16632.06 9429.53
16633.95 9430.15
16635.82 9430.67
16637.97 9431.22
16639.93 9431.72
16641.49 9432.23
16643.8 9432.24
16645.29 9432.83
16647.22 9433.41
16649.44 9433.6
16650.8 9433.86
16652.73 9434.25
16654.83 9434.92
16656.54 9435.55
16658.83 9435.35
16660.4 9435.88
16662.67 9436.57
16664.25 9436.99
16666.3 9436.91
16668.25 9437.49
16670.21 9437.83
16672 9438.1
16673.96 9438.67
16675.99 9439.1
16677.74 9439.32
16679.45 9439.34
16681.58 9439.95
16683.16 9440.19
16685.05 9440.37
16687.09 9441.17
16689.03 9441.25
16690.86 9441.84
16692.65 9442.01
16694.9 9441.93
16696.8 9442.69
16698.77 9442.5
16700.25 9442.84
16702.4 9443.44
16704.27 9443.58
16706.47 9443.88
16708.23 9443.99
16709.93 9444.45
16711.74 9444.45
16713.71 9445.07
16715.81 9445.26
16717.56 9445.65
16719.37 9445.4
16721.25 9445.95
16723.13 9446.18
16725.32 9446.63
16727.07 9446.83
16728.98 9447.01
16731.09 9447.24
16733.06 9447.37
16734.98 9447.66
16737.03 9447.81
16738.71 9447.76
16740.68 9448.03
16742.9 9447.94
16744.73 9448.39
16746.59 9448.67
16748.25 9448.47
16750.18 9448.61
16752.25 9449.04
16754.21 9449.27
16755.86 9449.19
16758.01 9449.78
16760.03 9449.92
16761.86 9449.8
16763.83 9450.15
16765.95 9449.95
16767.33 9450.03
16769.47 9450.54
16771.69 9450.45
16773.6 9450.3
16775.15 9450.48
16777.27 9450.5
16779.1 9451.13
16780.82 9451.05
16782.74 9451.07
16785 9451.35
16786.89 9451.06
16788.62 9450.97
16790.76 9451.05
16792.76 9451.52
16794.55 9451.17
16796.59 9451.73
16798.33 9451.42
16800.16 9451.8
16802.42 9451.52
16804.22 9451.58
16805.93 9451.95
16808.15 9451.81
16809.84 9451.72
16811.88 9451.56
16814 9451.8
16815.96 9451.64
16817.71 9451.65
16819.98 9451.78
16821.47 9451.91
16823.69 9452.03
16825.4 9451.74
16827.6 9452.05
16829.1 9452.03
16831.49 9451.65
16833.11 9451.6
16835.09 9451.77
16836.79 9451.79
16839.21 9451.84
16841.23 9451.66
16842.89 9451.56
16844.65 9451.33
16846.96 9451.39
16848.86 9451.03
16850.7 9451.4
16852.33 9450.82
16854.62 9451.16
16856.35 9450.92
16858.31 9450.84
16860.28 9450.77
16862.14 9450.87
16863.85 9450.82
16865.73 9450.41
16867.98 9450.39
16869.71 9450.1
16871.82 9450.15
16873.66 9450.11
16875.75 9449.62
16877.63 9449.69
16879.68 9449.64
16881.41 9449.1
16883.25 9449.39
16885.01 9449.06
16887.36 9448.96
16889.32 9448.75
16890.85 9448.46
16892.93 9448.42
16894.8 9448.31
16897.02 9448.2
16898.63 9447.59
16900.46 9447.79
16902.41 9447.51
16904.18 9447.26
16906.24 9447.07
16908.53 9446.95
16909.94 9446.57
16912.22 9446.09
16913.82 9446
16915.78 9445.74
16918.15 9445.67
16920.07 9445.58
16921.6 9445.33
16923.66 9444.72
16925.84 9444.43
16927.47 9444.68
16929.26 9444.07
16931.48 9443.94
16933.01 9443.51
16934.82 9443.35
16936.8 9442.78
16939.13 9443.01
16940.56 9442.42
16942.71 9442.46
16944.73 9441.73
16946.36 9441.68
16948.29 9440.96
16950.35 9440.98
16952.2 9440.68
16954.01 9440.13
16955.96 9439.96
16957.81 9439.78
16959.96 9439.28
16961.62 9439.05
16963.61 9438.56
16965.85 9438.38
16967.56 9437.81
16969.49 9437.65
16971.02 9437.16
16972.9 9436.5
16974.82 9436.66
16977.13 9435.76
16979.11 9435.5
16980.67 9435.48
16982.82 9434.86
16984.39 9434.18
16986.27 9434.1
16988.52 9433.51
16989.96 9433.51
16991.88 9432.66
16993.88 9432.61
16995.51 9432.02
16997.96 9431.57
16999.45 9431.21
17001.7 9430.59
17003.23 9430.52
17005.31 9430.09
17007.21 9429.34
17008.85 9428.61
17010.75 9428.67
17012.57 9428.01
17014.4 9427.23
17016.39 9427.23
17018.24 9426.63
17019.95 9425.94
17022.09 9425.76
17023.81 9425.17
17025.94 9424.37
17027.82 9424.17
17029.69 9423.76
17031.42 9422.97
17033.36 9422.5
17035.17 9422.19
17037.25 9421.35
17039.07 9421.15
17040.6 9420.39
17042.43 9420.24
17044.34 9419.67
17046.31 9419.18
17048.26 9418.45
17050.3 9417.91
17051.79 9417.68
17054.04 9417.34
17055.86 9416.76
17057.62 9416.01
17059.52 9415.62
17060.97 9415.29
17063.17 9414.53
17065.04 9414.19
17066.66 9413.4
17068.59 9413.2
17070.69 9412.45
17072.12 9412.27
17074.43 9411.67
17076.06 9411.3
17078.25 9410.47
17080.13 9410.37
17081.81 9409.75
17083.62 9409.34
17085.2 9408.68
17087.43 9407.9
17089.38 9407.42
17090.88 9407.2
17092.73 9406.62
17094.8 9405.92
17096.39 9405.83
17098.34 9404.94
17100.13 9404.56
17102.45 9403.96
17104.16 9403.67
17106.17 9402.88
17107.49 9402.35
17109.51 9402.24
17111.34 9401.59
17113.61 9401.23
17115.28 9400.87
17116.87 9400.23
17118.98 9399.89
17120.88 9399.03
17122.42 9398.33
17124.52 9398.36
17126.63 9397.77
17128.58 9397.28
17130.06 9396.38
17132.05 9396.31
17133.89 9395.9
17135.59 9395.02
17137.86 9394.74
17139.67 9394.32
17141.61 9393.58
17143.16 9393.18
17144.88 9392.4
17146.72 9392.19
17148.79 9391.87
17150.76 9391.15
17152.76 9390.86
17154.5 9390.04
17156.5 9389.39
17158.08 9388.93
17159.82 9388.58
17162.06 9388.28
17163.9 9387.72
17165.76 9387.37
17167.23 9386.88
17169.3 9386.22
17170.85 9385.68
17173.15 9385.1
17174.88 9384.61
17176.95 9384.08
17178.62 9383.66
17180.54 9382.89
17182.29 9382.62
17184.14 9381.91
17186.16 9381.46
17188.11 9381.4
17189.82 9380.79
17191.46 9380.25
17193.34 9379.46
17195.18 9379.32
17197.25 9378.57
17199.31 9378.2
17200.69 9377.78
17202.85 9377.32
17204.63 9376.43
17206.37 9376.43
17208.7 9375.81
17210.52 9375.23
17212.08 9374.9
17214.28 9373.88
17215.76 9373.81
17218 9373.22
17219.36 9372.71
17221.7 9372.44
17223.42 9371.79
17225.2 9371.3
17227.19 9370.56
17228.93 9369.95
17231 9369.64
17232.83 9369.19
17234.63 9368.84
17236.53 9368.35
17237.99 9367.89
17239.95 9367.21
17242.12 9366.82
17243.95 9366.13
17245.85 9365.39
17247.54 9365.27
17249.6 9364.87
17251.48 9364
17253.3 9363.69
17254.87 9363.41
17257.07 9362.59
17258.49 9361.87
17260.52 9361.54
17262.18 9361.36
17264.16 9360.82
17266.11 9360.41
17268.3 9359.72
17269.78 9359.22
17271.57 9358.61
17273.83 9358.22
17275.37 9357.39
17277.27 9357.21
17279.52 9356.52
17281.22 9356.23
17282.74 9355.86
17285.09 9354.92
17286.73 9354.76
17288.71 9353.88
17290.57 9353.74
17292.01 9352.97
17294.21 9352.8
17296.27 9351.91
17297.78 9351.58
17299.52 9351.02
17301.42 9350.58
17303.34 9350.43
17305.29 9349.63
17307.29 9348.94
17309.14 9348.84
17311.08 9348.16
17312.5 9347.85
17314.91 9346.99
17316.55 9346.89
17318.66 9345.96
17320.4 9345.82
17321.9 9345.22
17324.01 9344.38
17325.8 9343.88
17327.43 9343.8
17329.78 9342.93
17331.26 9342.8
17333.29 9342.1
17335.24 9341.54
17336.76 9341.3
17338.88 9340.75
17340.96 9340.12
17342.76 9339.68
17344.43 9339.37
17346.03 9338.9
17348.03 9338.44
17349.84 9337.84
17351.88 9337.26
17353.65 9336.49
17355.8 9336.36
17357.54 9335.71
17359.28 9335.26
17361.33 9334.92
17363.25 9334.44
17364.66 9333.87
17367.09 9333.1
17368.6 9332.86
17370.41 9332.02
17372.15 9331.52
17374.2 9331.12
17376.37 9330.56
17378.16 9330.39
17379.56 9329.96
17381.8 9329.11
17383.86 9329
17385.6 9328.19
17387.44 9327.8
17389.36 9326.93
17391.23 9326.5
17393.02 9326.39
17395.03 9325.93
17396.74 9325.1
17398.56 9324.94
17400.37 9324.14
17401.99 9323.56
17403.85 9323.35
17405.76 9322.63
17407.78 9322.11
17409.72 9321.47
17411.75 9321.11
17413.61 9320.74
17415.48 9320.05
17416.93 9319.52
17418.7 9319.17
17421.05 9318.61
17422.62 9318.11
17424.76 9317.93
17426.29 9317.09
17428.11 9316.95
17430.38 9316.27
17431.84 9315.64
17434.03 9315.27
17435.66 9314.58
17437.48 9313.97
17439.72 9313.74
17441.06 9313.49
17443.45 9312.89
17444.99 9311.99
17447.02 9311.78
17448.57 9311.14
17450.97 9310.58
17452.58 9310.1
17454.44 9309.9
17456.54 9309.14
17458.15 9308.88
17459.7 9308.44
17461.7 9307.94
17463.45 9307.28
17465.39 9306.71
17467.51 9306.46
17469.35 9305.63
17471.18 9305.1
17473.04 9304.75
17474.84 9304.06
17476.95 9303.44
17478.51 9303.2
17480.51 9303.01
17482.25 9302.14
17484.21 9301.85
17485.99 9301.21
17488.03 9300.55
17489.89 9300.36
17491.71 9299.96
17493.61 9299.15
17495.65 9298.53
17497.07 9298.21
17499.09 9297.74
17501.06 9297.16
17503.02 9296.99
17504.79 9296.4
17506.82 9295.98
17508.35 9295.44
17510.53 9294.86
17512.19 9294.3
17514.28 9293.68
17515.74 9293.31
17517.9 9292.8
17519.45 9292.26
17521.65 9291.95
17523.47 9291.48
17525.43 9290.89
17527.23 9290.29
17529 9289.52
17530.98 9289.34
17532.52 9288.85
17534.64 9288.09
17536.21 9287.73
17538.33 9287.16
17540.26 9286.78
17541.79 9286.19
17543.71 9286.04
17545.67 9285.4
17547.62 9284.78
17549.34 9284.2
17551.28 9283.47
17552.96 9283.13
17555.04 9282.76
17557.18 9282.34
17558.5 9282.01
17560.37 9280.97
17562.74 9280.52
17564.38 9280.39
17565.99 9279.8
17568.16 9279.18
17570.18 9278.69
17571.97 9278.07
17573.61 9277.73
17575.24 9277.25
17577.15 9276.99
17579.54 9276.46
17581.26 9275.71
17582.72 9275.41
17585.1 9274.82
17586.64 9274.07
17588.58 9273.49
17590.52 9273.03
17592.29 9272.98
17594.03 9272.45
17595.91 9272.04
17598.14 9271.41
17599.64 9270.52
17601.61 9270.07
17603.41 9269.76
17605.4 9269.35
17606.96 9268.86
17608.86 9268.22
17611.12 9267.99
17612.64 9267.36
17614.93 9266.9
17616.47 9266.5
17618.61 9265.56
17620.27 9265.44
17622.34 9264.53
17623.8 9264.14
17625.94 9263.61
17627.8 9263.05
17629.48 9262.85
17631.66 9262.51
17633 9261.79
17635.15 9261.27
17636.96 9260.72
17638.95 9260.11
17640.94 9260.04
17642.63 9259.34
17644.46 9258.77
17646.31 9258.12
17648.09 9257.55
17649.93 9257.01
17651.76 9256.94
17653.96 9256.18
17655.41 9255.91
17657.36 9255.49
17659.29 9254.68
17661.26 9254.02
17662.95 9254.05
17665.27 9253.11
17667.06 9252.84
17668.75 9252.09
17670.82 9251.59
17672.52 9251.33
17674.22 9250.8
17676.05 9250.42
17677.8 9249.84
17679.73 9249.31
17682.02 9249.01
17683.9 9248.13
17685.46 9248.05
17687.52 9247.02
17689.11 9246.56
17691.14 9246.23
17692.8 9245.86
17694.5 9245.52
17696.7 9244.62
17698.38 9244.16
17700.66 9244
17701.98 9243.3
17703.99 9242.64
17705.95 9242.41
17707.61 9241.61
17709.7 9241.3
17711.41 9241.01
17713.25 9240.42
17715.24 9239.68
17717.23 9239.35
17719.18 9238.96
17720.96 9238.08
17722.88 9237.7
17724.52 9237.12
17726.74 9236.98
17728.27 9236.21
17730.42 9235.71
17732.23 9235.06
17733.8 9234.63
17735.69 9234.08
17737.63 9233.62
17739.49 9233.62
17741.46 9232.97
17743.13 9232.32
17744.91 9231.57
17747.15 9231.45
17748.66 9230.68
17750.66 9230.11
17752.79 9229.55
17754.44 9229.39
17756.09 9228.92
17758.37 9228.46
17760.13 9227.71
17762.1 9227.06
17764.02 9226.79
17765.43 9226.32
17767.46 9226.14
17769.04 9225.47
17771.24 9224.98
17772.94 9224.19
17775.02 9224.07
17776.54 9223.28
17778.63 9222.54
17780.22 9222.62
17782.25 9221.56
17784.39 9221.61
17785.81 9220.87
17788.1 9220.17
17789.82 9219.96
17791.69 9219.47
17793.68 9218.77
17795.27 9218.2
17797.38 9217.57
17799.27 9217.21
17800.82 9217.01
17802.8 9216.23
17804.52 9215.88
17806.41 9215.08
17808.7 9214.73
17810.47 9214.15
17811.98 9213.8
17813.9 9213.48
17816 9213.05
17817.62 9212.41
17819.53 9211.96
17821.31 9211.18
17823.27 9211.09
17825.33 9210.54
17826.95 9209.85
17828.93 9209.27
17830.85 9208.97
17832.64 9208.53
17834.77 9208.05
17836.64 9207.25
17838.23 9206.86
17840.14 9206.1
17841.89 9206.02
17844 9205.29
17845.61 9204.84
17847.62 9204.17
17849.49 9203.71
17851.17 9203.62
17853.05 9203.05
17855.08 9202.46
17856.65 9202.09
17859.03 9201.36
17860.86 9201.03
17862.27 9200.65
17864.66 9200.17
17866.32 9199.63
17868.29 9198.81
17869.89 9198.13
17871.85 9197.65
17873.74 9197.51
17875.42 9196.83
17877.4 9196.59
17879.22 9195.78
17880.85 9195.14
17882.81 9195.16
17884.79 9194.6
17886.57 9193.67
17888.37 9193.37
17890.33 9193.02
17892.6 9192.24
17894.4 9191.8
17895.78 9191.35
17897.72 9190.67
17899.93 9190.31
17901.78 9189.79
17903.25 9189.56
17905.23 9188.87
17907.44 9188.53
17909.29 9187.84
17911.09 9187.15
17912.89 9186.74
17914.89 9186.15
17916.39 9186.01
17918.3 9185.54
17920.25 9184.9
17921.99 9184.6
17924.3 9183.9
17925.79 9183.45
17927.82 9182.77
17929.3 9182.63
17931.32 9181.79
17933.08 9181.21
17935.23 9180.88
17937.31 9180.27
17939.2 9179.67
17940.58 9179.25
17942.53 9178.88
17944.52 9178.39
17946.59 9178.2
17948.2 9177.68
17950.11 9176.89
17952.03 9176.28
17953.54 9175.9
17955.67 9175.25
17957.31 9175.15
17959.21 9174.5
17961.43 9173.82
17963.42 9173.17
17965.19 9172.67
17966.77 9172.19
17968.9 9172.08
17970.54 9171.36
17972.35 9170.74
17974.05 9170.16
17976.32 9170.1
17978.05 9169.6
17979.83 9168.99
17981.58 9168.37
17983.76 9168.01
17985.22 9167.23
17987.3 9167.1
17988.98 9166.43
17990.83 9166.05
17992.66 9165.47
17994.62 9165.07
17996.83 9164.2
17998.76 9163.76
18000.69 9163.49
18002.39 9163.09
18004.34 9162.63
18006.23 9162.19
18008 9161.39
18009.58 9160.83
18011.46 9160.48
18013.54 9159.69
18015.13 9159.13
18017.13 9159.03
18018.84 9158.26
18021.06 9157.89
18022.96 9157.48
18024.67 9156.97
18026.78 9156.53
18028.38 9155.67
18030.26 9155.31
18032.39 9155.05
18033.87 9154.66
18036.09 9154.17
18037.95 9153.34
18039.39 9152.86
18041.25 9152.39
18043.11 9151.78
18045.16 9151.52
18047.29 9150.92
18048.75 9150.52
18050.63 9149.79
18052.36 9149.35
18054.39 9149.14
18056.23 9148.53
18057.96 9148.07
18060.09 9147.4
18061.69 9146.95
18063.54 9146.55
18065.5 9146.16
18067.3 9145.64
18069.38 9144.74
18071.2 9144.47
18073.26 9144.03
18074.92 9143.55
18076.72 9143.05
18078.44 9142.28
18080.58 9142.04
18082.34 9141.33
18084.05 9140.95
18086.28 9140.48
18087.87 9140.24
18089.8 9139.74
18091.51 9139.23
18093.8 9138.58
18095.15 9137.78
18097.02 9137.49
18099.29 9136.74
18101.13 9136.16
18102.85 9135.85
18104.78 9135.51
18106.62 9135.2
18108.25 9134.59
18110.12 9134.19
18112.3 9133.25
18114.3 9133.09
18116.06 9132.41
18117.6 9132.18
18119.61 9131.67
18121.3 9130.85
18123.18 9130.37
18125.34 9129.96
18127.21 9129.34
18129.25 9128.69
18130.6 9128.35
18132.52 9128.12
18134.67 9127.75
18136.64 9126.99
18138.42 9126.53
18140.3 9125.74
18141.84 9125.45
18143.76 9124.68
18145.97 9124.63
18147.34 9124.26
18149.4 9123.75
18151.24 9122.84
18153.05 9122.56
18155.37 9122.09
18156.68 9121.53
18158.78 9120.96
18160.55 9120.5
18162.51 9119.94
18164.11 9119.53
18166.38 9119.16
18168.35 9118.22
18169.96 9118.25
18171.68 9117.48
18173.65 9116.81
18175.52 9116.68
18177.4 9116.15
18179.52 9115.34
18181.45 9115.14
18182.74 9114.4
18184.76 9113.89
18186.84 9113.63
18188.68 9113.13
18190.55 9112.75
18192.55 9112.03
18193.92 9111.3
18195.83 9111.16
18198.01 9110.33
18199.87 9110.27
18201.68 9109.79
18203.75 9109.19
18205.42 9108.45
18207.34 9107.84
18209.02 9107.38
18211.26 9107.17
18212.74 9106.46
18214.61 9106.04
18216.5 9105.33
18218.26 9105.2
18220.31 9104.62
18222.23 9103.92
18224.18 9103.61
18225.96 9103.25
18228.03 9102.6
18229.45 9102.29
18231.19 9101.76
18233.08 9100.9
18235.17 9100.75
18237.28 9099.91
18239.24 9099.65
18240.82 9098.83
18242.69 9098.58
18244.54 9098
18246.48 9097.8
18248.55 9096.91
18249.97 9096.59
18252.08 9095.94
18253.7 9095.74
18255.5 9095.3
18257.64 9094.21
18259.41 9093.85
18261.09 9093.32
18263.2 9093.27
18265.06 9092.37
18267.18 9091.88
18268.77 9091.61
18270.36 9090.77
18272.43 9090.52
18274.64 9089.94
18275.99 9089.47
18277.95 9089.28
18279.99 9088.64
18281.53 9088.14
18283.83 9087.49
18285.31 9087.14
18287.66 9086.65
18289.31 9085.78
18291.07 9085.34
18292.98 9085.09
18294.6 9084.56
18296.84 9083.79
18298.6 9083.35
18300.48 9082.84
18302.2 9082.26
18303.92 9081.92
18305.79 9081.72
18308.13 9081.27
18310.04 9080.76
18311.83 9080.33
18313.74 9079.74
18315.26 9078.87
18317.02 9078.31
18318.98 9077.97
18320.88 9077.73
18323.02 9076.8
18324.46 9076.74
18326.8 9075.93
18328.3 9075.64
18330.2 9075.09
18332.08 9074.73
18334.24 9073.96
18335.76 9073.35
18337.42 9073.32
18339.34 9072.73
18341.65 9072.1
18343.42 9071.5
18345.29 9070.85
18346.78 9070.49
18349.14 9069.95
18350.97 9069.48
18352.73 9069.16
18354.53 9068.81
18356.44 9067.9
18358.41 9067.42
18360.06 9067.27
18362.08 9066.34
18363.53 9066.1
18365.59 9065.58
18367.31 9064.92
18369.11 9064.48
18371.37 9064.3
18372.82 9063.58
18375.18 9063.2
18376.77 9062.84
18378.83 9062.27
18380.74 9061.73
18382.73 9061.23
18384.45 9060.54
18386.02 9060.15
18387.83 9059.32
18390.11 9059.27
18391.67 9058.42
18393.44 9058.2
18395.47 9057.35
18397.47 9056.96
18399.13 9056.61
18401.26 9055.78
18402.73 9055.36
18405.01 9054.88
18406.55 9054.68
18408.64 9053.81
18410.36 9053.35
18412.4 9052.94
18414.03 9052.74
18416 9051.86
18417.98 9051.41
18419.43 9051.18
18421.63 9050.32
18423.31 9050.25
18425.42 9049.7
18426.87 9048.81
18428.81 9048.34
18430.93 9048.3
18432.66 9047.31
18434.44 9047.21
18436.27 9046.28
18438.39 9045.94
18440.32 9045.66
18442.29 9045.27
18444.03 9044.63
18445.92 9043.91
18447.56 9043.59
18449.55 9043.26
18451.5 9042.4
18453.1 9041.97
18454.99 9041.43
18456.68 9040.96
18458.64 9040.35
18460.5 9040.28
18462.62 9039.53
18464.5 9039.24
18466.19 9038.69
18468.4 9038.06
18470.13 9037.33
18471.76 9036.89
18473.77 9036.84
18475.46 9036.35
18477.76 9035.68
18479.13 9035.34
18481.07 9034.39
18483.1 9034.04
18485.22 9033.5
18486.57 9033.28
18488.62 9032.75
18490.23 9031.95
18492.13 9031.49
18494.44 9031.07
18496.11 9030.81
18497.74 9029.96
18500.11 9029.89
18501.92 9029.03
18503.53 9028.32
18505.3 9028.21
18507.03 9027.31
18509.08 9027.05
18510.73 9026.6
18512.68 9026.11
18514.79 9025.51
18516.81 9025.05
18518.39 9024.5
18520.46 9024.27
18522.4 9023.52
18524.16 9022.96
18525.66 9022.7
18527.95 9021.84
18529.62 9021.75
18531.76 9021.3
18533.16 9020.82
18535.3 9020.03
18536.89 9019.59
18538.89 9019.15
18540.75 9018.53
18542.81 9018.05
18544.65 9017.78
18546.56 9016.95
18548.25 9016.45
18550.34 9016.38
18551.89 9015.44
18554.16 9014.82
18555.82 9014.5
18557.51 9013.97
18559.75 9013.49
18561.33 9012.86
18563.21 9012.88
18564.78 9011.88
18567.17 9011.76
18568.7 9011.05
18570.51 9010.88
18572.56 9010.2
18574.6 9009.55
18576.5 9009.13
18578.32 9008.39
18580.08 9008
18581.76 9007.65
18583.78 9007.03
18585.27 9006.71
18587.64 9006.16
18589.4 9005.34
18591.26 9005.25
18593.21 9004.8
18594.97 9004.17
18596.7 9003.75
18598.53 9002.97
18600.44 9002.64
18602.29 9001.87
18604.34 9001.65
18606.08 9001.08
18607.86 9000.77
18609.83 9000.3
18611.44 8999.52
18613.77 8998.98
18615.27 8998.51
18617.15 8998.04
18618.97 8997.52
18620.83 8996.86
18622.65 8996.59
18624.62 8996.2
18626.36 8995.92
18628.68 8995.02
18630.25 8994.81
18632.26 8993.87
18634.06 8993.39
18636.01 8992.89
18638.03 8992.36
18639.85 8992.36
18641.4 8991.64
18643.29 8991.01
18644.98 8990.78
18646.92 8990.04
18648.62 8989.77
18650.6 8988.96
18652.8 8988.76
18654.36 8987.97
18656.46 8987.42
18658.44 8987.02
18660.18 8986.39
18662.08 8986.14
18663.85 8985.4
18665.59 8985.3
18667.59 8984.55
18669.33 8983.87
18671.2 8983.87
18673.29 8983
18675.03 8982.48
18676.8 8982.06
18678.8 8981.39
18680.83 8981.24
18682.74 8980.89
18684.6 8980.28
18685.97 8979.73
18688.18 8978.95
18689.74 8978.9
18691.73 8978.17
18693.74 8977.42
18695.34 8977.3
18697.61 8976.92
18699.49 8976.31
18701.22 8975.44
18703.18 8975
18704.63 8974.55
18706.42 8974.39
18708.29 8973.57
18710.56 8973.35
18712.43 8972.71
18714.16 8972.23
18715.73 8971.54
18717.74 8971.44
18719.62 8970.38
18721.76 8970.41
18723.35 8969.55
18725.22 8969.05
18727.17 8968.7
18728.75 8967.92
18730.77 8967.88
18733.04 8967.07
18734.91 8966.58
18736.62 8966.14
18738.21 8965.79
18739.98 8965.4
18742.36 8964.41
18744.01 8964.4
18746.06 8963.99
18747.8 8963.34
18749.41 8962.69
18751.55 8962.39
18753.31 8961.53
18755.15 8961.02
18756.81 8960.89
18758.86 8960.37
18760.67 8959.99
18762.31 8959.02
18764.33 8958.44
18766.52 8958.32
18768.41 8957.87
18769.76 8957.12
18771.89 8956.76
18774.03 8956.33
18775.44 8955.43
18777.6 8954.94
18779.37 8954.74
18781 8954.49
18782.8 8953.78
18784.87 8953.08
18786.97 8952.71
18788.94 8951.96
18790.37 8951.65
18792.48 8951.1
18794.09 8950.53
18796.21 8950.08
18797.96 8949.7
18799.88 8949.39
18801.58 8948.44
18803.65 8948.33
18805.64 8947.44
18807.5 8947.43
18809.22 8946.96
18811.26 8946.26
18813.07 8945.48
18814.62 8945.41
18816.47 8944.7
18818.47 8943.92
18820.08 8943.43
18822.36 8943.27
18824.34 8942.75
18826.02 8942.17
18827.79 8941.48
18829.48 8941.26
18831.46 8940.51
18833.14 8940.15
18834.98 8939.52
18837.05 8939.35
18839.09 8938.84
18840.92 8938.34
18842.46 8937.94
18844.63 8937.4
18846.42 8936.81
18848.31 8936.51
18850.1 8935.48
18851.94 8935.52
18853.88 8934.49
18855.89 8934.28
18857.38 8933.78
18859.6 8933.49
18861.26 8932.66
18862.96 8932.14
18864.95 8931.78
18866.68 8930.94
18868.74 8930.6
18870.88 8930.37
18872.25 8929.92
18874.43 8929.02
18876.3 8928.74
18878.33 8928.35
18880.2 8927.88
18881.7 8927.4
18884.01 8926.79
18885.47 8926.45
18887.64 8925.77
18889.33 8925.08
18891.44 8924.97
18892.98 8924.16
18894.89 8923.47
18896.49 8923.08
18898.51 8922.58
18900.51 8922.04
18902.56 8921.77
18904.26 8921.37
18906.16 8921.02
18908.12 8920.08
18909.51 8919.86
18911.56 8919.38
18913.37 8918.99
18915.52 8918.23
18917.51 8917.5
18919.08 8917.06
18921.02 8916.84
18923.07 8916.11
18924.93 8915.87
18926.47 8914.98
18928.21 8914.99
18930.17 8914.4
18932.36 8914.03
18934.23 8913.12
18935.97 8912.68
18937.63 8912.36
18939.69 8911.65
18941.58 8911.5
18943.34 8910.53
18945.15 8910.27
18947.09 8909.67
18948.79 8909.26
18950.65 8908.67
18952.84 8908.25
18954.6 8907.83
18956.23 8907.34
18958.11 8906.49
18960.36 8906.27
18962.14 8905.88
18964.07 8905.08
18965.79 8904.74
18967.58 8904.39
18969.71 8903.56
18971.54 8903.49
18973.39 8902.64
18975 8902.23
18977.02 8901.5
18978.91 8901.18
18980.46 8900.78
18982.25 8900.23
18984.52 8899.53
18986.42 8899.51
18987.78 8898.86
18989.74 8898.2
18991.6 8898.07
18993.73 8897.11
18995.63 8897.04
18997.3 8896.51
18999.51 8895.84
19001.13 8895.22
19003.28 8894.9
19004.61 8894.52
19006.87 8893.76
19008.8 8893.32
19010.15 8893.07
19012.22 8892.53
19014.36 8891.88
19015.88 8891.31
19017.96 8890.92
19019.89 8890.23
19021.91 8890.07
19023.76 8889.19
19025.22 8888.77
19027.2 8888.35
19028.87 8887.95
19031.01 8887.12
19032.59 8886.67
19034.89 8886.52
19036.7 8885.6
19038.12 8885.09
19040.24 8884.52
19042.05 8884.22
19043.73 8883.78
19045.81 8883.2
19047.69 8882.66
19049.28 8882.11
19051.21 8881.79
19053.32 8881.1
19055.13 8880.55
19057.15 8880.27
19058.92 8879.64
19060.6 8879.19
19062.47 8878.51
19064.56 8878.14
19066.16 8877.75
19068.27 8877.04
19069.84 8876.78
19072.01 8876.53
19073.67 8875.65
19075.69 8875.42
19077.34 8874.6
19079.19 8874.1
19081.28 8873.53
19083.22 8873.2
19084.9 8872.62
19086.96 8872.05
19088.47 8871.86
19090.38 8871.6
19092.3 8870.71
19094.11 8870.22
19096.3 8869.63
19097.9 8869.42
19099.62 8868.71
19101.77 8868.53
19103.89 8867.78
19105.37 8867.51
19107.54 8866.81
19108.99 8866.31
19110.98 8865.99
19112.73 8865.39
19114.59 8864.78
19116.43 8864.55
19118.54 8863.92
19120.1 8863.19
19122.46 8862.68
19124.12 8862.57
19125.9 8862.11
19127.91 8861.17
19130 8861.02
19131.6 8860.07
19133.22 8859.66
19135.14 8859.51
19137.34 8858.79
19138.78 8858.33
19141 8857.62
19142.54 8857.04
19144.84 8856.8
19146.44 8856.24
19148.47 8855.88
19150.05 8855.47
19152.16 8854.88
19154.1 8854.43
19155.78 8853.87
19157.95 8853.51
19159.8 8853.04
19161.56 8852.28
19163.15 8852.02
19165.39 8851.15
19166.98 8851.02
19168.77 8850.64
19170.55 8849.73
19172.49 8849.32
19174.34 8848.86
19176.29 8848.16
19178 8847.89
19180.17 8847.09
19182.12 8846.96
19183.56 8846.31
19185.67 8845.99
19187.18 8845.41
19189.11 8844.94
19191.28 8844.46
19193.04 8844.05
19194.74 8843.46
19196.97 8842.88
19198.79 8842.64
19200.61 8841.71
19202.6 8841.35
19204.51 8841.06
19206.15 8840.43
19207.84 8839.79
19210.01 8839.63
19211.67 8838.56
19213.43 8838.14
19215.55 8837.75
19217.48 8837.23
19219.31 8836.6
19220.92 8836.17
19222.8 8835.62
19224.59 8835.31
19226.85 8834.79
19228.35 8834.52
19230.32 8834.04
19232.34 8833.65
19233.91 8832.59
19236.01 8832.47
19237.66 8832.05
19239.43 8831.47
19241.69 8830.85
19243.13 8830.16
19244.96 8829.89
19247.32 8829.46
19249.02 8828.79
19251.13 8828.32
19252.58 8827.72
19254.65 8827.37
19256.17 8826.77
19258.11 8826.16
19260.32 8825.73
19262.28 8825.35
19263.59 8824.67
19265.73 8824.15
19267.5 8823.77
19269.58 8823.21
19271.16 8822.92
19273.48 8822.35
19275.23 8821.68
19276.9 8821.21
19278.95 8821.17
19280.58 8820.4
19282.45 8819.94
19284.18 8819.4
19285.94 8819.1
19288.37 8818.68
19290 8817.75
19291.82 8817.43
19293.55 8817.07
19295.72 8816.26
19297.5 8815.81
19299.57 8815.22
19301.39 8815.19
19303 8814.6
19305.12 8813.77
19306.46 8813.16
19308.45 8812.79
19310.17 8812.61
19312.53 8811.6
19314.12 8811.44
19316.01 8810.86
19318.14 8810.1
19319.89 8809.61
19321.91 8809.18
19323.47 8808.87
19325.65 8808.65
19327.07 8807.61
19329.39 8807.34
19330.95 8807.02
19332.91 8806.12
19334.84 8805.8
19336.46 8805.68
19338.24 8805.02
19340.03 8804.31
19342.33 8804
19344.1 8803.27
19346.01 8803.08
19347.6 8802.38
19349.44 8802.2
19351.38 8801.69
19353.06 8800.76
19354.97 8800.35
19357.01 8799.96
19358.67 8799.44
19360.75 8798.79
19362.45 8798.15
19364.21 8798.02
19366.45 8797.27
19367.95 8797.2
19370.32 8796.12
19371.88 8795.62
19374.09 8795.31
19375.63 8795.09
19377.8 8794.12
19379.26 8793.73
19381.37 8793.24
19383.4 8793.02
19384.98 8792.31
19386.96 8791.67
19388.68 8791.23
19390.32 8791.15
19392.64 8790.49
19394.16 8789.81
19396.18 8789.43
19398.31 8788.75
19400.02 8788.58
19402 8787.83
19403.91 8787.16
19405.42 8787.19
19407.19 8786.64
19409.32 8785.82
19411.1 8785.38
19412.88 8785.22
19415.11 8784.36
19416.58 8784.18
19418.5 8783.14
19420.26 8782.81
19422 8782.37
19423.93 8781.64
19425.98 8781.46
19427.97 8780.71
19429.69 8780.69
19431.37 8780.12
19433.57 8779.58
19435.59 8779.18
19437.11 8778.68
19438.75 8777.7
19440.67 8777.47
19442.79 8777.06
19444.58 8776.43
19446.22 8776.19
19448.64 8775.34
19450.33 8774.87
19452.37 8774.35
19453.92 8773.92
19456.06 8773.16
19457.46 8773.01
19459.72 8772.53
19461.3 8772.2
19463.24 8771.3
19464.9 8771
19467.14 8770.31
19468.93 8769.76
19470.5 8769.24
19472.78 8768.65
19474.29 8768.59
19476.42 8767.69
19478.17 8767.29
19480.03 8766.85
19481.98 8766.71
19484.05 8766.18
19485.89 8765.52
19487.52 8765.06
19489.18 8764.73
19491.17 8763.93
19492.94 8763.67
19494.89 8762.87
19496.63 8762.36
19498.5 8762.02
19500.78 8761.42
19502.51 8760.83
19503.99 8760.24
19506.12 8759.78
19507.92 8759.58
19510.05 8759.21
19511.47 8758.59
19513.62 8757.73
19515.63 8757.48
19517.23 8757.04
19519 8756.24
19521 8756.05
19522.71 8755.69
19524.79 8754.97
19526.57 8754.27
19528.32 8754.25
19530.51 8753.29
19532.17 8752.95
19534.11 8752.54
19535.87 8752.26
19537.91 8751.19
19539.54 8751.16
19541.62 8750.42
19543.7 8750.13
19545.21 8749.68
19546.97 8748.83
19548.84 8748.71
19550.71 8748.04
19552.81 8747.67
19554.78 8746.77
19556.75 8746.58
19558.12 8746.15
19560.25 8745.41
19561.75 8745.16
19563.68 8744.58
19565.48 8744.16
19567.72 8743.36
19569.25 8742.84
19571.64 8742.21
19573.1 8741.89
19575.12 8741.43
19577.07 8741.13
19578.74 8740.53
19580.92 8740.05
19582.26 8739.42
19584.58 8739.27
19586.25 8738.63
19588.21 8737.85
19589.96 8737.75
19591.86 8737
19593.89 8736.7
19595.48 8735.77
19597.22 8735.75
19599.29 8735.25
19601.42 8734.73
19602.99 8733.98
19605.04 8733.43
19606.56 8733.06
19608.51 8732.75
19610.46 8731.77
19612.22 8731.7
19614.26 8730.72
19616.15 8730.35
19617.76 8730.15
19620.02 8729.77
19621.61 8728.9
19623.4 8728.44
19625.45 8727.75
19627.5 8727.43
19628.89 8726.8
19631.25 8726.66
19632.68 8725.99
19634.46 8725.58
19636.8 8724.73
19638.39 8724.72
19640.34 8724.22
19641.99 8723.29
19644.02 8722.96
19645.96 8722.44
19647.52 8722.03
19649.57 8721.73
19651.2 8721.24
19653.57 8720.78
19655.46 8720.04
19657.04 8719.65
19659.21 8718.94
19660.65 8718.25
19662.39 8718.05
19664.58 8717.45
19666.36 8717.22
19668.06 8716.68
19669.97 8716.03
19671.96 8715.75
19673.8 8714.88
19675.75 8714.56
19677.56 8713.84
19679.27 8713.77
19681.12 8713.11
19683.08 8712.6
19684.91 8711.74
19686.87 8711.59
19688.97 8711.33
19690.44 8710.75
19692.72 8710.06
19694.25 8709.39
19696.12 8708.91
19698.11 8708.62
19700.2 8708.19
19701.95 8707.48
19703.78 8706.9
19705.51 8706.62
19707.48 8705.87
19709.11 8705.76
19711.12 8704.75
19712.72 8704.3
19715.08 8704.08
19716.97 8703.34
19718.65 8703.19
19720.63 8702.38
19722.02 8702.01
19723.91 8701.31
19726.28 8700.8
19727.77 8700.81
19729.69 8700.04
19731.44 8699.5
19733.3 8699.1
19735.41 8698.28
19737.08 8698.15
19738.78 8697.5
19740.94 8697.06
19742.63 8696.35
19744.8 8696.25
19746.43 8695.79
19748.23 8695.26
19750.44 8694.51
19752.04 8694.17
19753.94 8693.45
19755.9 8692.76
19757.48 8692.59
19759.69 8691.86
19761.54 8691.75
19763.16 8690.83
19765.22 8690.51
19767.13 8690.09
19768.98 8689.35
19770.63 8689.01
19772.85 8688.69
19774.63 8688.14
19776.52 8687.42
19778.03 8686.8
19780.18 8686.66
19782.09 8686.17
19784.06 8685.49
19785.82 8684.91
19787.29 8684.68
19789.39 8684.04
19791.29 8683.36
19793.25 8682.91
19795.16 8682.63
19796.75 8682.31
19798.68 8681.6
19800.54 8681.17
19802.72 8680.61
19804.42 8680.16
19806.34 8679.53
19808.08 8679.07
19809.9 8678.61
19811.88 8677.84
19813.44 8677.52
19815.62 8677.22
19817.38 8676.65
19819.39 8676.07
19821.25 8675.63
19822.76 8675.15
19824.75 8674.85
19826.91 8674.12
19828.3 8673.28
19830.57 8673.35
19832.37 8672.52
19833.94 8672.05
19835.99 8671.56
19838.02 8670.81
19839.6 8670.55
19841.28 8670.06
19843.18 8669.55
19845.55 8668.93
19846.95 8668.38
19849.25 8667.84
19850.78 8667.68
19853.03 8667.16
19854.32 8666.67
19856.47 8666.14
19858.5 8665.4
19860.4 8664.93
19862.13 8664.86
19863.71 8664.22
19866.01 8663.64
19867.6 8663.1
19869.71 8662.31
19871.28 8662.36
19873.17 8661.39
19875 8661.27
19877.27 8660.78
19878.97 8659.93
19880.93 8659.8
19882.71 8659.11
19884.46 8658.43
19886.33 8658.08
19888.27 8657.62
19890.3 8656.88
19892.01 8656.32
19893.56 8656.14
19895.9 8655.34
19897.63 8655.04
19899.52 8654.8
19901.32 8654.07
19902.77 8653.7
19904.74 8653.01
19906.7 8652.47
19908.58 8651.92
19910.4 8651.86
19912.29 8651.19
19914.38 8650.81
19916.26 8649.91
19917.75 8649.82
19919.84 8649.06
19921.85 8648.44
19923.34 8648.34
19925.57 8647.81
19927.56 8646.94
19929.45 8646.74
19930.74 8646.4
19932.88 8645.32
19934.67 8645.34
19936.49 8644.71
19938.2 8644.31
19940.04 8643.59
19942.39 8642.9
19943.95 8642.38
19945.87 8642.39
19947.5 8641.5
19949.95 8641.35
19951.8 8640.9
19953.26 8640.2
19955.34 8639.38
19957.16 8639.06
19958.94 8638.7
19960.58 8638.39
19962.44 8637.52
19964.71 8637.24
19966.19 8636.51
19968.34 8636.08
19970.3 8635.74
19972.12 8634.93
19973.62 8634.65
19975.56 8634.33
19977.81 8633.46
19979.62 8633.19
19981.55 8632.87
19983.11 8632.13
19985.32 8631.54
19987.21 8631.27
19989.03 8630.45
19990.89 8630.21
19992.61 8629.82
19994.47 8628.9
19996.38 8628.57
19998.26 8628.3
20000.16 8627.65
20001.94 8626.93
20003.58 8626.88
20005.67 8626.1
20007.65 8625.88
20008.99 8625.35
20011.01 8624.49
20012.75 8623.94
20014.74 8623.5
20016.72 8623.13
20018.63 8622.7
20020.33 8622.34
20022.05 8621.6
20024.15 8621.34
20026.02 8620.8
20027.8 8619.85
20029.73 8619.57
20031.41 8619.29
20033.67 8618.45
20035.17 8618
20037.48 8617.37
20038.87 8617.08
20040.99 8616.72
20042.96 8616.15
20044.42 8615.72
20046.5 8615.23
20048.25 8614.92
20050.17 8613.98
20052.25 8613.85
20054.03 8613.18
20055.87 8612.56
20057.51 8611.88
20059.38 8611.39
20061.65 8611.14
20063.28 8610.37
20065.43 8610.32
20067.05 8609.72
20068.69 8609.39
20070.61 8608.51
20072.53 8608.26
20074.34 8607.48
20076.28 8607.41
20078.21 8606.62
20080.25 8606.37
20082.24 8605.8
20083.91 8604.99
20085.82 8604.52
20087.57 8604.45
20089.37 8603.57
20091.02 8603.45
20092.88 8602.94
20094.84 8601.97
20096.83 8601.95
20098.58 8601.27
20100.48 8600.66
20102.66 8600.15
20104.48 8599.86
20106.34 8599.34
20107.9 8598.54
20110.11 8598.32
20111.7 8597.77
20113.85 8597.34
20115.5 8596.54
20117.61 8596.31
20119.13 8595.58
20121.4 8595.11
20123.1 8594.98
20124.78 8594.08
20126.57 8593.66
20128.26 8593.34
20130.31 8592.98
20132.45 8592
20134.02 8591.77
20136.03 8590.99
20137.86 8590.52
20139.91 8590.46
20141.74 8589.71
20143.25 8589.05
20145.36 8588.66
20147.09 8588.46
20149.2 8587.44
20150.78 8587.28
20152.69 8586.46
20154.7 8586.44
20156.71 8585.57
20158.6 8585.15
20160 8584.92
20161.86 8584.36
20163.77 8583.5
20166.08 8583.13
20167.78 8582.69
20169.79 8582.27
20171.16 8581.53
20173 8581.25
20175.35 8580.9
20177 8580.18
20179.03 8579.52
20180.82 8579.09
20182.58 8578.54
20184.57 8578.12
20186.09 8577.66
20188.29 8577.37
20190.31 8577
20191.71 8576.31
20193.85 8575.53
20195.81 8574.91
20197.52 8574.83
20199.14 8574.27
20201.33 8573.48
20202.85 8573.39
20204.94 8572.61
20206.92 8571.98
20208.74 8571.83
20210.3 8570.93
20212.44 8570.83
20214.56 8570.45
20216.15 8569.63
20218.14 8569.43
20219.84 8568.87
20222 8568.14
20223.68 8567.74
20225.21 8567.43
20227.14 8566.98
20229.38 8566.2
20231.13 8565.85
20232.77 8565.21
20235.05 8564.54
20236.61 8564.14
20238.49 8563.98
20240.45 8563.25
20242.42 8562.7
20244.23 8561.96
20246.04 8561.43
20247.96 8561.01
20249.85 8560.84
20251.48 8560.13
20253.52 8559.64
20255.46 8559.34
20257.33 8558.55
20258.96 8558.22
20260.67 8557.94
20262.84 8557.49
20264.65 8556.91
20266.16 8556.25
20268.25 8555.46
20270.15 8555.16
20271.87 8554.68
20273.88 8554.33
20275.97 8553.85
20277.51 8552.95
20279.79 8552.55
20281.38 8552.54
20282.99 8551.51
20284.84 8551.23
20287.2 8550.52
20289.07 8550.32
20290.93 8550.02
20292.35 8549.19
20294.46 8548.99
20296.01 8548.33
20298.14 8547.94
20299.72 8547.39
20301.64 8546.91
20303.56 8546.34
20305.64 8545.47
20307.44 8545.25
20309.5 8544.65
20311.15 8544.19
20313.15 8543.54
20314.77 8543.2
20316.78 8542.54
20318.79 8542.19
20320.56 8541.48
20322.23 8541.39
20324.07 8540.75
20326.35 8539.98
20328.17 8539.9
20329.93 8539.45
20331.78 8538.99
20333.52 8538.08
20335.26 8537.98
20337.13 8537.1
20339.21 8536.72
20340.89 8536.11
20343.01 8535.48
20344.64 8535.52
20346.7 8534.53
20348.61 8534.29
20350.16 8533.8
20352.29 8533.04
20354.3 8532.65
20356.1 8532.32
20357.89 8531.88
20359.85 8531.13
20361.65 8530.72
20363.21 8530.22
20365.37 8530.05
20366.92 8529.5
20369.23 8528.63
20370.98 8528.36
20372.91 8528.04
20374.27 8527.18
20376.67 8526.58
20377.99 8526.19
20380.22 8525.67
20382.09 8525.09
20383.88 8524.5
20385.55 8524.04
20387.77 8523.59
20389.29 8523.38
20391.5 8522.66
20393.01 8522.19
20395.02 8522.06
20396.79 8521.53
20398.97 8520.61
20400.91 8520.37
20402.54 8519.74
20404.36 8519.52
20406.21 8518.78
20408.14 8518.42
20409.87 8517.53
20411.8 8517.02
20413.39 8516.55
20415.24 8516.46
20417.33 8515.57
20419.51 8515.35
20420.91 8514.74
20422.96 8514.59
20424.69 8513.59
20426.43 8513.43
20428.35 8512.69
20430.46 8512.17
20432.16 8511.66
20434.34 8511.29
20436.05 8510.66
20437.95 8510.31
20439.66 8509.67
20441.64 8509.47
20443.51 8508.65
20445.15 8508.56
20447.32 8507.67
20449.3 8507.18
20450.81 8506.89
20452.87 8506.31
20454.78 8505.59
20456.51 8505.59
20458.44 8504.93
20460.13 8504.52
20462.24 8503.55
20463.78 8503.17
20465.58 8503
20467.7 8502.06
20469.77 8501.56
20471.64 8501.32
20473.42 8501
20475.31 8500.05
20477.28 8499.97
20478.72 8499.17
20480.96 8498.73
20482.83 8498.04
20484.2 8498.03
20486.1 8497.32
20488.06 8496.63
20489.9 8496.39
20492.13 8495.69
20493.91 8495.51
20495.95 8494.8
20497.39 8494.42
20499.57 8493.97
20501.04 8493.16
20503.28 8492.76
20505.24 8492.51
20507.07 8491.85
20508.68 8491.26
20510.43 8491.03
20512.5 8490.51
20514.47 8489.71
20516.23 8489.58
20518 8488.89
20520.08 8488.57
20522.04 8487.64
20523.61 8487.21
20525.65 8486.83
20527.56 8486.06
20529.22 8485.9
20531.33 8485.18
20533.07 8484.68
20534.97 8484.47
20536.95 8484.04
20538.27 8483.26
20540.56 8483.03
20542.14 8482.18
20544.14 8481.96
20545.96 8481.31
20547.72 8480.89
20549.54 8480.42
20551.33 8479.76
20553.66 8479.47
20555.28 8478.61
20556.89 8478.33
20559.15 8477.93
20560.8 8477.49
20563.02 8476.62
20564.35 8476.29
20566.6 8475.83
20568.36 8475.06
20570.38 8475.01
20572.06 8474.54
20573.85 8474.01
20575.86 8473.43
20577.95 8472.83
20579.64 8472.56
20581.27 8471.72
20583.52 8471.51
20585.08 8470.64
20586.79 8470.09
20588.59 8469.61
20590.56 8469.6
20592.49 8468.77
20594.57 8468.39
20596.28 8467.97
20597.95 8467.21
20600.17 8467.12
20601.72 8466.45
20603.72 8465.68
20605.84 8465.44
20607.62 8464.99
20609.06 8464.29
20611.26 8463.93
20613.35 8463.26
20615.01 8462.68
20616.9 8462.52
20618.74 8461.63
20620.52 8461.65
20622.47 8461
20624.02 8460.33
20625.97 8460.14
20627.97 8459.56
20629.97 8458.65
20631.66 8458.52
20633.28 8457.82
20635.63 8457.17
20637.11 8456.96
20639.25 8456.6
20640.88 8455.95
20642.7 8455.44
20644.77 8454.71
20646.78 8454.61
20648.27 8453.7
20650.43 8453.56
20652.32 8452.94
20654.06 8452.64
20656.12 8452.03
20657.68 8451.25
20659.44 8450.99
20661.68 8450.31
20663.4 8449.92
20665.52 8449.1
20667 8449.01
20668.98 8448.13
20670.69 8447.86
20672.57 8447.57
20674.52 8447.01
20676.15 8446.28
20678.59 8446.15
20680.43 8445.2
20681.73 8444.61
20684.04 8444.68
20685.79 8443.68
20687.79 8443.43
20689.7 8442.76
20691.41 8442.36
20693.33 8442
20695.35 8441.29
20697.19 8441.12
20699.02 8440.59
20700.63 8439.84
20702.79 8439.32
20704.19 8438.9
20706.38 8438.46
20708.39 8437.88
20710.14 8437.39
20711.93 8436.88
20713.84 8436.1
20715.54 8436.02
20717.29 8435.39
20719.01 8434.69
20721.44 8434.55
20722.91 8433.91
20724.84 8433.7
20726.48 8432.89
20728.73 8432.39
20730.25 8431.93
20732.54 8431.5
20734.36 8430.77
20736.35 8430.66
20738.01 8429.64
20740.06 8429.13
20741.81 8429.1
20743.32 8428.16
20745.57 8428
20747.52 8427.14
20749.4 8426.82
20750.89 8426.13
20753.03 8425.99
20754.94 8425.24
20756.76 8425.18
20758.3 8424.27
20760.54 8424.17
20762.16 8423.39
20763.83 8422.97
20765.87 8422.44
20767.51 8422.14
20769.66 8421.42
20771.52 8421.01
20773.07 8420.42
20775.24 8420.13
20777.17 8419.39
20778.73 8419.08
20780.52 8418.24
20782.72 8417.96
20784.51 8417.41
20786.31 8417.14
20788.42 8416.22
20790.36 8415.88
20791.87 8415.71
20794.09 8414.73
20795.67 8414.53
20797.82 8414.09
20799.24 8413.27
20801.23 8412.94
20803.11 8412.23
20804.77 8411.93
20806.92 8411.66
20808.59 8411.01
20810.45 8410.35
20812.51 8410.23
20814.54 8409.44
20816.34 8409.05
20818.28 8408.19
20819.86 8408.02
20822.07 8407.67
20823.6 8407.03
20825.37 8406.16
20827.42 8405.97
20829.25 8405.17
20831.08 8404.83
20833.13 8404.35
20834.81 8404.13
20836.65 8403.37
20838.64 8403.16
20840.71 8402.57
20842.08 8402.24
20844.43 8401.38
20846.3 8400.81
20847.83 8400.69
20849.63 8399.88
20851.68 8399.32
20853.62 8398.71
20855.54 8398.22
20857.37 8398.1
20858.81 8397.61
20860.95 8396.92
20862.55 8396.5
20864.7 8396.01
20866.31 8395.45
20868.3 8394.69
20870.39 8394.72
20871.83 8393.77
20873.69 8393.4
20875.64 8393.23
20877.71 8392.29
20879.27 8391.66
20881.4 8391.54
20883.55 8390.67
20885.14 8390.46
20887.27 8390.14
20888.58 8389.23
20890.51 8388.99
20892.4 8388.35
20894.27 8388.01
20896.26 8387.74
20898.09 8387.08
20900.01 8386.73
20902.18 8385.93
20903.9 8385.72
20905.91 8384.82
20907.61 8384.42
20909.3 8383.81
20911.03 8383.66
20913.01 8382.84
20915.02 8382.69
20916.88 8382.18
20918.91 8381.63
20920.4 8381.2
20922.46 8380.36
20924.15 8380.09
20925.85 8379.49
20928.2 8379.13
20929.71 8378.31
20932.01 8377.71
20933.33 8377.38
20935.54 8376.75
20937.55 8376.6
20938.95 8375.83
20941.11 8375.37
20942.88 8375.23
20944.9 8374.42
20946.86 8374.27
20948.47 8373.63
20950.17 8373.02
20952.1 8372.74
20954.14 8372.05
20955.96 8371.66
20957.56 8370.93
20959.42 8370.39
20961.6 8370.28
20963.14 8369.5
20965.35 8369.07
20967.11 8368.38
20969.21 8367.78
20970.85 8367.52
20972.75 8367.06
20974.6 8366.27
20976.65 8365.89
20978.03 8365.74
20980.04 8364.96
20982.12 8364.45
20983.86 8363.91
20985.63 8363.66
20987.42 8362.72
20989.59 8362.27
20991.56 8361.71
20993.27 8361.63
20994.95 8360.7
20996.79 8360.79
20998.92 8359.88
21000.4 8359.8
21002.64 8359.12
21004.45 8358.48
21006.18 8358.04
21008.13 8357.53
21009.97 8356.71
21011.75 8356.63
21013.48 8355.73
21015.65 8355.41
21017.39 8354.9
21019.33 8354.55
21021.08 8354.24
21022.88 8353.73
21025.02 8352.98
21026.63 8352.26
21028.89 8352.11
21030.21 8351.24
21032.44 8351.26
21034.46 8350.61
21036.2 8349.74
21037.86 8349.68
21039.58 8348.93
21041.45 8348.79
21043.76 8348.11
21045.56 8347.4
21047.07 8347.26
21048.97 8346.66
21051.09 8346.14
21052.94 8345.32
21054.7 8344.81
21056.32 8344.56
21058.19 8344.09
21060.4 8343.72
21062.02 8342.73
21063.92 8342.34
21065.64 8341.96
21067.6 8341.36
21069.77 8340.83
21071.31 8340.41
21073.54 8339.73
21075.35 8339.44
21076.88 8338.83
21078.93 8338.39
21080.64 8338.22
21082.81 8337.5
21084.74 8336.77
21086.53 8336.82
21088.19 8336.06
21090.06 8335.52
21092.09 8334.85
21093.73 8334.55
21095.65 8334
21097.33 8333.47
21099.69 8332.98
21101.19 8332.61
21103.09 8332.22
21104.95 8331.78
21106.76 8330.81
21108.96 8330.76
21110.68 8330.17
21112.47 8329.58
21114.09 8329.17
21116.14 8328.44
21118.27 8327.84
21120.15 8327.34
21121.95 8326.93
21123.67 8326.63
21125.78 8326.19
21127.69 8325.54
21129.38 8324.94
21131.06 8324.63
21133.09 8324.16
21134.93 8323.52
21136.97 8323.08
21138.33 8322.73
21140.4 8322.01
21142.54 8321.64
21144.46 8321.29
21145.98 8320.53
21148.05 8319.81
21149.63 8319.76
21151.34 8318.85
21153.47 8318.74
21155.48 8317.83
21157 8317.71
21159.16 8317.19
21160.7 8316.66
21162.81 8316.32
21164.56 8315.75
21166.62 8315.25
21168.28 8314.37
21170.05 8313.98
21171.83 8313.43
21173.7 8313.06
21175.82 8312.46
21178 8312.23
21179.82 8311.53
21181.28 8311.16
21183.51 8310.41
21184.91 8310.09
21187.18 8309.73
21188.83 8309.28
21190.6 8308.3
21192.38 8308.33
21194.33 8307.51
21196.48 8306.86
21198.26 8306.68
21200.23 8305.91
21201.9 8305.71
21203.61 8305.35
21205.88 8304.49
21207.81 8304.13
21209.14 8303.73
21211.27 8302.83
21213.2 8302.54
21215.26 8302.2
21216.84 8301.63
21218.62 8301.04
21220.78 8300.84
21222.27 8299.99
21224.59 8299.47
21226.36 8298.85
21228.08 8298.53
21230.07 8297.88
21231.52 8297.77
21233.79 8297.17
21235.77 8296.46
21237.23 8296.05
21239.21 8295.83
21241.13 8295.35
21243.11 8294.8
21244.66 8294.23
21246.66 8293.38
21248.61 8293.12
21250.16 8292.36
21251.96 8292.31
21254.08 8291.6
21255.95 8290.93
21257.92 8290.77
21259.7 8289.95
21261.64 8289.45
21263.27 8289.14
21265.47 8288.77
21267.24 8287.97
21268.85 8287.88
21270.68 8287.29
21272.77 8286.32
21274.79 8286.23
21276.4 8285.84
21278.43 8285.21
21280.12 8284.31
21282.35 8284.15
21284.23 8283.75
21285.57 8283.32
21287.45 8282.52
21289.81 8281.95
21291.22 8281.78
21292.97 8280.94
21295.05 8280.64
21296.74 8280.18
21298.62 8279.49
21300.6 8278.94
21302.48 8278.75
21304.34 8278.07
21306.08 8277.41
21308.03 8276.87
21309.89 8276.43
21311.61 8276.36
21313.99 8275.63
21315.77 8275.37
21317.54 8274.47
21319.05 8274.4
21321.45 8273.85
21323.22 8273.16
21324.82 8272.86
21326.74 8272.36
21328.74 8271.42
21330.6 8271.18
21332.24 8270.57
21334.49 8270.08
21336.14 8269.54
21338.05 8269.02
21340.13 8268.81
21341.97 8267.9
21343.54 8267.56
21345.66 8267.1
21347.47 8266.79
21348.87 8266.35
21350.79 8265.65
21352.88 8265.31
21354.55 8264.69
21356.37 8264.22
21358.39 8263.39
21360.5 8263.16
21362.31 8262.79
21364.1 8262.23
21365.92 8261.52
21367.98 8261.18
21369.54 8260.45
21371.36 8259.89
21373.11 8259.56
21375.34 8258.94
21376.84 8258.36
21378.82 8258.36
21380.9 8257.67
21382.77 8256.95
21384.57 8256.93
21386.64 8256.03
21388.28 8255.86
21390.29 8255.38
21391.99 8254.71
21393.94 8253.93
21396.01 8253.46
21397.31 8252.85
21399.45 8252.74
21401.53 8251.92
21403.17 8251.42
21405.14 8250.98
21406.73 8250.38
21408.74 8249.88
21410.65 8249.43
21412.72 8249.03
21414.49 8248.85
21416.33 8248.12
21417.88 8247.4
21419.91 8247.32
21421.73 8246.87
21423.58 8246.42
21425.38 8245.57
21427.26 8245.12
21429.25 8244.51
21431.42 8243.87
21433.11 8243.39
21434.95 8243.03
21436.51 8242.91
21438.79 8242.42
21440.64 8241.88
21442.38 8241.24
21444.26 8240.66
21446.25 8240.38
21447.99 8239.95
21449.92 8239.45
21451.44 8238.64
21453.32 8238.45
21455.1 8237.62
21457.32 8236.94
21459.23 8236.79
21460.83 8235.97
21463.13 8235.46
21464.89 8235.22
21466.65 8234.59
21468.17 8234.14
21470.06 8233.96
21472.14 8233.28
21474.27 8232.4
21475.98 8231.96
21477.71 8231.95
21479.54 8231.05
21481.5 8230.87
21483.05 8230.45
21485.38 8229.54
21487.29 8229.41
21488.81 8228.75
21490.71 8228.15
21492.72 8227.97
21494.35 8227
21496.63 8226.51
21498.31 8225.95
21499.97 8225.84
21502.13 8224.94
21503.72 8224.75
21505.78 8224.46
21507.66 8223.71
21509.12 8223.01
21511.57 8222.87
21513.37 8222.46
21515.15 8221.47
21517.05 8221.02
21518.97 8220.57
21520.76 8220.06
21522.24 8219.46
21524.51 8219.05
21526.2 8218.85
21528.32 8217.98
21530.06 8217.69
21531.78 8217.28
21533.7 8216.45
21535.4 8216.11
21537.33 8215.78
21539.21 8214.93
21540.97 8214.72
21542.91 8214.25
21544.88 8213.44
21546.73 8213.3
21548.44 8212.68
21550.26 8212.4
21552.04 8211.86
21554.22 8211.24
21556.26 8210.87
21558.1 8210.43
21559.96 8209.95
21561.56 8209.45
21563.72 8208.87
21565.44 8207.95
21567.05 8207.67
21569.27 8207.28
21570.72 8206.59
21572.57 8206.37
21574.58 8205.76
21576.74 8205.12
21578.27 8204.62
21580.39 8204.42
21582.34 8203.66
21584.2 8203.17
21585.57 8202.44
21587.81 8202.11
21589.31 8202.01
21591.62 8201.46
21593.18 8200.82
21595.37 8200.3
21597.29 8199.58
21598.66 8199.09
21600.8 8198.46
21602.8 8198.23
21604.7 8197.56
21606.23 8197.39
21607.91 8196.79
21610.26 8196.02
21611.64 8195.46
21613.57 8195.1
21615.49 8194.44
21617.58 8193.97
21619.45 8193.49
21620.97 8193.36
21623.34 8192.55
21625.13 8192.31
21627 8191.89
21628.43 8191.29
21630.76 8190.55
21632.3 8190.43
21634.56 8189.64
21636.06 8189.47
21638.14 8188.82
21639.64 8187.95
21641.93 8187.92
21643.54 8187.41
21645.33 8186.73
21647.43 8186.31
21649.01 8185.88
21651.24 8185
21652.9 8184.84
21654.86 8184.04
21656.6 8183.58
21658.44 8183.41
21660.61 8182.73
21662.04 8182.31
21664.27 8181.84
21666.12 8181.09
21667.68 8180.96
21669.86 8180.25
21671.27 8179.77
21673.63 8179.08
21675.04 8178.63
21677.06 8178
21679.29 8177.78
21681.03 8177.27
21682.94 8176.54
21684.34 8176.03
21686.58 8175.81
21688.18 8175.53
21690.34 8174.82
21692.34 8174.32
21693.76 8173.94
21695.89 8173.17
21697.5 8172.53
21699.47 8172.04
21701.51 8171.71
21702.94 8171.27
21705.33 8170.68
21706.73 8170.55
21709.02 8169.96
21710.66 8169.16
21712.75 8168.78
21714.58 8168.45
21716.24 8168.05
21718.39 8167.22
21719.7 8166.93
21721.68 8166.19
21723.82 8165.92
21725.88 8165.31
21727.31 8164.47
21729.61 8164.13
21731.34 8163.63
21733 8163.04
21734.96 8163.04
21736.61 8162.47
21738.92 8161.58
21740.63 8161.2
21742.47 8161.03
21744.2 8160.2
21746.24 8159.86
21747.8 8159.12
21749.85 8158.66
21751.62 8158.01
21753.35 8157.51
21755.68 8157.14
21757.17 8156.82
21759.2 8156.51
21761.07 8155.75
21763.14 8155.46
21764.66 8154.64
21766.34 8154.15
21768.2 8153.49
21770.3 8153.41
21772.2 8152.66
21773.93 8152.24
21776.04 8151.99
21777.8 8151.23
21779.47 8150.82
21781.59 8150.44
21783.21 8149.64
21785.27 8149.47
21787.27 8148.5
21788.75 8148.28
21790.59 8147.65
21792.92 8147.57
21794.69 8146.74
21796.42 8146.18
21798.14 8145.6
21800.33 8145.16
21801.83 8144.98
21803.96 8144.11
21805.63 8143.74
21807.37 8143.54
21809.44 8142.62
21811.28 8142.28
21813.19 8142.08
21814.82 8141.55
21816.91 8140.55
21818.52 8140.28
21820.82 8139.85
21822.34 8139.43
21824.48 8138.83
21825.95 8138.25
21827.89 8137.63
21829.84 8137.07
21831.94 8137
21833.65 8136.06
21835.4 8135.87
21837.19 8135.36
21839.16 8134.58
21841.24 8134.55
21842.72 8133.54
21845.11 8133.43
21846.47 8132.66
21848.6 8132.4
21850.6 8131.81
21852.05 8131.2
21854.4 8130.73
21856.18 8130.5
21857.67 8130.06
21859.96 8129.09
21861.76 8128.82
21863.73 8128.13
21865.48 8127.86
21867.28 8127.09
21869.18 8126.63
21870.84 8126.44
21873.09 8125.96
21874.58 8125.42
21876.49 8124.63
21878.45 8124.19
21880.46 8123.71
21881.96 8123.03
21883.95 8122.89
21885.78 8122.04
21887.73 8121.59
21889.75 8121.29
21891.21 8121.01
21893.28 8120.62
21895.06 8119.55
21896.75 8119.06
21898.64 8118.58
21900.63 8118.53
21902.68 8117.8
21904.74 8117.18
21906.07 8117.12
21908.34 8116.19
21910.3 8115.84
21911.86 8115.38
21913.9 8114.93
21915.58 8114.04
21917.83 8113.64
21919.44 8113.38
21921.41 8112.91
21922.88 8112.07
21925.03 8111.81
21926.93 8111.55
21928.86 8110.99
21930.38 8110.31
21932.28 8110.01
21934.49 8109.43
21935.97 8108.59
21938.13 8108.52
21939.81 8107.74
21941.75 8107.44
21943.92 8106.6
21945.32 8106.39
21947.15 8105.88
21949.1 8105.57
21951.21 8104.88
21952.88 8104.24
21954.62 8103.58
21956.76 8103.23
21958.32 8102.66
21960.56 8102.42
21962.53 8101.63
21964.2 8101.48
21966.22 8101.12
21967.69 8100.08
21969.59 8100.12
21971.7 8099.61
21973.67 8098.95
21975.35 8098.53
21977.16 8097.9
21979.26 8097.21
21980.69 8096.66
21982.92 8096.09
21984.33 8095.66
21986.28 8095.41
21988.18 8094.67
21989.97 8094.28
21991.92 8094
21994.2 8093.5
21995.76 8093.08
21997.5 8092.07
21999.35 8091.78
22001.54 8091.39
22002.99 8090.61
22004.9 8090.59
22006.8 8089.9
22008.63 8089.52
22010.5 8089.16
22012.3 8088.5
22014.73 8087.75
22016.05 8087.18
22017.95 8087.15
22020.16 8086.14
22021.87 8086.09
22023.5 8085.6
22025.76 8084.59
22027.65 8084.58
22029.53 8083.67
22030.95 8083.31
22032.8 8083.1
22034.78 8082.16
22036.95 8082.1
22038.64 8081.16
22040.36 8080.93
22042.33 8080.37
22044.04 8079.93
22046.27 8079.36
22048 8078.73
22050.04 8078.25
22051.74 8077.99
22053.76 8077.15
22055.61 8076.82
22057.24 8076.17
22059.17 8076.11
22061.08 8075.11
22063.04 8075.18
22064.85 8074.68
22066.46 8074.1
22068.26 8073.61
22070.64 8073.03
22072.27 8072.44
22073.97 8071.7
22076.03 8071.69
22077.6 8071.18
22079.79 8070.31
22081.34 8070.03
22083.27 8069.35
22085.37 8068.68
22086.98 8068.18
22089 8068.13
22090.68 8067.48
22092.9 8067.19
22094.3 8066.1
22096.35 8065.71
22098.19 8065.21
22100.34 8064.76
22102.26 8064.42
22104.04 8063.97
22105.99 8063.63
22107.41 8063.13
22109.34 8062.29
22111.42 8062.02
22112.97 8061.36
22115.27 8060.95
22116.98 8060.35
22118.57 8059.89
22120.68 8059.24
22122.49 8058.63
22124.47 8058.11
22126.48 8058.05
22128.17 8057.67
22130.11 8057.02
22131.91 8056.51
22133.83 8055.67
22135.55 8055.46
22137.14 8055.13
22139.43 8054.24
22141.4 8053.67
22142.85 8053.44
22144.65 8053.01
22146.83 8052.32
22148.77 8051.71
22150.21 8051.36
22152.09 8050.98
22154.23 8050.65
22156.08 8050.02
22157.96 8049.67
22159.6 8048.71
22161.5 8048.2
22163.58 8047.67
22165.66 8047.44
22167.28 8046.86
22168.9 8046.17
22170.84 8046.18
22172.76 8045.49
22174.93 8045.03
22176.72 8044.42
22178.47 8043.68
22180.38 8043.48
22182.1 8043.17
22184.23 8042.42
22185.67 8041.85
22187.98 8041.31
22189.6 8041.22
22191.69 8040.63
22193.14 8039.92
22194.96 8039.28
22197.15 8038.98
22199.17 8038.67
22200.73 8037.9
22202.78 8037.71
22204.27 8037.01
22206.41 8036.44
22208.54 8035.68
22210.29 8035.68
22211.75 8035.1
22213.57 8034.27
22215.55 8034.18
22217.5 8033.41
22219.38 8033.15
22221.04 8032.22
22223.13 8031.98
22225.28 8031.31
22226.79 8030.97
22229 8030.17
22230.63 8030.21
22232.3 8029.4
22234.18 8028.85
22236 8028.16
22238.13 8028.23
22239.64 8027.52
22241.57 8026.89
22243.64 8026.2
22245.58 8025.76
22247.56 8025.48
22249.31 8024.79
22250.82 8024.71
22252.75 8023.84
22254.91 8023.61
22256.77 8022.75
22258.32 8022.71
22260.4 8021.69
22261.99 8021.68
22264.13 8021.21
22266.21 8020.71
22267.89 8019.77
22269.71 8019.28
22271.6 8018.72
22273.52 8018.17
22275.41 8018.19
22277.4 8017.72
22279.02 8016.79
22280.95 8016.51
22282.6 8015.92
22284.8 8015.26
22286.24 8014.8
22288.53 8014.42
22290.48 8014.12
22292.09 8013.67
22293.85 8012.76
22295.53 8012.52
22297.93 8012.15
22299.54 8011.32
22301.32 8010.84
22303.46 8010.63
22305.07 8009.74
22307.1 8009.69
22308.84 8008.69
22310.77 8008.7
22312.48 8008.18
22314.51 8007.72
22316.05 8006.79
22318.16 8006.27
22319.84 8006.2
22321.98 8005.38
22323.66 8005.06
22325.7 8004.34
22327.66 8003.87
22329.24 8003.22
22330.99 8003.18
22332.98 8002.5
22334.8 8001.82
22336.98 8001.27
22338.61 8000.74
22340.42 8000.22
22342.47 8000.12
22344.41 7999.24
22345.89 7999.08
22347.75 7998.34
22349.59 7998.06
22352.01 7997.3
22353.82 7996.84
22355.3 7996.62
22357.19 7996.28
22359.35 7995.46
22361.07 7994.72
22363.11 7994.24
22364.53 7994.03
22366.69 7993.58
22368.29 7993.27
22370.19 7992.41
22372.32 7991.83
22374.33 7991.47
22376.26 7990.7
22377.98 7990.63
22379.4 7989.86
22381.76 7989.2
22383.23 7989.22
22385.46 7988.49
22386.95 7988.06
22389.12 7987.79
22390.79 7986.81
22393 7986.65
22394.51 7986.23
22396.49 7985.44
22398.05 7984.71
22400.47 7984.48
22401.85 7983.72
22403.79 7983.4
22405.63 7983.16
22407.46 7982.58
22409.74 7982.18
22411.47 7981.35
22413.21 7980.89
22414.88 7980.44
22416.73 7979.99
22418.78 7979.52
22420.49 7978.98
22422.78 7978.63
22424.3 7978.06
22426.08 7977.49
22428.17 7976.76
22430.14 7976.45
22431.73 7975.79
22434 7975.29
22435.57 7974.95
22437.47 7974.76
22439.4 7974.24
22440.96 7973.58
22443.13 7972.77
22445.01 7972.55
22446.67 7971.97
22448.64 7971.4
22450.42 7970.98
22452.47 7970.53
22454.45 7970.27
22456 7969.43
22457.88 7969.17
22459.79 7968.47
22461.49 7968
22463.49 7967.54
22465.54 7967.23
22467.47 7966.82
22469.16 7966.14
22470.95 7965.52
22472.63 7965.24
22474.93 7964.6
22476.71 7963.75
22478.36 7963.79
22480.54 7963.07
22482.41 7962.32
22483.99 7962.28
22485.85 7961.29
22487.78 7961.24
22489.58 7960.45
22491.25 7960.05
22493.35 7959.45
22495.51 7959.04
22497.05 7958.27
22498.93 7957.93
22500.94 7957.77
22502.46 7957.27
22504.59 7956.72
22506.6 7956.21
22508.32 7955.37
22510.37 7955.16
22511.93 7954.36
22513.82 7953.9
22515.49 7953.54
22517.49 7953.15
22519.7 7952.84
22521.59 7952.1
22523.35 7951.52
22525.05 7950.75
22527.14 7950.83
22528.77 7950.14
22530.37 7949.3
22532.52 7949.16
22534.54 7948.44
22536.16 7947.94
22538.2 7947.34
22540.18 7947.04
22541.74 7946.59
22543.89 7946.14
22545.74 7945.3
22547.53 7945.32
22549.41 7944.7
22551.32 7943.84
22552.81 7943.84
22555.11 7943.06
22557.02 7942.28
22558.43 7942.07
22560.74 7941.35
22562.5 7941.25
22563.93 7940.54
22565.86 7940.01
22567.69 7939.65
22569.74 7939.08
22571.51 7938.3
22573.66 7937.81
22575.08 7937.65
22577.49 7937.23
22579.24 7936.43
22581.19 7936.03
22583.09 7935.59
22584.52 7935.11
22586.72 7934.63
22588.49 7934.32
22589.99 7933.61
22592.39 7933.31
22593.76 7932.44
22595.94 7932.02
22598.01 7931.61
22599.86 7930.91
22601.21 7930.74
22603.54 7929.81
22605.37 7929.35
22607.15 7929.26
22608.83 7928.29
22610.77 7928.35
22612.78 7927.73
22614.63 7927.14
22616.35 7926.49
22618.31 7926.19
22620.38 7925.79
22622.02 7924.95
22623.53 7924.47
22625.59 7924.28
22627.76 7923.72
22629.17 7923.06
22631.08 7922.46
22633.06 7922.26
22634.76 7921.56
22636.92 7920.98
22638.62 7920.66
22640.29 7920.34
22642.43 7919.85
22644.09 7919.16
22646.05 7918.65
22648.04 7918
22649.68 7917.65
22651.67 7916.91
22653.53 7916.41
22655.63 7916.32
22657.18 7915.85
22659.31 7915.27
22661.3 7914.53
22663.18 7914.04
22664.79 7913.89
22666.5 7913.3
22668.43 7912.53
22670.63 7912.23
22672.03 7911.59
22674.11 7910.85
22675.72 7910.73
22677.8 7910.2
22679.78 7909.67
22681.59 7909.37
22683.34 7908.35
22685.12 7908.17
22687.34 7907.41
22689.19 7907.25
22690.8 7906.81
22692.77 7906.13
22694.62 7905.72
22696.61 7904.91
22698.47 7904.54
22700.15 7904.02
22701.94 7903.45
22703.73 7903.39
22706.1 7902.67
22707.92 7902.35
22709.81 7901.39
22711.45 7900.91
22713.42 7900.58
22714.87 7900.32
22716.98 7899.73
22718.78 7899.01
22720.81 7898.67
22722.28 7898.12
22724.66 7897.46
22726.03 7897.41
22728.38 7896.35
22730.15 7896.4
22732.16 7895.61
22733.49 7894.86
22735.75 7894.89
22737.56 7893.96
22739.46 7893.55
22741.22 7893.05
22742.91 7892.39
22744.72 7892.11
22746.57 7891.43
22748.65 7890.86
22750.51 7890.63
22752.38 7890.39
22754.46 7889.61
22755.98 7889.06
22758.1 7888.7
22759.9 7888.03
22761.5 7887.89
22763.85 7887.3
22765.63 7886.85
22767.44 7886.36
22769.08 7885.68
22771.01 7884.97
22772.7 7884.35
22775.04 7884.1
22776.46 7883.56
22778.43 7882.96
22780.26 7882.63
22782.29 7882.18
22784.35 7881.56
22785.82 7880.86
22787.96 7880.45
22789.52 7880.44
22791.49 7879.61
22793.54 7879.43
22795.26 7878.38
22797.27 7878.06
22798.87 7877.66
22801.08 7877.28
22802.83 7876.48
22804.4 7876.25
22806.31 7875.85
22808.45 7875.43
22810.29 7874.71
22811.77 7874.43
22813.67 7873.36
22815.86 7873.09
22817.84 7872.51
22819.53 7872.36
22821.6 7871.91
22823.49 7871.2
22825.13 7870.56
22827.11 7869.9
22829.05 7869.81
22830.76 7869.27
22832.46 7868.64
22834.11 7867.98
22836.5 7867.44
22838.3 7867.32
22840.05 7866.38
22841.87 7866.22
22843.93 7865.93
22845.84 7864.99
22847.68 7864.69
22849.49 7864.29
22850.88 7863.96
22853.09 7863.32
22855.01 7862.44
22856.9 7862.21
22858.81 7861.64
22860.65 7861.16
22862.39 7860.55
22864.03 7860.28
22866.08 7859.64
22867.63 7859.08
22869.88 7858.82
22871.36 7858.26
22873.46 7857.84
22875.56 7857.05
22877.18 7856.45
22878.86 7856.46
22880.76 7855.46
22882.77 7855.11
22884.7 7854.41
22886.75 7854.29
22888.68 7853.85
22890.45 7853.22
22892.21 7852.88
22893.89 7852.29
22895.79 7851.95
22897.67 7851.13
22899.44 7850.75
22901.59 7850.27
22903.13 7849.41
22905.3 7849.37
22907.07 7848.92
22908.71 7847.9
22910.61 7847.75
22912.92 7847.26
22914.62 7846.95
22916.24 7846.01
22918.28 7845.9
22920.2 7845.14
22921.94 7844.7
22923.77 7844.34
22925.75 7843.49
22927.53 7843.31
22929.13 7842.64
22931.34 7842.29
22932.9 7841.72
22934.97 7841.19
22937.09 7840.77
22938.88 7840.14
22940.47 7839.4
22942.63 7838.93
22944.22 7838.66
22946.38 7838.28
22948.15 7837.43
22949.75 7837.12
22951.9 7836.99
22953.38 7836.45
22955.39 7835.77
22957.56 7835.49
22959.06 7834.71
22960.83 7834.27
22962.96 7833.74
22964.66 7833.19
22966.88 7832.6
22968.5 7832.4
22970.39 7832
22972.37 7831.23
22974.08 7830.7
22976.28 7830.12
22977.92 7829.5
22979.99 7829.15
22981.91 7828.64
22983.51 7828.29
22985.15 7827.69
22986.94 7827.11
22988.81 7826.53
22991.19 7826.38
22992.83 7825.59
22994.62 7825.19
22996.34 7824.6
22998.09 7824.26
22999.99 7823.53
23002.33 7823.36
23004.23 7822.86
23005.58 7821.95
23007.88 7821.61
23009.8 7821.11
23011.53 7820.71
23013.51 7819.93
23015.13 7819.83
23017.02 7819.04
23019.03 7819.01
23020.65 7817.99
23022.71 7817.62
23024.33 7817.4
23026.22 7816.51
23028.29 7815.96
23030.05 7815.96
23031.75 7815.03
23033.51 7814.7
23035.8 7813.98
23037.56 7813.95
23039.33 7813.03
23041.29 7812.51
23043.37 7812.51
23045.01 7811.49
23046.92 7811.07
23048.63 7810.71
23050.48 7810.04
23052.66 7809.73
23054.37 7809.49
23056.35 7808.87
23057.91 7807.99
23059.92 7807.54
23061.85 7807.17
23063.37 7806.73
23065.72 7806.32
23067.07 7805.49
23069.25 7805.35
23070.78 7804.79
23073.19 7804.43
23075.02 7803.9
23076.44 7803.3
23078.26 7802.63
23080.25 7802.14
23082.38 7801.53
23084.13 7801.03
23086.08 7800.61
23087.68 7800.35
23089.73 7799.98
23091.27 7799.52
23093.54 7798.85
23095.55 7798.36
23097.33 7797.72
23099.11 7797.24
23100.69 7796.54
23102.69 7796.38
23104.52 7795.62
23106.59 7795.47
23108.41 7794.47
23110.36 7794.37
23112.24 7793.58
23114.14 7793
23115.82 7792.85
23117.79 7792.41
23119.58 7791.9
23121.42 7791.23
23123.38 7790.94
23125.18 7790.17
23126.99 7790.04
23128.99 7789.56
23130.65 7789
23132.28 7788.54
23134.54 7787.74
23136.11 7787.05
23137.95 7786.73
23140.15 7786.16
23141.65 7785.77
23144.03 7785.01
23145.73 7784.96
23147.56 7784.02
23149.19 7783.51
23150.91 7783.56
23153.1 7782.94
23155.04 7782.45
23156.6 7781.48
23158.93 7781.36
23160.59 7780.85
23162.35 7780.33
23164.32 7779.87
23165.97 7779.3
23167.69 7778.97
23170 7778.16
23171.88 7777.76
23173.46 7777.21
23175.12 7776.5
23177.32 7776.49
23178.94 7775.7
23181.28 7775.04
23182.98 7774.73
23184.63 7774.02
23186.43 7773.82
23188.36 7773.43
23190.16 7772.55
23192.48 7772.29
23194.27 7771.9
23195.75 7771.16
23197.65 7770.99
23199.44 7770.22
23201.78 7769.51
23203.11 7769.16
23205.09 7769
23207.19 7768.1
23208.72 7767.8
23210.95 7767.39
23212.77 7766.72
23214.56 7766.12
23216.14 7765.92
23218.03 7765.35
23220.28 7764.93
23221.87 7764.55
23223.64 7763.52
23225.57 7763.51
23227.87 7762.61
23229.51 7762.53
23231.51 7761.79
23233.46 7761.22
23235.01 7761.06
23236.66 7760.5
23238.66 7759.62
23240.85 7759.59
23242.33 7758.96
23244.15 7758.03
23246.12 7757.78
23247.95 7757.42
23249.98 7756.69
23251.55 7756.31
23253.69 7756.01
23255.56 7755.21
23257.58 7754.54
23259.38 7754.21
23261.21 7753.84
23262.91 7753.43
23264.99 7752.82
23266.79 7752.33
23268.61 7751.95
23270.4 7751.35
23272.38 7750.86
23274.41 7750.3
23275.74 7749.62
23277.66 7749.29
23279.63 7748.82
23281.62 7748.31
23283.57 7747.55
23285.39 7747.61
23287.06 7746.97
23289.25 7746.56
23290.87 7745.83
23293.07 7745.56
23294.43 7744.96
23296.48 7744.11
23298.22 7743.9
23300.45 7743.46
23302.22 7742.8
23303.85 7742.26
23305.59 7742
23307.61 7741.04
23309.72 7741
23311.62 7740.61
23313.15 7739.66
23315.44 7739.24
23317.26 7738.63
23318.65 7738.54
23320.98 7737.74
23322.92 7737.25
23324.6 7737.08
23326.6 7736.06
23328.51 7735.61
23329.93 7735.53
23332.04 7734.77
23333.93 7734.36
23335.71 7734.05
23337.47 7733.26
23339.18 7732.81
23341.33 7732.19
23343.4 7732.08
23344.91 7731.41
23346.66 7730.88
23348.49 7730.6
23350.29 7729.82
23352.51 7729.56
23354.46 7728.6
23356.2 7728.32
23358.05 7727.69
23359.61 7727.33
23361.82 7726.69
23363.91 7726.58
23365.41 7725.57
23367.13 7725.41
23369.35 7724.77
23371.35 7724.17
23373.08 7723.66
23375.03 7723.46
23376.47 7722.99
23378.65 7722.4
23380.65 7721.91
23382.53 7721.07
23383.87 7720.86
23386.01 7720.35
23388.12 7720.09
23389.99 7719.19
23391.7 7718.7
23393.44 7718.29
23395.18 7717.65
23397.44 7717.27
23398.92 7716.94
23400.76 7716.31
23402.72 7715.78
23404.62 7715.6
23406.24 7714.71
23408.11 7714.14
23410.22 7713.95
23412.29 7713.62
23413.83 7712.57
23416.09 7712.55
23417.48 7712.02
23419.76 7711.56
23421.44 7710.79
23422.96 7710.53
23425.31 7709.67
23426.73 7709.13
23429.09 7708.71
23430.87 7708.36
23432.42 7707.96
23434.22 7707.28
23436.52 7706.99
23438 7706.67
23440.27 7706.16
23441.7 7705.17
23443.53 7704.72
23445.53 7704.67
23447.57 7703.91
23449.35 7703.42
23451.22 7703.09
23453.21 7702.45
23455.23 7701.97
23456.87 7701.32
23458.57 7701.06
23460.33 7700.1
23462.24 7700.09
23464.19 7699.14
23466.21 7698.72
23468.03 7698.47
23469.77 7698.11
23471.58 7697.51
23473.3 7696.59
23475.7 7696.66
23477.25 7696.18
23479.15 7695.48
23481.02 7694.67
23482.73 7694.45
23484.66 7693.86
23486.92 7693.32
23488.63 7692.87
23490.17 7692.32
23491.98 7691.91
23493.9 7691.59
23495.79 7690.69
23497.85 7690.16
23499.83 7690.09
23501.82 7689.16
23503.44 7688.71
23505.37 7688.29
23507.39 7688.2
23508.75 7687.54
23511.01 7686.66
23512.88 7686.42
23514.47 7685.71
23516.39 7685.42
23518.35 7684.91
23519.88 7684.62
23522.24 7684.15
23523.68 7683.43
23525.67 7682.84
23527.4 7682.16
23529.7 7681.75
23531.13 7681.36
23533.32 7680.67
23534.9 7680.27
23536.75 7679.72
23538.79 7679.52
23540.53 7678.97
23542.56 7678.19
23544.4 7677.84
23546.47 7677.36
23548.14 7676.86
23549.96 7676.19
23552.11 7676.18
23553.77 7675.28
23555.83 7674.85
23557.16 7674.14
23559.39 7674.16
23560.92 7673.38
23562.97 7673.13
23564.6 7672.21
23566.75 7671.74
23568.35 7671.26
23570.22 7671.09
23572.51 7670.49
23574.48 7669.8
23576.28 7669.19
23577.75 7668.78
23579.9 7668.25
23581.75 7668.17
23583.5 7667.62
23585.51 7667.2
23586.99 7666.36
23589.08 7665.71
23591.09 7665.22
23592.92 7665.1
23594.62 7664.42
23596.4 7664.06
23598.3 7663.27
23600.14 7663.17
23602.41 7662.6
23603.9 7661.84
23606.03 7661.17
23608.02 7661.21
23609.59 7660.72
23611.29 7659.77
23613.31 7659.41
23614.96 7658.99
23617.34 7658.5
23618.68 7657.96
23621.07 7657.62
23622.92 7656.83
23624.37 7656.62
23626.58 7655.97
23628.16 7655.15
23629.9 7654.99
23632.27 7654.7
23633.7 7653.81
23635.5 7653.7
23637.54 7653.23
23639.6 7652.72
23641.09 7651.68
23643.07 7651.3
23644.92 7650.92
23647.14 7650.18
23648.61 7650.1
23650.5 7649.57
23652.64 7648.66
23654.51 7648.36
23656.28 7648.23
23658.24 7647.55
23660.21 7646.85
23661.49 7646.29
23663.7 7645.79
23665.26 7645.68
23667.09 7644.73
23668.95 7644.19
23671.13 7643.72
23672.74 7643.22
23674.69 7643.15
23676.76 7642.57
23678.54 7642.02
23680.66 7641.38
23682.39 7641.11
23684.01 7640.66
23686.05 7640.01
23687.79 7639.65
23689.99 7639.17
23691.52 7638.52
23693.17 7637.86
23695.08 7637.7
23697.48 7636.74
23699.16 7636.26
23701.18 7636.25
23702.84 7635.65
23704.68 7635.26
23706.58 7634.72
23708.62 7634.19
23710.16 7633.59
23711.98 7632.9
23713.81 7632.47
23715.6 7632.07
23717.54 7631.61
23719.38 7631.21
23721.63 7630.62
23723.36 7630.15
23725.15 7629.47
23727.22 7628.83
23728.95 7628.46
23730.85 7627.71
23732.66 7627.23
23734.54 7627.1
23736.38 7626.66
23738.16 7626.06
23740.02 7625.73
23741.72 7625.28
23744.02 7624.77
23745.84 7623.83
23747.34 7623.49
23749.17 7623.29
23751.23 7622.2
23752.96 7622.16
23755.01 7621.65
23756.79 7621.29
23758.94 7620.6
23760.28 7619.78
23762.65 7619.65
23764.18 7619.01
23766.31 7618.25
23767.88 7618.06
23769.93 7617.37
23771.67 7617.14
23773.37 7616.45
23775.62 7616.01
23777.45 7615.25
23778.9 7615.18
23781.06 7614.4
23783.07 7614.16
23785 7613.23
23786.78 7612.96
23788.54 7612.69
23790.2 7611.92
23792.24 7611.41
23794.09 7611.28
23795.67 7610.4
23797.94 7609.88
23799.74 7609.76
23801.72 7609.18
23803.65 7608.38
23805.36 7607.97
23807.17 7607.43
23809.21 7606.92
23810.87 7606.63
23812.88 7605.81
23814.37 7605.63
23816.48 7604.82
23818.36 7604.34
23820.03 7604.23
23822.19 7603.47
23823.65 7602.88
23825.94 7602.74
23827.58 7601.99
23829.25 7601.38
23831.44 7601.26
23833.4 7600.47
23834.94 7599.86
23836.74 7599.57
23838.64 7598.84
23840.53 7598.44
23842.5 7598.21
23844.15 7597.68
23846.24 7596.75
23848.25 7596.77
23849.76 7596.12
23851.65 7595.58
23853.85 7594.81
23855.58 7594.25
23857.3 7593.99
23859.14 7593.82
23861.09 7592.94
23863.3 7592.53
23864.67 7591.88
23866.49 7591.5
23868.52 7591.29
23870.64 7590.36
23872.4 7590.1
23874.18 7589.28
23876.1 7588.84
23878.16 7588.6
23879.89 7588.21
23881.87 7587.79
23883.45 7586.79
23885.19 7586.7
23887.1 7586.09
23888.87 7585.56
23891.14 7585.21
23892.68 7584.25
23894.62 7584.17
23896.63 7583.83
23898.19 7583.13
23900.16 7582.7
23902.25 7582
23903.78 7581.47
23905.86 7581
23907.9 7580.69
23909.72 7579.78
23911.67 7579.65
23913.58 7579.06
23915.22 7578.78
23917.29 7578.01
23918.73 7577.31
23920.69 7577.2
23922.39 7576.28
23924.53 7576.35
23926.58 7575.35
23928 7575.11
23930.13 7574.35
23931.87 7573.78
23933.97 7573.65
23935.67 7572.76
23937.57 7572.59
23939.48 7572.27
23941.38 7571.48
23943.36 7570.96
23945.28 7570.4
23947.08 7569.97
23948.64 7569.77
23950.37 7568.87
23952.56 7568.79
23954.65 7568.05
23956 7567.67
23958.21 7566.94
23959.92 7566.3
23961.97 7566.22
23963.8 7565.37
23965.31 7564.95
23967.67 7564.41
23968.98 7564.22
23971.04 7563.4
23972.73 7562.94
23975.13 7562.73
23976.8 7561.83
23978.59 7561.58
23980.24 7561.24
23982.33 7560.46
23984.07 7560.08
23986.23 7559.6
23988.13 7559.25
23989.81 7558.43
23991.72 7557.94
23993.72 7557.3
23995.27 7557.14
23997 7556.48
23999.05 7556.35
24000.77 7555.79
24003.11 7555
24004.69 7554.63
24006.26 7553.81
24008.4 7553.74
24010.31 7553.05
24012.38 7552.36
24014.05 7551.95
24015.86 7551.71
24017.98 7551.09
24019.62 7550.85
24021.56 7549.94
24023.55 7549.47
24025.1 7549.26
24027.27 7548.78
24028.63 7548.16
24031.04 7547.39
24032.68 7547.22
24034.73 7546.48
24036.25 7546.39
24038.51 7545.51
24040.11 7544.89
24042.11 7544.69
24044.03 7544.3
24045.44 7543.64
24047.72 7542.95
24049.26 7542.3
24051.37 7542.17
24053.35 7541.69
24054.8 7540.82
24056.95 7540.52
24058.91 7539.97
24060.77 7539.83
24062.55 7538.97
24064.32 7538.61
24066.16 7538.33
24068.25 7537.5
24069.9 7537.32
24071.78 7536.43
24073.66 7536.02
24075.53 7535.83
24077.58 7535.05
24079.05 7534.55
24081.06 7534.37
24083.22 7533.41
24084.78 7532.96
24086.8 7532.77
24088.51 7532.41
24090.1 7531.43
24092.47 7531.06
24094.01 7530.58
24096.2 7529.85
24098.13 7529.78
24099.82 7529.26
24101.58 7528.67
24103.45 7528.38
24105.38 7527.56
24107.3 7527.1
24109.18 7526.5
24110.69 7525.91
24112.96 7525.46
24114.35 7524.98
24116.25 7524.91
24118.14 7524.15
24120.22 7523.59
24122.25 7522.82
24123.7 7522.37
24125.81 7522.15
24127.8 7521.52
24129.6 7520.86
24131.17 7520.91
24133.25 7519.95
24134.87 7519.72
24137.1 7519.28
24139.14 7518.69
24140.74 7518.07
24142.63 7517.63
24144.18 7517.1
24146.55 7516.72
24148.34 7515.94
24150.29 7515.87
24151.85 7515.11
24153.84 7514.58
24155.67 7513.96
24157.48 7513.89
24159.07 7513.12
24161.24 7512.52
24163.31 7512.2
24164.7 7511.71
24166.97 7510.95
24168.38 7510.63
24170.53 7510
24172.46 7509.62
24174.55 7508.97
24176.26 7508.38
24178.13 7508.2
24180.01 7507.53
24181.6 7507.31
24183.61 7506.91
24185.44 7506.24
24187.26 7505.93
24189.38 7505.15
24190.74 7504.75
24192.98 7504.06
24194.68 7503.81
24196.49 7503.11
24198.57 7502.67
24200.13 7502.32
24202.24 7501.57
24204.11 7501.07
24205.8 7500.74
24207.71 7500.45
24209.54 7499.76
24211.25 7499.38
24213.56 7498.78
24215.25 7497.91
24217.37 7497.49
24218.71 7497.33
24220.93 7496.74
24222.86 7496.27
24224.57 7495.86
24226.2 7495.25
24228.37 7494.74
24230.26 7494.17
24231.83 7493.43
24234.12 7493.37
24235.6 7492.37
24237.55 7491.93
24239.49 7491.79
24241.3 7491.22
24243.27 7490.56
24244.93 7490.09
24246.98 7489.67
24248.5 7489.17
24250.43 7488.61
24252.47 7488.42
24254.12 7487.52
24256.53 7487.29
24258.22 7486.85
24259.86 7486.37
24262.01 7485.96
24263.49 7485.46
24265.83 7484.85
24267.56 7484.38
24269.1 7483.43
24271.05 7483.22
24272.78 7482.89
24274.7 7482.03
24276.81 7481.39
24278.53 7481.01
24280.45 7480.75
24282.57 7480.08
24284.24 7479.77
24285.85 7479.08
24288.07 7478.79
24289.63 7478.34
24291.55 7477.91
24293.78 7477.26
24295.44 7476.64
24297.32 7476.04
24299.12 7475.54
24301.25 7475.01
24302.64 7474.95
24304.96 7474.1
24306.82 7473.81
24308.5 7473.06
24310.32 7472.41
24312.23 7471.95
24313.82 7471.59
24315.68 7471.3
24317.52 7470.94
24319.38 7470.06
24321.33 7469.55
24323.3 7469.1
24325.36 7468.95
24327.08 7467.98
24328.96 7467.79
24330.86 7466.95
24332.43 7466.46
24334.63 7466.13
24336.57 7465.51
24338.32 7465.47
24340.36 7464.79
24341.91 7464.11
24343.72 7463.63
24345.49 7463.28
24347.76 7462.66
24349.41 7461.93
24351.56 7461.49
24352.93 7461
24355.16 7460.66
24356.97 7460.15
24358.86 7459.63
24360.32 7459.19
24362.36 7458.45
24364.27 7458.3
24366.48 7457.44
24368.2 7457.28
24369.9 7456.84
24371.67 7456.18
24373.56 7455.86
24375.8 7454.99
24377.11 7454.87
24379.06 7454.28
24381.4 7453.87
24382.95 7452.95
24384.87 7452.72
24386.63 7451.95
24388.7 7451.55
24390.67 7451.4
24392.08 7450.5
24394.31 7450.35
24395.88 7449.44
24398.17 7449.08
24399.9 7448.46
24401.67 7448.09
24403.24 7447.85
24405.21 7447.43
24406.95 7446.43
24408.93 7445.99
24410.65 7445.7
24412.9 7445.21
24414.69 7444.86
24416.37 7444.46
24418.18 7443.98
24420.17 7442.98
24422.19 7442.5
24423.81 7442.45
24425.54 7442.03
24427.58 7441.37
24429.33 7440.68
24431.4 7440.2
24433.45 7439.62
24435.22 7439.5
24436.98 7438.54
24438.99 7438.32
24440.8 7437.48
24442.43 7437.32
24444.23 7436.9
24446.3 7436.26
24448.07 7436.03
24450.32 7435.41
24451.65 7434.5
24453.5 7433.96
24455.58 7433.98
24457.22 7433.12
24459.54 7433.03
24461.39 7432.31
24463.1 7432.01
24465.1 7431.43
24466.98 7430.92
24468.69 7430.19
24470.6 7429.75
24472.19 7429.43
24474.07 7428.98
24475.93 7428.32
24478.19 7428
24480.1 7427.38
24481.56 7426.58
24483.58 7426.36
24485.38 7425.48
24487.55 7425.02
24489.13 7424.8
24490.86 7424.1
24493.12 7423.58
24494.85 7423.01
24496.36 7422.71
24498.6 7422.1
24500.42 7422.02
24502.37 7421.49
24504 7420.72
24505.93 7420.56
24507.88 7419.99
24509.64 7419.06
24511.83 7418.81
24513.16 7418.49
24515.05 7417.66
24517.13 7417.01
24519.3 7416.58
24520.6 7416.01
24522.89 7415.52
24524.39 7415.17
24526.57 7414.8
24528.55 7414.23
24529.91 7413.51
24532.09 7413.07
24533.99 7412.63
24535.73 7412.39
24537.91 7411.58
24539.34 7411.21
24541.61 7411.04
24543.42 7410.26
24544.99 7409.79
24546.96 7409.06
24548.9 7408.76
24550.73 7408.27
24552.55 7407.65
24554.33 7407.09
24556.32 7406.62
24558.15 7406.45
24559.97 7405.51
24561.6 7405.18
24563.95 7404.97
24565.78 7404.17
24567.68 7403.63
24569.18 7403.54
24571.23 7403.03
24573.04 7402.54
24575.13 7401.66
24576.77 7401.47
24578.8 7400.83
24580.54 7400.54
24582.29 7400.04
24584.14 7399.56
24586.14 7398.68
24588.19 7398.55
24589.79 7397.92
24591.9 7397.13
24593.75 7396.5
24595.64 7396.44
24597.53 7395.66
24598.92 7395.2
24600.88 7394.91
24602.62 7394.44
24604.55 7393.8
24606.45 7393.03
24608.72 7392.99
24610.25 7392.39
24612.01 7392.02
24614.25 7391.19
24615.68 7390.59
24617.68 7390.57
24619.71 7389.8
24621.44 7389.34
24623.48 7388.74
24625.11 7388.29
24627.08 7387.53
24629.1 7387.52
24631.09 7387.1
24632.85 7386.53
24634.72 7386.02
24636.29 7385.24
24638.49 7384.93
24640.43 7384.23
24641.71 7383.91
24643.92 7383.51
24645.49 7382.68
24647.61 7382.5
24649.3 7381.94
24651.54 7381.47
24653.02 7380.74
24654.79 7380.12
24657.15 7379.63
24658.81 7379.57
24660.82 7378.9
24662.27 7378.32
24664.1 7377.68
24666.15 7377.42
24668.08 7376.82
24669.79 7376.02
24671.74 7375.66
24673.54 7375.61
24675.49 7374.98
24677.57 7374.57
24679.47 7373.72
24681.21 7373.58
24682.82 7372.88
24684.57 7372.47
24686.72 7371.87
24688.44 7371.03
24690.71 7371.04
24692.07 7370.28
24694.38 7369.73
24696.16 7369.41
24698.09 7368.93
24699.58 7368.28
24701.56 7367.86
24703.74 7367.47
24705.32 7366.85
24707.5 7366.48
24708.85 7365.54
24710.86 7365.42
24713.11 7365.09
24714.65 7364.31
24716.58 7363.55
24718.57 7363.48
24720.51 7362.92
24721.98 7362.14
24723.88 7361.87
24725.9 7361.19
24727.82 7360.99
24729.53 7360.12
24731.58 7359.88
24733.23 7359.59
24735.14 7358.56
24737.2 7358.64
24739.18 7357.87
24740.86 7357.35
24742.55 7357.11
24744.64 7356.11
24746.51 7355.75
24748.36 7355.27
24750.29 7354.77
24752.2 7354.28
24753.85 7353.84
24755.39 7353.43
24757.58 7353.02
24759.33 7352.07
24761.52 7351.61
24763.07 7351.59
24764.83 7350.65
24766.67 7350.63
24768.89 7350.15
24770.33 7349.46
24772.56 7349.14
24774.42 7348.18
24776.29 7347.95
24777.85 7347.08
24780.09 7346.99
24781.85 7346.12
24783.51 7345.78
24785.26 7345.61
24787.29 7344.9
24789.34 7344.5
24790.84 7343.58
24792.85 7343.54
24794.61 7342.68
24796.54 7342.52
24798.46 7341.83
24800.22 7341.37
24802.32 7341
24804.37 7340.16
24805.77 7339.73
24807.74 7339.14
24809.78 7339.02
24811.43 7338.1
24813.69 7337.84
24815.33 7337.4
24817.44 7337.01
24819.07 7336.64
24820.68 7335.83
24823.03 7335.53
24824.82 7334.73
24826.54 7334.62
24828.52 7333.89
24830.18 7333.4
24832.1 7332.78
24833.78 7332.53
24835.77 7331.73
24837.97 7331.09
24839.78 7330.62
24841.7 7330.54
24843.3 7329.89
24845.12 7329.38
24846.9 7328.69
24849.13 7328.09
24850.9 7327.91
24852.67 7327.43
24854.28 7327.03
24856.36 7326.42
24858.3 7326.17
24859.99 7325.18
24862.03 7325.14
24863.75 7324.69
24865.6 7323.59
24867.78 7323.47
24869.14 7323.15
24871.23 7322.54
24873.05 7321.76
24874.9 7321.51
24876.57 7320.66
24878.88 7320.29
24880.58 7319.96
24882.31 7319.47
24884.16 7319.03
24886.21 7318.13
24888.1 7318.13
24889.74 7317.62
24891.62 7316.61
24893.5 7316.16
24895.24 7315.63
24897.37 7315.42
24898.9 7314.66
24900.79 7314.45
24903.08 7314.1
24904.64 7313.35
24906.59 7313.01
24908.74 7312.18
24910.62 7312.14
24912.31 7311.27
24913.88 7310.68
24915.92 7310.39
24917.92 7310.05
24919.51 7309.56
24921.33 7309.04
24923.45 7308.33
24925.4 7308
24927.06 7307.41
24928.82 7306.9
24930.71 7306.33
24932.74 7305.74
24934.33 7305.37
24936.59 7304.94
24938.09 7304.4
24940.38 7304.13
24942.23 7303.52
24944.08 7302.78
24945.99 7302.19
24947.75 7302.12
24949.35 7301.7
24951.5 7301.02
24953.31 7300.25
24955.34 7300.14
24956.99 7299.65
24958.99 7298.66
24960.9 7298.23
24962.69 7297.78
24964.23 7297.72
24965.98 7297.05
24968.12 7296.69
24970.02 7295.94
24971.68 7295.39
24973.82 7295.19
24975.79 7294.3
24977.55 7293.87
24979.48 7293.69
24981.41 7293.21
24983.27 7292.27
24985.19 7291.68
24986.64 7291.44
24988.67 7290.68
24990.51 7290.68
24992.46 7289.78
24994.43 7289.69
24996.31 7288.9
24998.19 7288.52
24999.7 7288.21
25001.81 7287.36
25003.44 7286.75
25005.09 7286.36
25007.54 7286.2
25009.34 7285.5
25010.94 7284.78
25013.02 7284.15
25014.76 7283.77
25016.77 7283.67
25018.71 7282.88
25020.59 7282.44
25022.05 7282.13
25023.75 7281.66
25025.59 7280.95
25027.49 7280.4
25029.75 7279.92
25031.53 7279.23
25033.14 7278.76
25035.32 7278.48
25036.85 7277.99
25038.86 7277.26
25040.73 7276.74
25042.88 7276.72
25044.36 7276.07
25046.56 7275.27
25048.01 7274.75
25049.88 7274.16
25052.24 7273.94
25053.83 7273.34
25055.55 7272.91
25057.3 7272.46
25059.31 7271.73
25061.26 7271.47
25063.17 7271.1
25064.77 7270.69
25066.97 7269.7
25068.64 7269.17
25070.45 7269.06
25072.74 7268.55
25074.5 7268.16
25076.08 7267.5
25077.82 7266.97
25080.13 7266.26
25081.99 7266.21
25083.7 7265.29
25085.68 7264.88
25087.49 7264.61
25089.15 7264.1
25090.97 7263.47
25092.74 7263.15
25095.02 7262.52
25096.94 7261.84
25098.83 7261.62
25100.35 7261.02
25102.03 7260.35
25104.36 7260.27
25105.84 7259.59
25108.07 7259.13
25109.82 7258.31
25111.33 7257.7
25113.63 7257.67
25115.14 7256.82
25117.24 7256.35
25118.91 7255.82
25120.99 7255.38
25122.79 7255.05
25124.73 7254.47
25126.42 7254.19
25128.58 7253.73
25130.42 7253.15
25132.39 7252.38
25134.19 7251.78
25135.8 7251.54
25137.93 7250.76
25139.47 7250.54
25141.41 7249.76
25143.38 7249.42
25145.26 7249.02
25146.91 7248.36
25148.7 7248.29
25150.54 7247.5
25152.52 7246.82
25154.34 7246.51
25156.25 7245.87
25158.45 7245.48
25159.82 7244.78
25161.89 7244.61
25164.08 7244.24
25165.7 7243.41
25167.82 7242.79
25169.51 7242.36
25171.18 7241.73
25172.85 7241.35
25175.21 7241.04
25176.87 7240.7
25178.93 7240.22
25180.63 7239.54
25182.62 7239.21
25184.56 7238.26
25186.2 7237.87
25188.04 7237.24
25190.1 7236.87
25191.85 7236.34
25193.44 7235.91
25195.36 7235.67
25197.53 7235.28
25199.2 7234.37
25201.33 7233.97
25203.07 7233.3
25204.92 7233.06
25206.94 7232.51
25208.58 7231.99
25210.53 7231.43
25212.37 7231.2
25214.37 7230.78
25215.86 7230.26
25217.96 7229.71
25219.87 7229.08
25221.39 7228.3
25223.33 7227.79
25225.07 7227.37
25227.14 7227.19
25229.14 7226.74
25230.6 7225.83
25232.47 7225.36
25234.65 7225.11
25236.71 7224.68
25238.63 7223.92
25240.26 7223.48
25242.12 7222.74
25243.7 7222.45
25245.72 7222.19
25247.49 7221.26
25249.53 7220.84
25251.5 7220.43
25253.28 7219.81
25255.16 7219.35
25257.2 7218.86
25258.98 7218.51
25260.89 7218.17
25262.28 7217.64
25264.22 7216.96
25266.58 7216.79
25268.13 7215.96
25270.24 7215.37
25271.78 7214.9
25273.47 7214.31
25275.76 7214.07
25277.41 7213.64
25279.51 7212.88
25280.95 7212.42
25283.23 7211.91
25284.83 7211.51
25286.58 7211.33
25288.64 7210.69
25290.69 7210.32
25292.2 7209.32
25294.43 7209.21
25295.96 7208.73
25298.12 7207.89
25299.65 7207.31
25301.66 7207.05
25303.29 7206.35
25305.65 7206.21
25307.16 7205.85
25308.94 7205.04
25311.22 7204.27
25312.68 7204.03
25315.01 7203.78
25316.46 7202.82
25318.44 7202.27
25320.45 7201.88
25322.47 7201.51
25324.01 7201.19
25326.14 7200.51
25327.52 7200.09
25329.63 7199.67
25331.22 7198.86
25333.57 7198.31
25335.05 7198.33
25337.26 7197.62
25339.05 7196.77
25341 7196.84
25342.44 7196.32
25344.49 7195.31
25346.36 7194.91
25348.04 7194.27
25350.32 7193.89
25351.92 7193.52
25354.15 7193.19
25355.86 7192.45
25357.85 7191.81
25359.45 7191.37
25361.42 7191.06
25363.38 7190.69
25364.76 7189.84
25366.62 7189.59
25368.63 7188.81
25370.39 7188.85
25372.31 7187.85
25374.18 7187.32
25376.37 7186.87
25378.07 7186.43
25380.25 7185.94
25382.02 7185.28
25383.41 7185.36
25385.64 7184.44
25387.17 7183.9
25389.35 7183.79
25391.04 7183.14
25393.09 7182.78
25394.85 7181.9
25396.5 7181.81
25398.57 7180.83
25400.68 7180.63
25402.27 7179.97
25404.18 7179.88
25405.86 7178.96
25407.75 7178.29
25409.78 7177.99
25411.81 7177.69
25413.54 7176.85
25415.36 7176.32
25417.19 7176.14
25419.39 7175.75
25420.89 7175.1
25422.53 7174.31
25424.69 7174.33
25426.25 7173.85
25428.56 7173.16
25430.12 7172.31
25432.3 7171.98
25434.16 7171.89
25435.67 7171.13
25437.91 7170.79
25439.65 7170.27
25441.7 7169.66
25443.37 7168.94
25445.3 7168.45
25447.21 7168.29
25448.78 7167.41
25450.66 7166.82
25452.8 7166.35
25454.7 7165.9
25456.38 7165.63
25458.38 7165.24
25459.87 7164.47
25461.89 7164.35
25463.97 7163.7
25465.49 7163.23
25467.58 7162.36
25469.32 7162.37
25471.36 7161.69
25473.05 7160.94
25474.74 7160.89
25477.09 7159.93
25478.86 7159.87
25480.4 7158.82
25482.49 7158.8
25484.39 7157.85
25486.35 7157.42
25487.91 7157.1
25489.91 7156.32
25492.02 7155.97
25493.43 7155.54
25495.47 7155.04
25497.37 7154.51
25499.04 7154.2
25500.8 7153.51
25502.81 7152.93
25504.62 7152.77
25506.92 7152.25
25508.71 7151.49
25510.67 7151.17
25512.22 7150.53
25514.03 7150.14
25516.22 7149.57
25518.02 7149.4
25519.68 7148.41
25521.77 7147.98
25523.28 7147.5
25525.06 7147.03
25527.12 7146.65
25529.28 7146.39
25531.13 7145.52
25532.5 7144.93
25534.83 7144.61
25536.55 7143.92
25538.18 7143.53
25540.2 7143.02
25542.12 7142.38
25543.74 7142
25545.57 7141.91
25547.97 7140.98
25549.55 7140.76
25551.49 7140.17
25553.49 7139.56
25554.88 7139.22
25557.23 7138.68
25559.02 7138.2
25560.74 7137.53
25562.63 7137.1
25564.55 7136.91
25566.48 7136.02
25568.43 7135.93
25570.06 7135.44
25572.07 7134.48
25573.7 7133.94
25575.65 7133.84
25577.51 7133.19
25579.1 7132.43
25581.41 7132.38
25583.37 7131.81
25584.94 7131.14
25587.08 7130.61
25588.48 7130.28
25590.64 7129.88
25592.58 7129.22
25593.97 7128.88
25596.3 7128.24
25597.87 7127.85
25600.14 7127.08
25601.86 7126.58
25603.67 7126.26
25605.38 7125.82
25607.36 7125.25
25609.17 7124.86
25611.2 7124.09
25612.61 7123.37
25614.88 7123
25616.51 7122.85
25618.64 7121.94
25620.27 7121.8
25621.92 7120.99
25623.91 7120.56
25625.91 7120.22
25628.05 7119.48
25629.81 7118.9
25631.38 7118.8
25633.28 7117.94
25635.09 7117.72
25637.28 7117.33
25639.09 7116.49
25640.58 7116.15
25642.62 7115.92
25644.5 7114.88
25646.34 7114.51
25648.09 7113.89
25649.95 7113.72
25651.83 7113.25
25653.79 7112.53
25655.83 7111.89
25657.61 7111.85
25659.61 7110.88
25661.33 7110.78
25663.43 7110.48
25665.15 7109.88
25666.7 7108.97
25668.78 7108.71
25670.71 7108.11
25672.6 7107.8
25674.12 7107.13
25676.25 7106.48
25678.19 7105.89
25680.19 7105.47
25681.63 7105.37
25683.94 7104.97
25685.29 7103.91
25687.44 7103.97
25689.6 7102.97
25691.3 7102.57
25693.14 7102.31
25694.93 7101.72
25697.01 7100.94
25698.5 7100.9
25700.22 7099.91
25702.64 7099.66
25704.06 7099.3
25705.93 7098.9
25707.8 7098.47
25710.06 7097.57
25711.46 7097.43
25713.57 7096.78
25715.25 7096.12
25717.14 7095.63
25719.39 7095.02
25720.82 7094.67
25722.98 7094.05
25724.46 7093.58
25726.33 7093.02
25728.45 7092.49
25730.11 7091.95
25731.94 7091.8
25734.3 7091.42
25736.05 7090.69
25737.7 7090.49
25739.38 7089.83
25741.51 7089.11
25743.43 7089.2
25745.37 7088.64
25747.11 7088.24
25749 7087.67
25750.63 7086.77
25752.56 7086.8
25754.48 7086.41
25756.8 7085.61
25758.68 7085.14
25760.42 7085.09
25762.09 7084.09
25764.15 7083.67
25766.02 7083.7
25767.64 7082.83
25769.94 7082.33
25771.33 7082.19
25773.24 7081.82
25775.45 7081.32
25777.03 7080.69
25779.27 7080.35
25781.12 7080.08
25782.95 7079.36
25784.55 7079.08
25786.55 7078.93
25788.69 7078.15
25790.15 7077.95
25792.11 7077.77
25793.91 7077.16
25796.24 7076.72
25797.97 7076.07
25799.59 7076
25801.59 7075.72
25803.43 7075.26
25805.56 7074.61
25807.15 7074.56
25809.14 7074.08
25811.45 7073.73
25812.79 7073.16
25815.23 7072.89
25816.58 7072.25
25818.45 7071.93
25820.5 7071.96
25822.26 7071.61
25824.5 7071.03
25826.31 7070.41
25828.31 7070.15
25830.01 7070.04
25831.95 7069.32
25833.76 7069.05
25835.78 7068.89
25837.89 7068.75
25839.83 7068.34
25841.4 7067.66
25843.66 7067.34
25845.05 7067.09
25847.29 7067.01
25849.39 7066.65
25850.96 7065.87
25852.61 7065.74
25855 7065.64
25856.79 7065.14
25858.7 7064.59
25860.41 7064.43
25862.29 7063.97
25864.41 7064.18
25866.28 7063.66
25867.97 7063.43
25869.74 7063.06
25871.66 7062.71
25873.67 7062.61
25875.66 7062.35
25877.87 7061.75
25879.32 7061.59
25881.3 7061.22
25883.26 7060.89
25885.14 7060.51
25886.9 7060.32
25888.93 7059.9
25890.93 7059.92
25892.89 7059.22
25894.55 7058.96
25896.79 7058.88
25898.82 7058.81
25900.41 7058.71
25902.32 7058.02
25904.26 7057.93
25906.18 7057.9
25908.42 7057.32
25910.15 7057.29
25911.88 7056.99
25914.04 7056.73
25915.89 7056.34
25918.06 7056.06
25919.59 7056.14
25921.74 7055.49
25923.78 7055.21
25925.43 7055.35
25927.57 7055.01
25929.06 7054.9
25931.24 7054.25
25933.25 7054.29
25934.86 7054.05
25936.97 7053.53
25938.56 7053.71
25940.77 7053.36
25942.93 7053.06
25944.43 7052.73
25946.25 7052.81
25948.42 7052.68
25950.25 7052.16
25952.39 7052.26
25953.94 7051.99
25955.87 7052
25958.11 7051.52
25959.92 7051.4
25961.88 7051.01
25963.53 7051.06
25965.93 7050.53
25967.37 7050.73
25969.29 7050.19
25971.58 7050.49
25973.68 7049.97
25975.53 7049.83
25977.08 7049.84
25979.25 7049.61
25981.18 7049.5
25982.95 7049.49
25984.89 7049.31
25986.73 7048.93
25988.52 7048.88
25990.57 7048.92
25992.42 7048.35
25994.76 7048.24
25996.55 7048.16
25998.51 7048.18
26000.09 7047.7
26002.31 7047.71
26003.98 7047.45
26006.03 7047.4
26008.01 7047.22
26009.67 7047.19
26011.98 7046.9
26013.91 7047.18
26015.74 7046.63
26017.94 7046.63
26019.32 7046.49
26021.25 7046.69
26023.2 7046.2
26025.29 7046.04
26027.44 7046.14
26029.1 7046.13
26031.46 7046.26
26033.1 7046.16
26035.15 7045.95
26036.87 7045.44
26038.94 7045.37
26040.98 7045.37
26042.8 7045.52
26044.53 7045.2
26046.53 7045.2
26048.52 7045.43
26050.23 7044.98
26052.11 7044.9
26054.12 7044.76
26056.19 7044.69
26058.04 7045.09
26060.16 7045.04
26061.88 7044.98
26064.17 7044.75
26065.59 7044.68
26068.09 7044.57
26069.68 7044.71
26071.7 7044.64
26073.4 7044.18
26075.44 7044.39
26077.41 7044.27
26079.47 7044.32
26081.27 7044.58
26083.46 7044.55
26085.36 7044.25
26086.83 7044.29
26089.27 7044.03
26090.71 7044.05
26092.8 7043.94
26094.67 7043.9
26096.47 7044.33
26098.94 7044.28
26100.69 7044.12
26102.29 7043.82
26104.71 7043.88
26106.46 7043.92
26108.33 7044.19
26110.18 7043.82
26112.08 7043.9
26114.24 7043.88
26116.33 7044.01
26117.9 7044.21
26119.9 7044.28
26121.56 7044.21
26123.46 7044
26125.79 7044.35
26127.74 7044.2
26129.55 7044.44
26131.71 7044.55
26133.42 7044.45
26135.48 7044.15
26137.55 7044.55
26139.34 7044.14
26141.16 7044.75
26143.03 7044.78
26145.18 7044.78
26146.62 7044.89
26148.58 7044.85
26151.04 7044.55
26152.59 7044.89
26154.53 7045.05
26156.68 7045.02
26158.22 7045.24
26160.3 7045.03
26162.39 7045.34
26164.06 7045.35
26166.27 7045.04
26167.98 7045.13
26170.29 7045.6
26171.99 7045.29
26173.79 7045.34
26175.98 7045.37
26177.98 7046.02
26179.44 7046.02
26181.89 7045.91
26183.26 7046.3
26185.33 7045.96
26187.34 7046
26189.11 7046.29
26191.55 7046.54
26193.06 7046.48
26194.97 7046.8
26196.9 7046.89
26198.73 7046.61
26200.66 7046.86
26202.73 7047.19
26204.46 7047.49
26206.4 7047.27
26208.81 7047.66
26210.51 7047.81
26212.32 7047.52
26214.32 7047.85
26216.2 7048.07
26218.29 7048.43
26220.4 7048.05
26221.89 7048.62
26223.82 7048.58
26225.7 7048.54
26227.73 7048.71
26229.77 7049.14
26231.94 7049.55
26233.45 7049.42
26235.56 7049.77
26237.34 7049.46
26239.61 7049.9
26241.49 7050.34
26243.4 7050.16
26245.2 7050.4
26246.98 7050.84
26249.14 7050.82
26251.09 7050.91
26252.72 7050.86
26254.86 7051.42
26256.79 7051.45
26258.84 7051.51
26260.43 7052.05
26262.69 7052.13
26264.52 7052.33
26266.09 7052.8
26268.38 7052.99
26270.28 7053.16
26271.98 7052.96
26273.68 7053.45
26276.02 7053.61
26277.6 7053.9
26279.79 7054.08
26281.81 7053.98
26283.81 7054.7
26285.34 7054.93
26287.04 7055.07
26289.41 7055.12
26291.46 7055.39
26293 7055.37
26294.74 7055.89
26297.14 7056.33
26298.83 7056.31
26300.73 7056.78
26302.87 7056.88
26304.46 7057.21
26306.5 7057.4
26308.34 7057.46
26310.33 7057.81
26312.48 7058.39
26314.16 7058.11
26315.83 7058.46
26317.7 7059.01
26319.86 7059.38
26321.89 7059.4
26323.58 7059.74
26325.38 7060.3
26327.63 7060.44
26329.65 7060.79
26331.48 7061.08
26332.98 7061.39
26334.91 7061.32
26337.01 7062
26339.1 7062.05
26340.92 7062.47
26342.82 7062.59
26344.62 7063.05
26346.33 7063.38
26348.28 7063.89
26350.31 7063.66
26352.5 7064.02
26354.09 7064.77
26356.29 7064.58
26357.82 7065.3
26359.83 7065.76
26362.1 7065.96
26363.87 7066.36
26365.43 7066.26
26367.62 7066.67
26369.48 7067.2
26371.03 7067.28
26373.3 7067.75
26374.85 7068.28
26376.87 7068.42
26379.06 7068.83
26380.9 7069.46
26382.81 7069.48
26384.82 7069.89
26386.3 7070.14
26388.31 7070.52
26390.03 7070.81
26392.29 7071.65
26394.23 7071.89
26396.13 7072.08
26398.04 7072.19
26400 7072.68
26401.41 7073.52
26403.42 7073.52
26405.22 7073.94
26407.02 7074.6
26408.91 7074.82
26411.07 7075.44
26412.81 7075.44
26414.63 7076.16
26416.83 7076.13
26418.78 7076.49
26420.32 7077.17
26422.13 7077.62
26424.07 7078.22
26426.01 7078.07
26428.3 7078.82
26429.8 7079.22
26431.69 7079.58
26433.94 7080.09
26435.51 7080.45
26437.51 7081.02
26439.47 7081.35
26441.03 7081.73
26443.4 7081.98
26445.26 7082.3
26447.01 7083.03
26448.64 7083.52
26450.38 7084.19
26452.61 7084.54
26454.47 7084.78
26456.03 7085.04
26458.14 7085.98
26460.27 7086.31
26461.93 7086.82
26463.53 7086.98
26465.43 7087.25
26467.5 7087.75
26469.66 7088.57
26471.22 7089.04
26473.13 7089.09
26475.1 7089.6
26477.18 7090.5
26478.8 7091
26480.4 7091.06
26482.54 7091.67
26484.5 7092.24
26486.12 7092.54
26487.86 7093.22
26489.91 7093.7
26492.1 7094.36
26493.59 7094.69
26495.78 7095.48
26497.48 7095.51
26499.1 7096.16
26501.26 7096.66
26502.96 7096.92
26504.93 7097.95
26506.82 7098.18
26508.47 7098.61
26510.77 7098.91
26512.6 7099.55
26514.15 7100.46
26516.34 7100.97
26517.75 7101.39
26519.6 7101.93
26521.79 7102.19
26523.66 7102.53
26525.6 7103.41
26527.18 7103.59
26529.03 7104.25
26531.28 7104.81
26532.63 7105.48
26534.81 7105.42
26536.85 7106.23
26538.27 7106.46
26540.05 7106.99
26542.44 7107.9
26544.04 7108.43
26545.85 7108.78
26547.88 7109
26549.72 7109.68
26551.72 7110.3
26553.17 7110.45
26555.35 7111.42
26556.95 7111.4
26559.19 7112.14
26560.94 7112.92
26562.49 7113.13
26564.29 7113.85
26566.6 7114.19
26568.5 7114.59
26570.04 7114.96
26572.11 7115.68
26574.09 7116.17
26575.63 7116.38
26577.46 7117.46
26579.51 7117.95
26581.12 7118.09
26582.89 7118.79
26584.8 7119.26
26586.79 7119.44
26588.89 7119.93
26590.59 7120.37
26592.2 7120.99
26594.21 7121.45
26596.32 7121.98
26598.02 7122.67
26599.68 7123.1
26601.78 7123.79
26603.93 7123.89
26605.77 7124.63
26607.25 7125.31
26609.15 7125.53
26611.2 7125.99
26612.9 7126.64
26615.16 7126.98
26616.88 7127.79
26618.72 7128.35
26620.16 7128.83
26622.1 7129.29
26624.46 7129.77
26625.91 7129.96
26628.12 7130.57
26629.57 7130.95
26631.71 7131.74
26633.29 7132.42
26635.35 7132.65
26637.47 7133.39
26639.26 7133.91
26640.83 7133.93
26642.76 7134.44
26644.86 7135.24
26646.73 7135.84
26648.34 7135.96
26650.37 7136.5
26651.9 7136.95
26653.92 7137.5
26655.62 7138.18
26657.95 7138.58
26659.41 7139.38
26661.4 7139.65
26663.52 7140.05
26665.41 7140.49
26666.78 7141.43
26669.18 7141.72
26670.61 7141.86
26672.35 7142.74
26674.37 7143.03
26676.34 7143.38
26678.45 7144.19
26679.96 7144.5
26682.08 7144.93
26683.89 7145.62
26685.39 7145.9
26687.61 7146.89
26689.43 7147.32
26691.27 7147.43
26693.23 7148.39
26694.96 7148.6
26696.98 7149.43
26698.83 7149.91
26700.49 7150.08
26702.71 7150.91
26704.59 7150.96
26706.25 7151.65
26708.16 7151.97
26710.16 7152.46
26711.58 7153.31
26713.47 7153.5
26715.22 7154.36
26717.57 7154.73
26719.11 7155.42
26721.14 7155.36
26723.09 7156.2
26724.94 7156.42
26726.79 7157.3
26728.84 7157.4
26730.54 7158.2
26732.44 7158.52
26734.27 7159.23
26736.08 7159.8
26737.97 7160.11
26739.88 7160.38
26741.56 7161.01
26743.52 7161.75
26745.52 7162.34
26747.31 7162.39
26749.05 7163.33
26751.19 7163.67
26752.91 7164.24
26754.35 7164.45
26756.4 7164.83
26758.42 7165.71
26760.28 7165.96
26761.91 7166.56
26764.23 7166.88
26765.62 7167.73
26767.66 7167.88
26769.5 7168.89
26771.52 7169.39
26773.51 7169.55
26775.16 7170.14
26776.87 7170.6
26778.78 7170.95
26780.66 7171.37
26782.61 7172.37
26784.28 7172.61
26786.42 7172.94
26787.99 7173.35
26790.2 7174.23
26791.81 7174.61
26793.49 7175.34
26795.55 7175.39
26797.55 7176.07
26799.51 7176.8
26801.21 7176.87
26803.36 7177.57
26804.99 7178.21
26806.61 7178.67
26808.83 7179.34
26810.55 7179.71
26812.22 7179.85
26814.3 7180.75
26816.13 7181.24
26817.77 7181.76
26820.12 7182.29
26821.99 7182.5
26823.6 7183.2
26825.51 7183.69
26827.36 7183.88
26829.25 7184.76
26831.29 7185.34
26832.99 7185.74
26834.86 7186.04
26836.9 7186.43
26838.39 7187.1
26840.29 7187.6
26842.41 7188.11
26843.83 7188.84
26846.04 7189.38
26848.08 7189.44
26849.66 7189.95
26851.39 7190.74
26853.72 7191.27
26855.58 7191.73
26857.45 7192.32
26859.29 7192.45
26860.76 7192.94
26862.67 7193.65
26864.57 7193.91
26866.63 7194.3
26868.52 7195.07
26869.93 7195.74
26872.25 7195.89
26874 7196.47
26876 7197.37
26877.95 7197.8
26879.44 7198.3
26881.47 7198.6
26883.11 7198.9
26884.88 7199.51
26886.91 7199.99
26888.87 7200.44
26890.71 7201.23
26892.35 7201.31
26894.63 7201.82
26896.41 7202.32
26898.34 7203.29
26899.75 7203.48
26901.88 7204.04
26903.65 7204.8
26905.84 7205.35
26907.35 7205.81
26909.35 7205.79
26911.31 7206.36
26912.78 7207.22
26915.06 7207.49
26916.52 7208.32
26918.59 7208.38
26920.61 7208.79
26922.6 7209.28
26924.28 7210.25
26926.1 7210.45
26928.11 7211.16
26930.11 7211.65
26931.95 7212.28
26933.73 7212.65
26935.23 7212.8
26937.25 7213.54
26939.38 7214.12
26941.33 7214.46
26942.94 7215.15
26944.61 7215.33
26946.53 7216.02
26948.6 7216.36
26950.15 7217.28
26952.15 7217.84
26954.32 7218.3
26955.94 7218.84
26958.11 7219.27
26959.83 7219.67
26961.68 7220.08
26963.61 7220.77
26965.34 7221.2
26967.1 7221.77
26969.05 7221.78
26970.78 7222.31
26972.87 7223.11
26974.38 7223.31
26976.6 7223.88
26978.45 7224.31
26979.88 7224.75
26981.97 7225.53
26983.67 7226.12
26986.06 7226.81
26987.91 7227.02
26989.63 7227.56
26991.4 7227.84
26992.98 7228.33
26995.22 7228.93
26997.1 7229.57
26998.73 7230
27000.63 7230.35
27002.82 7230.79
27004.68 7231.65
27006.08 7231.9
27008.24 7232.78
27010.22 7233.06
27011.9 7233.62
27013.59 7234.24
27015.3 7234.7
27017.67 7235.01
27019.38 7235.54
27021.18 7235.87
27022.78 7236.63
27024.7 7236.75
27026.9 7237.48
27028.5 7238.29
27030.4 7238.76
27032.07 7239.28
27034.4 7239.33
27036.33 7239.88
27037.78 7240.54
27039.78 7240.91
27041.7 7241.55
27043.73 7242
27045.51 7242.66
27047.42 7242.94
27049.12 7243.66
27051.11 7244.15
27052.97 7244.8
27054.99 7244.82
27056.46 7245.44
27058.36 7246.07
27060.56 7246.6
27061.89 7247.08
27063.75 7247.3
27065.64 7248.1
27067.98 7248.55
27069.93 7249.1
27071.69 7249.63
27073.32 7249.96
27075.26 7250.75
27076.83 7250.87
27079.04 7251.25
27080.68 7252.05
27082.52 7252.75
27084.81 7252.92
27086.14 7253.58
27088.24 7254.05
27089.93 7254.27
27092.02 7255.03
27094.07 7255.7
27095.96 7256.29
27097.62 7256.26
27099.73 7256.93
27101.07 7257.44
27103.06 7257.81
27104.91 7258.64
27107.18 7258.85
27108.62 7259.66
27110.71 7260.28
27112.55 7260.56
27114.16 7261.08
27116.14 7261.56
27117.87 7261.93
27119.72 7262.74
27121.56 7263.05
27123.77 7263.33
27125.46 7264.18
27127.24 7264.27
27129.25 7265.26
27131 7265.68
27132.71 7265.72
27134.78 7266.79
27136.59 7266.71
27138.71 7267.78
27140.3 7268.02
27142.32 7268.36
27144.03 7268.89
27146 7269.76
27148.01 7270.13
27149.81 7270.37
27151.61 7270.72
27153.4 7271.69
27155.08 7272.04
27157.19 7272.69
27159.24 7273.2
27160.73 7273.66
27162.86 7273.87
27164.84 7274.62
27166.66 7275.12
27168.6 7275.4
27170.02 7275.94
27172.34 7276.27
27174.02 7277.18
27175.81 7277.26
27177.66 7278.26
27179.47 7278.75
27181.72 7278.95
27183.59 7279.47
27185.03 7280.25
27187.31 7280.21
27188.63 7280.82
27190.92 7281.27
27192.71 7282.15
27194.29 7282.27
27196.15 7282.7
27198.13 7283.21
27200.05 7283.76
27202.13 7284.36
27203.66 7284.98
27205.59 7285.27
27207.83 7285.8
27209.17 7286.31
27211.39 7286.94
27213.4 7287.74
27215.11 7287.95
27217.01 7288.27
27218.49 7288.73
27220.51 7289.31
27222.62 7290.09
27224.48 7290.27
27226.11 7290.98
27228.12 7291.77
27229.68 7291.8
27231.77 7292.76
27233.65 7292.92
27235.42 7293.24
27237.48 7293.99
27239.23 7294.31
27241.01 7295.08
27243.08 7295.5
27244.93 7296.19
27246.97 7296.49
27248.7 7296.71
27250.34 7297.3
27252.2 7297.73
27254.2 7298.29
27256.11 7299.06
27257.8 7299.35
27259.49 7299.85
27261.47 7300.73
27263.25 7300.85
27265.62 7301.17
27267.42 7301.84
27269.2 7302.71
27271.03 7303.09
27273.06 7303.37
27274.68 7303.77
27276.27 7304.43
27278.47 7305.24
27280.46 7305.39
27281.99 7305.67
27284.07 7306.42
27285.62 7306.78
27287.78 7307.61
27289.29 7308.07
27291.66 7308.5
27293.47 7309.23
27295.28 7309.3
27296.95 7309.85
27299.07 7310.64
27300.91 7310.71
27302.36 7311.35
27304.42 7311.93
27306.51 7312.47
27308.07 7312.79
27309.99 7313.56
27312.13 7313.78
27313.5 7314.52
27315.63 7314.72
27317.4 7315.64
27319.09 7315.69
27321.54 7316.15
27323.37 7317.03
27325.05 7317.38
27327.14 7317.8
27330.07 7314.64
27330.62 7319
27332.65 7319.19
27334.19 7319.73
27336.17 7320.48
27338 7321.2
27340.04 7321.55
27341.97 7322.02
27343.39 7322.64
27345.28 7322.8
27347.14 7323.21
27349.32 7324.16
27350.82 7324.17
27353.19 7325.07
27354.54 7325.36
27356.46 7326.14
27358.73 7326.13
27360.44 7326.75
27362.36 7327.7
27364 7328.09
27366.23 7328.21
27368.1 7328.87
27370 7329.36
27371.57 7329.69
27373.37 7330.51
27375.57 7331.11
27377.32 7331.14
27378.97 7332.07
27380.88 7332.56
27382.69 7332.9
27384.38 7333.37
27386.73 7334.04
27388.58 7334.67
27390.07 7335.21
27392.37 7335.49
27394.06 7335.94
27395.91 7336.48
27397.47 7336.77
27399.83 7337.49
27401.35 7338.21
27402.99 7338.34
27405.14 7338.76
27407.04 7339.15
27409.04 7339.85
27410.88 7340.67
27412.46 7341.1
27414.37 7341.38
27416.54 7341.68
27418.17 7342.54
27420.27 7343.18
27421.63 7343.55
27423.65 7344.01
27425.43 7344.34
27427.21 7345.13
27429.41 7345.24
27431.29 7346.09
27432.78 7346.28
27434.75 7346.97
27437.05 7347.39
27438.48 7348.12
27440.36 7348.33
27442.7 7348.61
27444.12 7349.51
27446.05 7349.73
27448.21 7350.16
27449.66 7351.09
27451.68 7351.15
27453.32 7351.78
27455.57 7352.2
27457.37 7353.06
27459.17 7353.61
27460.78 7354.13
27463.05 7354.61
27465.01 7354.98
27466.76 7355.33
27468.35 7356.06
27470.5 7356.43
27472.15 7357.18
27473.87 7357.44
27475.65 7357.61
27477.89 7358.45
27479.89 7358.63
27481.56 7359.52
27483.56 7360.14
27485.26 7360.52
27487.38 7360.74
27489.24 7361.3
27491.13 7362.06
27492.91 7362.24
27494.86 7363.15
27496.35 7363.19
27498.22 7363.77
27500.09 7364.34
27502.3 7364.73
27504.1 7365.57
27505.62 7365.63
27507.84 7366.34
27509.69 7366.68
27511.38 7367.56
27513.16 7368.13
27515.18 7368.16
27517.18 7369.04
27518.95 7369.27
27520.58 7369.69
27522.78 7370.67
27524.33 7371.08
27526.36 7371.38
27527.88 7371.93
27530.01 7372.3
27531.83 7373.16
27533.73 7373.24
27535.71 7373.67
27537.48 7374.18
27539.56 7374.9
27541.13 7375.4
27542.86 7375.65
27545.18 7376.52
27546.73 7377.05
27548.88 7377.51
27550.55 7377.9
27552.5 7378.47
27554.42 7378.62
27556.22 7379.1
27558.02 7379.68
27559.81 7380.17
27561.9 7380.64
27563.58 7381.6
27565.66 7381.66
27567.23 7382.57
27568.94 7382.94
27571.24 7383.13
27573.13 7383.74
27574.62 7384.54
27576.58 7384.67
27578.31 7385.07
27580.11 7385.91
27581.93 7386.4
27583.88 7386.93
27585.94 7387.32
27587.82 7387.65
27589.47 7388.56
27591.34 7388.81
27593.66 7389.33
27595.08 7390.06
27597.02 7390.48
27598.73 7390.74
27600.89 7391.24
27602.54 7392.12
27604.52 7392.48
27606.22 7393.12
27607.99 7393.63
27610.4 7393.96
27612.07 7394.27
27613.87 7395.08
27615.95 7395.13
27617.35 7395.95
27619.41 7396.58
27621.25 7397.06
27622.95 7397.58
27625.18 7397.73
27627.14 7398.62
27629.06 7398.81
27630.39 7399.5
27632.44 7399.67
27634.46 7400.49
27636.23 7400.84
27638.3 7401.25
27639.69 7401.57
27641.69 7402.51
27643.44 7403.11
27645.27 7403.21
27647.26 7403.9
27649.31 7404.38
27651.41 7405.11
27652.91 7405.05
27654.89 7406.04
27656.74 7406.23
27658.31 7406.57
27660.34 7407.09
27662.48 7407.66
27664.21 7408.62
27666.29 7408.73
27668.04 7409.43
27669.66 7410
27671.39 7410.3
27673.54 7410.76
27675.28 7411.26
27676.94 7411.69
27678.83 7412.21
27680.92 7412.57
27683.04 7413.15
27684.77 7413.77
27686.62 7414.07
27688.35 7414.95
27690.03 7415.47
27692.19 7416.02
27694.24 7416.61
27696.16 7416.52
27698 7417.27
27699.45 7417.53
27701.29 7418.57
27703.49 7418.87
27705.39 7419.54
27707.3 7419.88
27708.66 7420.6
27710.98 7420.81
27712.95 7421.1
27714.78 7422
27716.54 7422.29
27718.38 7422.51
27720.02 7423.26
27722.27 7424.05
27723.65 7424.41
27725.65 7424.8
27727.34 7425.57
27729.32 7426.05
27731.25 7426.57
27733.33 7426.52
27734.85 7427.52
27736.78 7427.78
27738.75 7428.12
27740.58 7428.87
27742.7 7429.04
27744.62 7429.91
27745.98 7430.06
27748.14 7430.69
27749.75 7431.48
27751.66 7431.73
27753.9 7432.32
27755.35 7432.59
27757.56 7433.14
27759.34 7434.03
27761.34 7434.22
27762.94 7434.66
27764.61 7435.07
27766.49 7435.97
27768.71 7436.23
27770.2 7436.69
27772.51 7437.08
27774.2 7437.73
27776.19 7438.39
27778 7438.85
27779.82 7439.3
27781.62 7439.69
27783.44 7440.17
27785.06 7440.79
27787.5 7441.13
27789.29 7441.73
27790.67 7442.31
27792.67 7443.06
27794.59 7443.53
27796.7 7443.97
27798.49 7444.11
27800.37 7444.7
27802.34 7445.22
27804.21 7445.87
27805.84 7446.56
27807.57 7446.88
27809.34 7447.01
27811.33 7447.86
27813.03 7448.03
27815.38 7448.61
27817.04 7449.42
27818.66 7449.78
27820.94 7450.55
27822.71 7450.66
27824.37 7451.3
27826.32 7451.55
27828.33 7452.34
27830.32 7452.76
27832.04 7453.37
27834.1 7453.59
27835.71 7454.43
27837.8 7454.7
27839.28 7455.46
27841.09 7455.75
27843.13 7456.54
27844.89 7456.89
27846.62 7457.15
27848.49 7457.71
27850.64 7458.31
27852.35 7458.64
27854.48 7458.99
27856.16 7459.93
27857.89 7460.34
27859.61 7461.02
27861.89 7461.34
27863.53 7461.58
27865.38 7462.27
27867.46 7462.91
27869.37 7463.16
27871.19 7464.02
27872.72 7464.1
27875.08 7464.49
27876.81 7465.39
27878.64 7465.56
27880.59 7466.53
27882.23 7467.01
27884.1 7467.37
27886.12 7467.88
27888.1 7468.16
27889.83 7468.83
27891.46 7469.14
27893.57 7469.48
27895.33 7470.3
27897.4 7470.73
27898.8 7471.12
27901 7471.91
27902.94 7472.08
27904.35 7472.57
27906.76 7473.45
27908.34 7473.47
27910.39 7473.95
27911.91 7474.71
27913.86 7474.98
27915.73 7475.7
27917.72 7476.37
27919.74 7476.82
27921.33 7477.51
27923.35 7478.03
27924.85 7478.04
27926.93 7478.78
27929.1 7479.05
27930.77 7479.48
27932.86 7480.25
27934.61 7480.69
27936.48 7481.26
27938.38 7481.6
27940.26 7482.27
27941.82 7482.74
27943.72 7483.47
27945.74 7483.74
27947.56 7484.06
27949.13 7484.61
27950.97 7484.94
27952.82 7485.67
27955 7486.1
27957.01 7486.74
27958.74 7486.99
27960.56 7487.6
27962.57 7488.38
27964.01 7488.88
27966.19 7488.94
27968.28 7489.94
27969.68 7489.97
27971.5 7490.68
27973.61 7491.19
27975.42 7491.47
27977.49 7492.03
27979.2 7492.78
27981.33 7493.3
27982.7 7493.48
27984.93 7494.39
27986.83 7495.02
27988.6 7495
27990.47 7495.89
27992.34 7496.47
27994.13 7496.77
27995.85 7497.25
27997.57 7497.65
27999.52 7498.24
28001.67 7498.45
28003.29 7498.94
28005.36 7499.76
28007.33 7500.2
28008.72 7500.98
28010.81 7501.42
28012.96 7501.55
28014.84 7502.05
28016.28 7502.98
28018.37 7503.46
28019.89 7503.84
28022.16 7504.18
28023.95 7504.5
28025.68 7505.39
28027.47 7505.52
28029.68 7506.03
28031.38 7506.57
28033.38 7507.13
28035.15 7507.89
28036.71 7508.23
28038.63 7508.78
28040.64 7509.15
28042.34 7509.74
28044.32 7510.18
28046.05 7510.72
28048 7510.93
28049.85 7511.79
28051.8 7512.19
28053.7 7512.96
28055.89 7513.18
28057.32 7513.93
28059.23 7513.94
28061.06 7514.72
28063.23 7515.04
28064.65 7515.63
28066.48 7516.01
28068.94 7516.96
28070.3 7517.19
28072.21 7517.63
28074.21 7518.41
28076.09 7518.82
28078.14 7519.24
28079.61 7519.92
28081.74 7520.25
28083.77 7520.82
28085.68 7521.47
28087.1 7521.67
28089.25 7522.14
28091.01 7522.71
28093.11 7522.98
28094.48 7523.91
28096.31 7524.09
28098.64 7524.75
28100.18 7525.36
28101.9 7525.52
28104.34 7526.44
28106.15 7526.45
28107.88 7527.35
28109.94 7527.92
28111.68 7528.16
28113.59 7528.84
28115.54 7529.01
28117.17 7529.69
28118.75 7530.25
28120.85 7530.42
28122.91 7531.38
28124.29 7531.59
28126.38 7532.15
28128.13 7532.73
28130.4 7533.06
28132.01 7533.64
28133.9 7533.9
28135.5 7534.96
28137.82 7534.92
28139.24 7535.68
28141.24 7536.33
28143.21 7536.41
28145.12 7537
28146.81 7537.89
28148.75 7538.47
28150.9 7538.45
28152.29 7539.14
28154.13 7539.87
28156.37 7540.06
28158.16 7540.41
28159.82 7541.18
28161.54 7541.92
28163.54 7542.25
28165.68 7542.95
28167.15 7543.14
28169.16 7543.4
28170.94 7544.32
28173.01 7544.9
28175.15 7545.19
28176.67 7545.37
28178.65 7545.97
28180.39 7546.68
28182.62 7546.99
28183.98 7547.47
28185.97 7548.1
28188.01 7548.51
28189.79 7549.14
28191.77 7549.8
28193.28 7550.44
28195.42 7550.59
28197.01 7551.03
28199.01 7551.93
28200.88 7552.43
28203.08 7552.92
28204.93 7553.07
28206.71 7553.89
28208.51 7554.41
28210.23 7554.45
28212.02 7555.34
28214.03 7555.94
28216.12 7556.13
28217.65 7556.67
28219.66 7557.37
28221.29 7557.52
28223.22 7558.35
28225.21 7558.91
28227 7558.86
28228.86 7559.46
28230.67 7560.36
28232.81 7560.47
28234.34 7561.28
28236.68 7561.93
28238.47 7562.42
28240.01 7562.36
28241.96 7563.05
28244.1 7563.5
28245.51 7564
28247.57 7564.89
28249.2 7564.98
28251.19 7565.43
28253.37 7566.24
28255.29 7566.35
28256.6 7566.94
28258.76 7567.77
28260.75 7568.38
28262.22 7568.41
28264.64 7568.89
28265.98 7569.57
28267.81 7569.94
28270.05 7570.5
28271.53 7571.33
28273.92 7571.58
28275.45 7572.35
28277.4 7572.82
28279.25 7573.1
28280.95 7573.81
28282.88 7573.98
28285.05 7574.58
28286.68 7575.24
28288.6 7575.43
28290.15 7576.26
28292.15 7576.39
28294.15 7577.33
28296.01 7577.5
28298.12 7578.02
28299.87 7578.44
28301.85 7579.03
28303.75 7579.87
28305.44 7580.07
28306.96 7580.85
28309.1 7581.03
28311.1 7581.87
28312.58 7582.36
28314.72 7582.49
28316.54 7583.22
28318.51 7583.37
28320.48 7583.88
28322.2 7584.38
28323.91 7585.32
28325.98 7585.57
28327.93 7585.9
28329.68 7586.55
28331.66 7587.25
28333.13 7587.83
28334.89 7587.92
28336.8 7588.4
28338.65 7588.88
28340.67 7589.76
28342.52 7590.23
28344.78 7590.49
28346.39 7590.89
28348.31 7591.75
28350.25 7592.38
28351.87 7592.63
28353.88 7592.88
28355.97 7593.76
28357.82 7594.2
28359.59 7594.42
28361.23 7594.97
28363.28 7595.73
28365.27 7596.39
28366.63 7596.75
28368.6 7597.38
28370.59 7597.37
28372.48 7598.4
28374.02 7598.82
28376.29 7599.01
28377.96 7599.35
28379.78 7600.23
28381.91 7600.88
28383.51 7601.04
28385.35 7601.37
28387.32 7601.96
28389.16 7602.37
28391.08 7602.96
28392.83 7603.58
28394.79 7603.92
28396.86 7604.36
28398.81 7604.86
28400.26 7605.38
28402.48 7606.13
28403.94 7606.73
28406.25 7606.97
28408 7607.71
28409.45 7608.36
28411.29 7608.56
28413.31 7608.99
28415.3 7609.57
28417.29 7610.09
28419.24 7610.72
28421.09 7611.02
28422.95 7611.66
28424.54 7612.27
28426.3 7612.52
28428.18 7613.18
28430.33 7613.59
28432.27 7613.84
28433.99 7614.77
28435.78 7615.2
28437.98 7615.45
28439.67 7616.25
28441.32 7616.61
28443.2 7617.04
28445.22 7617.45
28446.84 7618.38
28449.13 7618.43
28450.84 7618.96
28452.85 7619.53
28454.55 7620.24
28456.59 7620.72
28458.47 7620.92
28460.13 7621.67
28462.16 7621.88
28463.6 7622.63
28465.45 7622.96
28467.4 7623.72
28469.5 7624.36
28471.28 7624.55
28473.29 7624.98
28474.84 7625.36
28476.94 7625.82
28478.81 7626.83
28480.38 7627.32
28482.23 7627.64
28484.34 7628.18
28486.07 7628.8
28488.22 7629.31
28490.07 7629.78
28491.73 7629.83
28493.63 7630.5
28495.56 7631.04
28497.08 7631.74
28498.98 7632.13
28500.97 7632.64
28502.68 7633.17
28504.78 7633.45
28506.42 7634.19
28508.56 7634.73
28510.52 7635.21
28512.3 7635.63
28514.08 7636.33
28515.72 7636.86
28517.62 7636.91
28519.63 7637.62
28521.7 7638.16
28523.38 7638.71
28525.21 7638.94
28526.93 7639.84
28529.21 7639.89
28530.98 7640.27
28532.59 7640.89
28534.42 7641.74
28536.74 7642.03
28538.53 7642.3
28539.92 7642.8
28542.32 7643.59
28543.85 7643.9
28545.74 7644.47
28547.75 7644.8
28549.65 7645.28
28551.33 7645.92
28553.26 7646.37
28554.99 7647.31
28557.17 7647.27
28558.92 7648.34
28560.44 7648.65
28562.58 7649.3
28564.67 7649.8
28566.03 7650.05
28568.45 7650.56
28570.3 7650.89
28571.82 7651.55
28573.83 7651.79
28575.71 7652.43
28577.69 7652.94
28579.41 7653.55
28581.41 7654.25
28583.04 7654.3
28584.83 7655.09
28587.01 7655.65
28588.66 7656.19
28590.23 7656.38
28592.15 7656.9
28594.21 7657.67
28596.23 7658.08
28598.26 7658.59
28599.94 7659.18
28601.88 7659.58
28603.65 7659.98
28605.23 7660.54
28607.33 7660.83
28609.06 7661.64
28611.24 7661.92
28612.76 7662.51
28615.02 7663.23
28616.75 7663.37
28618.61 7664.14
28620.32 7664.59
28622.39 7664.82
28624.09 7665.39
28626 7666.01
28627.77 7666.56
28629.95 7666.74
28631.56 7667.31
28633.19 7668.3
28635.38 7668.56
28637.27 7669.03
28638.69 7669.44
28640.9 7669.75
28642.7 7670.73
28644.72 7671.23
28646.68 7671.47
28648.22 7671.84
28650.44 7672.42
28652.22 7672.72
28654.03 7673.61
28655.5 7674.23
28657.65 7674.51
28659.59 7675
28661.4 7675.61
28663.33 7676.04
28664.84 7676.51
28667.1 7677.16
28668.54 7677.73
28670.42 7678.02
28672.5 7678.67
28674.52 7679.15
28676.32 7679.38
28678.19 7680.27
28679.86 7680.77
28681.94 7681.17
28683.52 7681.8
28685.72 7682.24
28687.59 7682.75
28689.07 7682.73
28691.04 7683.79
28692.78 7683.81
28694.81 7684.45
28696.57 7685.03
28698.89 7685.46
28700.6 7685.83
28702.09 7686.5
28704.16 7687.24
28705.86 7687.26
28707.82 7687.87
28709.67 7688.57
28711.41 7688.92
28713.39 7689.45
28715.52 7689.75
28717.23 7690.55
28719.25 7690.76
28721.16 7691.5
28722.57 7691.76
28724.65 7692.28
28726.69 7692.98
28728.37 7693.21
28730.41 7693.86
28731.9 7694.72
28733.77 7695.05
28735.91 7695.74
28737.48 7695.79
28739.79 7696.73
28741.74 7697.28
28743.52 7697.57
28745.17 7697.93
28747.09 7698.35
28749.09 7699
28750.67 7699.35
28752.8 7699.81
28754.29 7700.36
28756.64 7701.18
28758.44 7701.51
28760.27 7701.95
28761.95 7702.29
28764.03 7702.8
28765.87 7703.67
28767.54 7703.79
28769.7 7704.36
28771.53 7704.99
28773.08 7705.57
28774.91 7705.92
28777.19 7706.56
28778.97 7706.97
28780.82 7707.75
28782.54 7708.05
28784.08 7708.29
28786.33 7709.18
28788.01 7709.36
28789.79 7710.25
28791.75 7710.34
28793.74 7711.06
28795.54 7711.4
28797.13 7712.08
28798.97 7712.18
28801.18 7712.74
28803.04 7713.44
28804.56 7714.23
28806.91 7714.6
28808.66 7715.18
28810.48 7715.23
28812.54 7716.25
28813.96 7716.23
28815.91 7717.08
28817.72 7717.53
28819.85 7717.77
28821.77 7718.17
28823.39 7719.18
28825.12 7719.48
28827.01 7719.75
28829.36 7720.58
28831.08 7720.95
28832.96 7721.55
28834.8 7721.83
28836.3 7722.21
28838.67 7722.91
28840.06 7723.66
28842.2 7723.66
28843.76 7724.19
28846.1 7725.03
28847.95 7725.66
28849.77 7725.8
28851.62 7726.52
28853.49 7726.97
28855.21 7727.4
28857.06 7728.23
28858.86 7728.59
28860.74 7728.85
28862.33 7729.29
28864.36 7729.77
28866.1 7730.23
28868.36 7731.04
28869.97 7731.62
28871.8 7731.95
28873.8 7732.22
28875.84 7732.81
28877.81 7733.42
28879.69 7734.06
28880.97 7734.43
28883.17 7735.24
28884.92 7735.17
28886.94 7735.91
28888.49 7736.4
28890.46 7736.88
28892.42 7737.64
28894.21 7738.21
28895.97 7738.62
28897.79 7738.99
28900.13 7739.68
28901.74 7739.9
28903.41 7740.41
28905.36 7741.04
28907.22 7741.66
28909.27 7742.18
28911.16 7742.35
28912.93 7742.73
28914.72 7743.33
28916.86 7744.08
28918.54 7744.37
28920.71 7744.91
28922.08 7745.51
28924.23 7746.23
28925.78 7746.13
28927.82 7747.1
28930 7747.49
28931.72 7748.06
28933.73 7748.63
28935.38 7748.69
28937.37 7749.45
28939.15 7750.22
28940.69 7750.69
28942.97 7750.94
28944.57 7751.33
28946.73 7751.83
28948.57 7752.48
28950.15 7753.03
28952.01 7753.24
28954.25 7753.73
28956.11 7754.67
28957.51 7755.04
28959.33 7755.42
28961.53 7755.64
28963.42 7756.58
28965.41 7756.93
28967.27 7757.28
28968.64 7758.05
28970.46 7758.5
28972.81 7758.78
28974.69 7759.46
28976.52 7759.99
28978.22 7760.44
28979.86 7761.12
28981.83 7761.43
28984.04 7761.76
28985.52 7762.69
28987.54 7763.03
28989.58 7763.48
28991.18 7764.05
28993.24 7764.44
28994.95 7765.03
28997.06 7765.22
28998.78 7765.63
29000.81 7766.38
29002.54 7766.62
29004.09 7767.43
29005.94 7768.18
29008.21 7768.17
29009.82 7769.03
29011.85 7769.4
29013.68 7769.71
29015.18 7770.68
29017.46 7770.93
29019.37 7771.34
29021.14 7771.94
29023.13 7772.22
29025.01 7772.97
29026.69 7773.1
29028.32 7773.82
29030.67 7774.63
29032.3 7774.98
29034.27 7775.33
29036.13 7775.86
29038.06 7776.54
29039.77 7776.64
29041.67 7777.36
29043.23 7777.95
29045.45 7778.57
29047.3 7778.89
29049.24 7779.42
29051.05 7780.1
29052.46 7780.62
29054.81 7780.99
29056.49 7781.55
29058.1 7781.86
29060.37 7782.31
29061.81 7782.8
29063.86 7783.24
29065.59 7783.77
29067.49 7784.39
29069.59 7784.95
29071.43 7785.37
29073.03 7785.69
29075.11 7786.68
29077.14 7787.01
29078.86 7787.37
29080.46 7787.77
29082.83 7788.31
29084.62 7789
29086.13 7789.43
29088.11 7790.15
29090.2 7790.6
29092.1 7790.96
29094.03 7791.3
29095.39 7792.06
29097.36 7792.16
29099.11 7792.61
29101.41 7793.36
29103.31 7793.82
29104.9 7794.44
29107.08 7794.8
29108.41 7795.21
29110.24 7795.8
29112.63 7796.65
29114.26 7796.57
29116.13 7797.44
29118.08 7797.84
29119.73 7798.31
29121.88 7798.69
29123.47 7799.16
29125.61 7799.71
29127.41 7800.5
29129.28 7800.63
29131.11 7801.38
29132.62 7801.99
29134.58 7802.58
29136.32 7802.96
29138.74 7803.24
29140.52 7804.03
29141.93 7804.14
29144.23 7804.7
29145.89 7805.12
29147.85 7805.77
29149.49 7806.18
29151.74 7806.85
29153.3 7807.1
29155.55 7807.85
29157.36 7808.23
29158.94 7808.67
29160.55 7809.61
29162.97 7810.09
29164.75 7810.32
29166.49 7810.74
29168.19 7811.4
29170.01 7812
29172.14 7812.54
29174 7813.14
29175.67 7813.38
29177.73 7813.79
29179.26 7814.64
29181.13 7814.62
29182.99 7815.64
29185.36 7816.1
29186.81 7816.23
29188.95 7817.12
29190.77 7817.4
29192.29 7817.62
29194.11 7818.15
29196.43 7818.99
29198.31 7819.6
29200.15 7820.03
29201.88 7820.27
29203.72 7821.14
29205.32 7821.07
29207.41 7821.85
29209.21 7822.61
29210.97 7822.55
29212.79 7823.13
29214.86 7823.84
29216.71 7824.56
29218.55 7824.97
29220.35 7825.22
29222.47 7825.78
29224.26 7826.34
29226.22 7827.12
29227.9 7827.11
29229.79 7827.55
29231.49 7828.5
29233.57 7828.74
29235.21 7829.47
29237.27 7829.69
29239.32 7830.51
29240.88 7830.95
29242.85 7831.41
29244.51 7831.9
29246.32 7832.25
29248.65 7832.9
29250.14 7833.05
29252.03 7833.54
29254.13 7834.45
29255.94 7834.57
29257.81 7835.36
29259.62 7835.93
29261.78 7836.1
29263.29 7836.97
29265.07 7837.21
29267.02 7837.82
29268.97 7838.55
29270.51 7838.97
29272.38 7839.59
29274.28 7839.74
29276.12 7840.36
29278.53 7840.93
29280.01 7841.6
29281.72 7841.98
29283.68 7842.57
29285.66 7842.56
29287.63 7843.58
29289.39 7843.62
29291.34 7844.29
29293.18 7844.75
29295.01 7845.23
29296.85 7845.73
29298.84 7846.1
29300.34 7846.75
29302.68 7847.17
29304.4 7847.94
29306.08 7848.49
29308.28 7849.01
29310.1 7849.14
29312.07 7849.62
29313.68 7850.01
29315.73 7850.69
29317.22 7851.57
29319.26 7851.78
29320.87 7852.47
29322.9 7852.51
29325.14 7853.25
29326.54 7854.1
29328.38 7854.41
29330.6 7854.99
29332.22 7855.42
29333.94 7855.72
29336.16 7856.1
29338.16 7856.73
29339.71 7857.5
29341.89 7858.04
29343.22 7858.27
29345.23 7858.96
29346.95 7859.56
29349.04 7859.54
29351.07 7860.28
29352.55 7860.55
29354.87 7861.07
29356.75 7861.93
29358.16 7862.44
29360.16 7862.88
29362.25 7863.4
29363.86 7863.88
29365.77 7864.51
29367.45 7864.6
29369.52 7865.46
29371.18 7865.7
29373.39 7866.07
29375.23 7866.76
29376.94 7867.12
29378.94 7867.62
29380.62 7868.34
29382.36 7868.5
29384.44 7869.15
29386.49 7869.79
29388.04 7870.41
29390.21 7870.49
29392.01 7871.38
29393.8 7872.01
29395.41 7872.32
29397.66 7872.89
29399.13 7873.46
29401.57 7873.86
29403.11 7874.46
29404.81 7875
29407.11 7875.16
29408.71 7876.03
29410.33 7876.45
29412.32 7876.68
29414.09 7877.35
29416.28 7877.73
29417.86 7878.16
29419.86 7878.79
29421.5 7879.47
29423.53 7879.6
29425.61 7880.38
29427.65 7880.5
29428.96 7881.32
29430.96 7881.94
29433.22 7882.39
29435.11 7882.67
29436.79 7883.49
29438.66 7883.82
29440.18 7884.02
29442.51 7884.6
29443.88 7885.16
29446.28 7885.49
29447.77 7886.21
29449.61 7886.52
29451.6 7887.2
29453.73 7887.5
29455.4 7888.08
29457.24 7888.68
29459.21 7889.19
29460.64 7889.92
29462.96 7890.03
29464.76 7890.78
29466.75 7890.97
29468.61 7891.67
29470.39 7892.15
29472.13 7892.93
29473.93 7893.27
29475.67 7893.85
29477.43 7894.52
29479.65 7894.67
29481.27 7894.97
29483.51 7895.97
29484.91 7896.52
29487.31 7897.03
29488.67 7897.4
29490.77 7897.82
29492.31 7898.49
29494.2 7898.76
29496.04 7899.29
29498.11 7900.02
29500.2 7899.97
29502.04 7900.64
29503.78 7901.05
29505.36 7901.57
29507.79 7902.48
29509.32 7902.59
29511.48 7903.4
29513.02 7903.7
29515.07 7904.28
29516.71 7904.9
29518.75 7905.27
29520.42 7905.47
29522.66 7905.98
29524.19 7906.45
29526.03 7907.41
29527.87 7907.65
29529.84 7908.38
29532.02 7908.8
29533.38 7909.17
29535.53 7909.6
29537.62 7910.2
29538.96 7910.52
29541.13 7910.95
29543.03 7912.01
29545.01 7912.41
29546.77 7912.64
29548.81 7913.11
29550.1 7913.44
29552.06 7913.95
29554.22 7914.64
29555.76 7915.15
29558.08 7915.46
29559.59 7916.29
29561.34 7916.63
29563.31 7917.01
29565.26 7917.99
29567.22 7918.09
29568.95 7918.54
29571.15 7919.5
29572.57 7919.63
29574.43 7920.32
29576.19 7920.45
29578.33 7921.49
29580.2 7921.69
29581.77 7922.04
29584.11 7922.8
29586.05 7923.08
29587.82 7923.91
29589.3 7924.44
29591.57 7924.99
29593.2 7925.33
29595.17 7925.94
29596.89 7925.94
29598.73 7926.8
29600.92 7926.96
29602.36 7927.65
29604.21 7928.14
29606.27 7928.44
29608.36 7929.47
29609.75 7929.87
29611.93 7930.26
29613.78 7930.6
29615.75 7931.51
29617.43 7931.81
29619.41 7932.06
29621.15 7932.85
29622.8 7933.27
29624.98 7933.53
29626.77 7934.4
29628.43 7934.65
29630.8 7935.1
29632.53 7935.8
29633.98 7936.04
29635.9 7936.81
29638.06 7937.22
29639.75 7937.88
29641.87 7938.11
29643.47 7938.94
29645.32 7939.43
29647.36 7939.88
29649.4 7940.04
29651.2 7940.85
29653.08 7941.3
29654.8 7941.58
29656.43 7942.36
29658.51 7942.59
29660.33 7943.2
29661.99 7943.59
29664.22 7944.2
29665.66 7944.9
29667.91 7945.25
29669.72 7945.76
29671.54 7945.97
29673.21 7946.51
29675.06 7947.47
29677.15 7947.76
29678.88 7948.28
29680.64 7948.71
29682.73 7949.07
29684.71 7949.82
29686.22 7949.91
29688.59 7950.8
29690.04 7951
29692.24 7951.86
29693.87 7952.21
29695.47 7952.72
29697.69 7953.43
29699.29 7953.5
29701.16 7954.2
29703.38 7954.6
29705.25 7955.13
29706.89 7955.56
29709.03 7956.21
29710.84 7956.55
29712.74 7957.34
29714.5 7957.41
29716.37 7958.05
29718.39 7958.56
29719.82 7959.44
29721.58 7959.65
29723.71 7959.93
29725.65 7960.65
29727.58 7961.26
29729.45 7961.62
29730.88 7962.04
29732.88 7962.56
29735.1 7963.24
29736.81 7963.43
29738.43 7964.19
29740.33 7964.38
29742.4 7964.91
29744.17 7965.96
29746.13 7966.16
29748.22 7966.42
29749.85 7967.22
29751.39 7967.5
29753.74 7968.15
29755.36 7968.65
29757.51 7969.25
29759.13 7969.43
29761.29 7970.4
29762.97 7970.49
29764.81 7970.94
29766.68 7971.63
29768.42 7972.27
29770.2 7972.46
29772.29 7973.21
29773.85 7973.85
29775.88 7973.91
29777.82 7974.42
29779.69 7974.87
29781.27 7975.75
29783.55 7976.17
29785.01 7976.88
29787.03 7977.33
29788.86 7977.59
29790.63 7978.29
29792.68 7978.92
29794.56 7979.11
29796.55 7979.91
29797.98 7979.88
29800.25 7980.43
29802.18 7981.04
29804.1 7981.61
29805.53 7981.91
29807.42 7982.47
29809.15 7983.43
29811.56 7983.94
29812.95 7984.01
29815.23 7984.56
29816.81 7984.88
29818.54 7985.91
29820.4 7985.96
29822.42 7986.39
29824.07 7987.14
29826.12 7987.77
29828.25 7988.11
29829.99 7988.36
29831.61 7989.38
29833.79 7989.56
29835.74 7989.86
29837.46 7990.69
29839.05 7991.39
29841.4 7991.94
29842.72 7992.01
29845.1 7992.78
29846.45 7993.29
29848.57 7993.49
29850.16 7994.11
29852.32 7994.67
29854.37 7995.23
29856 7995.63
29858.05 7995.98
29859.67 7996.4
29861.65 7997.16
29863.61 7997.48
29865.34 7997.91
29866.95 7998.73
29869.39 7999.29
29870.66 7999.6
29872.71 7999.97
29874.48 8000.82
29876.37 8001.42
29878.65 8001.72
29880.24 8002.17
29882.3 8002.42
29884.13 8003.18
29886.16 8003.69
29887.53 8004.23
29889.65 8004.5
29891.58 8005.29
29893.29 8005.39
29895.17 8006.21
29896.9 8006.38
29898.65 8006.86
29900.49 8007.71
29902.36 8008.06
29904.64 8008.89
29906.3 8008.89
29908.06 8009.88
29909.91 8010.05
29911.71 8010.65
29913.72 8010.91
29915.51 8011.75
29917.46 8012.17
29919.32 8012.73
29921.09 8012.85
29923.2 8013.47
29925.25 8014.01
29926.97 8014.74
29928.51 8015.01
29930.54 8015.8
29932.64 8016.4
29934.62 8016.38
29936.15 8016.9
29937.85 8017.67
29939.77 8017.89
29941.8 8018.32
29943.79 8019.16
29945.31 8019.35
29947.33 8020.34
29949.03 8020.54
29951.28 8021.19
29952.69 8021.73
29954.57 8022.2
29956.86 8022.5
29958.77 8022.83
29960.63 8023.77
29962.22 8023.82
29964.4 8024.81
29966 8024.94
29968.15 8025.83
29969.69 8026.17
29971.87 8026.35
29973.41 8027.05
29975.23 8027.78
29977.34 8027.92
29979 8028.62
29980.67 8029.36
29982.53 8029.78
29984.75 8029.99
29986.36 8030.45
29988.54 8031.2
29990.28 8031.59
29992.33 8031.98
29993.78 8032.59
29995.96 8033.07
29997.82 8033.36
29999.29 8034.27
30001.54 8034.88
30003.28 8034.88
30005.15 8035.32
30007.11 8035.98
30009.16 8036.53
30010.98 8037.26
30012.67 8037.76
30014.24 8037.9
30016.22 8038.45
30018.38 8039.23
30019.8 8039.55
30021.66 8039.91
30024.01 8040.5
30025.92 8041.35
30027.36 8041.68
30029.6 8042.08
30031.1 8042.85
30033.07 8042.79
30035.24 8043.54
30037.04 8044.08
30038.78 8044.75
30040.71 8044.79
30042.62 8045.41
30044.13 8046.21
30046.14 8046.42
30048.24 8046.93
30049.75 8047.79
30051.55 8047.85
30053.9 8048.56
30055.53 8048.9
30057.17 8049.51
30059.03 8050.36
30060.88 8050.86
30062.74 8050.9
30064.55 8051.67
30066.62 8051.82
30068.3 8052.33
30070.55 8052.77
30071.97 8053.3
30074.26 8054.34
30076.19 8054.59
30077.97 8055.04
30079.49 8055.3
30081.28 8056.15
30083.58 8056.61
30085.21 8057.06
30086.98 8057.55
30088.77 8057.9
30090.94 8058.81
30092.55 8058.83
30094.52 8059.83
30096.59 8060.18
30098.61 8060.27
30100.14 8061.23
30102.23 8061.82
30104.16 8062.16
30105.84 8062.81
30107.38 8063.09
30109.76 8063.5
30111.15 8063.99
30113.43 8064.36
30114.83 8065.07
30116.83 8065.7
30119.09 8065.84
30120.66 8066.82
30122.61 8067.01
30124.55 8067.57
30126.01 8068.11
30128.23 8068.26
30129.77 8069.28
30131.73 8069.54
30133.83 8069.87
30135.73 8070.54
30137.22 8071.27
30139.5 8071.44
30141.09 8072.04
30143.34 8072.44
30144.7 8073.32
30147.1 8073.4
30148.97 8073.8
30150.69 8074.6
30152.14 8074.82
30154.3 8075.63
30156.03 8075.99
30158.01 8076.61
30159.88 8077.15
30161.84 8077.4
30163.83 8077.83
30165.24 8078.35
30167.15 8078.91
30169.32 8079.64
30171.06 8080.25
30172.92 8080.48
30174.93 8080.78
30176.92 8081.53
30178.43 8081.95
30180.18 8082.41
30182.5 8082.86
30184.23 8083.27
30186 8083.83
30188 8084.39
30189.46 8085.18
30191.44 8085.54
30193.35 8085.8
30195.15 8086.64
30197 8087
30198.87 8087.45
30200.68 8088
30202.48 8088.36
30204.32 8089.17
30206.63 8089.32
30208.13 8089.89
30210.25 8090.42
30211.76 8090.78
30213.81 8091.27
30215.76 8092.2
30217.41 8092.25
30219.49 8093.24
30221.57 8093.7
30223.32 8093.86
30225.1 8094.23
30226.78 8095.14
30228.95 8095.52
30230.69 8096.31
30232.53 8096.71
30234.48 8096.98
30236.15 8097.45
30238.21 8097.88
30240.28 8098.64
30242.09 8098.79
30243.76 8099.44
30245.79 8099.82
30247.22 8100.46
30249.25 8100.77
30251.41 8101.58
30252.9 8102.15
30254.83 8102.66
30256.95 8103.22
30258.88 8103.59
30260.46 8103.92
30262.43 8104.77
30263.99 8105.16
30266.17 8105.69
30268.24 8105.75
30270.08 8106.25
30271.73 8107.03
30273.68 8107.35
30275.62 8107.9
30277.3 8108.53
30278.87 8108.92
30280.91 8109.71
30283.01 8109.83
30284.69 8110.55
30286.67 8111.13
30288.68 8111.49
30290.59 8112.23
30292.33 8112.34
30293.77 8113.03
30295.96 8113.47
30297.95 8113.77
30299.61 8114.4
30301.47 8115.09
30303.29 8115.57
30305.24 8116.25
30307.09 8116.39
30309.19 8116.8
30310.78 8117.42
30312.86 8117.94
30314.44 8118.43
30316.41 8119.13
30318.14 8119.64
30320.35 8119.91
30322.09 8120.73
30323.76 8121.16
30325.82 8121.21
30327.79 8121.87
30329.59 8122.73
30331.49 8122.87
30333.24 8123.47
30334.84 8123.72
30336.78 8124.39
30338.78 8124.68
30340.57 8125.24
30342.51 8126.19
30344.5 8126.31
30346.21 8126.8
30348.24 8127.47
30349.7 8127.98
30351.85 8128.54
30353.77 8129.19
30355.85 8129.26
30357.6 8129.87
30359.3 8130.76
30361.25 8131.07
30362.78 8131.29
30364.57 8132.02
30366.47 8132.5
30368.51 8133.21
30370.76 8133.44
30372.2 8134.25
30374.17 8134.42
30376.05 8134.97
30377.85 8135.46
30380 8136.02
30381.76 8136.74
30383.58 8137.05
30385.09 8137.73
30387.53 8137.92
30389.21 8138.34
30391.22 8139.23
30392.94 8139.7
30394.63 8140.15
30396.69 8140.22
30398.69 8140.8
30400.34 8141.67
30402.25 8142.03
30403.82 8142.52
30405.63 8143.15
30407.53 8143.46
30409.85 8143.69
30411.47 8144.6
30413.21 8144.83
30415.32 8145.6
30416.85 8146.24
30418.78 8146.38
30420.78 8147.08
30422.74 8147.44
30424.35 8148.11
30426.28 8148.18
30428.25 8148.86
30429.93 8149.42
30431.95 8150.06
30434.01 8150.69
30435.81 8151.17
30437.6 8151.55
30439.65 8152.12
30441.52 8152.42
30443.02 8152.79
30444.79 8153.3
30446.81 8153.66
30448.47 8154.69
30450.79 8154.71
30452.36 8155.71
30454.6 8156.16
30456.45 8156.53
30457.97 8156.8
30459.89 8157.52
30461.53 8158.06
30463.4 8158.31
30465.34 8158.67
30467.63 8159.53
30469.17 8159.71
30471.33 8160.65
30472.72 8161.11
30474.86 8161.66
30476.61 8161.77
30478.46 8162.58
30480.15 8162.71
30482.01 8163.58
30483.88 8163.67
30485.97 8164.38
30488.07 8164.89
30489.58 8165.58
30491.39 8165.99
30493.77 8166.57
30495.25 8166.93
30497.14 8167.72
30499.16 8167.99
30501.05 8168.36
30502.86 8169.12
30504.93 8169.33
30506.7 8170.21
30508.52 8170.34
30510.14 8171.22
30512.11 8171.19
30513.75 8171.92
30516.12 8172.52
30517.76 8172.64
30519.76 8173.34
30521.52 8173.89
30523.01 8174.3
30525.31 8174.85
30527.08 8175.28
30528.83 8176.16
30530.59 8176.61
30532.45 8177
30534.33 8177.7
30536.23 8177.83
30538.16 8178.21
30540.3 8179.08
30541.78 8179.57
30544.09 8180.05
30545.45 8180.17
30547.76 8180.93
30549.53 8181.27
30551.24 8182.09
30553.18 8182.33
30554.87 8183.01
30556.88 8183.36
30558.42 8183.99
30560.45 8184.18
30562.31 8184.87
30564.54 8185.15
30565.93 8185.75
30567.86 8186.14
30569.93 8186.76
30571.88 8187.39
30573.44 8188.1
30575.42 8188.31
30577.63 8189.09
30579.39 8189.28
30580.87 8189.61
30583.23 8190.67
30585.01 8190.94
30586.51 8191.54
30588.33 8191.8
30590.47 8192.46
30592.54 8192.9
30594.11 8193.34
30596.28 8193.97
30597.82 8194.7
30599.91 8194.99
30601.8 8195.19
30603.69 8196.09
30605.02 8196.54
30607.36 8196.7
30609.26 8197.29
30610.71 8197.93
30612.83 8198.52
30614.83 8198.62
30616.77 8199.64
30618.44 8200.06
30620.02 8200.68
30622.01 8201.12
30623.94 8201.41
30625.57 8201.65
30627.62 8202.11
30629.67 8202.78
30631.12 8203.13
30633.18 8203.69
30635.33 8204.09
30636.96 8204.79
30639.12 8205.12
30640.55 8205.94
30642.66 8206.56
30644.56 8206.66
30646.2 8207.37
30648.08 8207.99
30650.07 8208.4
30651.88 8209.1
30653.82 8209.52
30655.57 8209.84
30657.79 8210.14
30659.37 8210.95
30661.14 8211.16
30662.95 8211.62
30664.81 8212.22
30666.96 8212.93
30668.42 8213.1
30670.27 8213.7
30672.51 8214.61
30674.16 8214.77
30676.1 8215.39
30677.85 8215.9
30679.75 8216.1
30681.7 8216.68
30683.36 8217.17
30685.34 8218.06
30687.25 8218.15
30689.12 8218.89
30691.21 8219.52
30692.88 8219.96
30694.87 8220.55
30696.41 8220.7
30698.54 8221.48
30700.45 8222.17
30702.46 8222.25
30704.02 8222.65
30705.89 8223.47
30707.75 8223.68
30709.71 8224.27
30711.61 8225.08
30713.19 8225.13
30715.11 8225.99
30717.04 8226.16
30718.81 8227.02
30720.58 8227.27
30722.99 8227.77
30724.66 8228.58
30726.7 8228.71
30728.21 8229.61
30730.4 8230
30732.01 8230.51
30733.83 8230.99
30735.96 8231.38
30737.36 8232.12
30739.77 8232.29
30741.23 8232.61
30743.07 8233.08
30744.97 8233.99
30746.98 8234.14
30749.05 8235.05
30750.56 8235.58
30752.36 8235.97
30754.33 8236.49
30756.03 8236.95
30757.94 8237.4
30760.13 8238.11
30762.14 8238.08
30763.54 8239.05
30765.5 8239.38
30767.63 8239.84
30769.21 8240.32
30770.97 8240.68
30773.23 8241.21
30774.98 8241.86
30776.8 8242.46
30778.54 8242.84
30780.3 8243.45
30782.08 8243.71
30784.53 8244.27
30785.97 8245.07
30788.26 8245.09
30789.9 8245.9
30791.69 8246.52
30793.38 8246.75
30795.49 8247.52
30797.26 8248.08
30799.4 8248.43
30801.01 8248.63
30802.62 8249.59
30804.91 8249.76
30806.65 8250.14
30808.54 8250.89
30810.5 8251.03
30812.49 8251.83
30813.99 8252.44
30816.11 8252.54
30817.9 8253.29
30819.74 8254.02
30821.53 8254.43
30823.6 8254.59
30825.21 8255.59
30827.37 8255.7
30829.22 8256.35
30830.65 8256.79
30832.57 8257.47
30834.41 8257.93
30836.7 8258.59
30838.41 8258.9
30840.21 8259.62
30841.96 8259.8
30844.04 8260.33
30845.52 8261.11
30847.76 8261.19
30849.34 8261.66
30851.22 8262.26
30853.04 8263.02
30855 8263.33
30856.92 8264.05
30858.58 8264.29
30860.7 8264.88
30862.48 8265.46
30864.18 8265.83
30865.94 8266.54
30868.26 8266.73
30870.06 8267.35
30871.93 8268.02
30873.74 8268.36
30875.31 8268.91
30877.3 8269.43
30879.21 8270.08
30881.1 8270.12
30882.84 8270.59
30884.9 8271.27
30886.96 8271.92
30888.74 8272.42
30890.61 8272.93
30892.07 8273.39
30893.94 8273.71
30895.77 8274.15
30897.85 8274.96
30899.57 8275.47
30901.55 8275.51
30903.23 8276.34
30905.17 8276.7
30907.13 8277.5
30909 8277.54
30910.94 8278.06
30912.84 8278.63
30914.97 8279.24
30916.76 8279.74
30918.7 8280.48
30920.3 8280.66
30921.91 8281.14
30924.19 8281.58
30925.74 8282.36
30927.87 8282.51
30929.44 8283.09
30931.56 8283.61
30933.18 8284.47
30934.91 8285.02
30937.27 8285.03
30939.15 8285.92
30941.01 8286.56
30942.61 8286.96
30944.66 8287.07
30946.15 8287.52
30948.03 8288.12
30950.05 8288.5
30951.84 8289.05
30953.73 8289.79
30955.83 8290.55
30957.57 8291.03
30959.19 8291.14
30961.35 8291.91
30963.4 8292.45
30965.04 8293.07
30966.9 8293.42
30968.98 8293.93
30970.45 8294.06
30972.56 8295
30974.64 8295.4
30976.29 8296.04
30978.28 8296.38
30980.03 8296.74
30981.6 8297.32
30983.55 8297.55
30985.41 8298.47
30987.65 8298.58
30989.48 8299.02
30990.86 8299.69
30992.69 8300.01
30994.64 8301.07
30996.44 8301.54
30998.41 8301.62
31000.59 8302.23
31002.11 8302.64
31004.4 8303.15
31006.23 8303.54
31007.8 8304.05
31009.87 8304.78
31011.55 8305.44
31013.78 8305.92
31015.57 8306.48
31017.32 8306.72
31019.24 8307.22
31020.95 8307.83
31022.89 8308.14
31024.51 8308.91
31026.79 8309.32
31028.65 8309.92
31030.33 8310.03
31032.12 8311
31034.11 8311.01
31035.67 8311.69
31037.73 8312.33
31039.66 8312.68
31041.49 8313.13
31043.46 8313.47
31044.94 8314.21
31046.95 8314.91
31049.03 8314.97
31050.9 8315.85
31052.87 8316.25
31054.26 8316.84
31056.18 8317.46
31058.51 8317.63
31060.14 8318.19
31061.74 8318.78
31063.89 8319.26
31065.48 8319.76
31067.23 8320.12
31069.68 8321.03
31071.18 8321.22
31072.86 8321.96
31074.88 8322.24
31076.79 8322.81
31078.53 8323.19
31080.77 8323.53
31082.19 8324.24
31084.19 8324.76
31086.2 8325.36
31088.08 8325.71
31090.16 8326.47
31091.5 8327
31093.58 8327.32
31095.24 8327.58
31097.64 8328
31099.45 8328.44
31101.33 8329.38
31103.03 8329.99
31104.72 8330.08
31106.83 8330.78
31108.41 8331.35
31110.26 8331.56
31112.31 8332.14
31114.36 8332.74
31116.11 8333.38
31117.8 8333.7
31119.89 8334.14
31121.71 8334.66
31123.6 8334.94
31125.27 8335.44
31126.91 8336.42
31128.93 8336.57
31130.66 8337.44
31132.58 8337.9
31134.65 8338.09
31136.63 8338.57
31138.33 8339.34
31140.2 8339.67
31142.17 8340.42
31143.73 8340.8
31145.58 8341.39
31147.61 8341.52
31149.4 8342.15
31151.37 8342.93
31153.51 8343.19
31154.88 8343.92
31157 8344.15
31158.97 8344.74
31160.85 8345.22
31162.68 8345.49
31164.49 8345.98
31166.2 8346.52
31168.23 8347.08
31170.08 8347.98
31172.08 8348.34
31173.94 8348.76
31175.38 8349.2
31177.34 8349.47
31179.52 8350.27
31181.15 8350.8
31183.37 8351.02
31184.92 8351.67
31187.04 8352.21
31188.95 8352.54
31190.79 8353.35
31192.46 8353.9
31194.57 8354.36
31195.98 8354.53
31197.9 8355.07
31199.97 8355.72
31201.95 8356.45
31203.54 8356.52
31205.48 8357.35
31207.25 8357.46
31208.97 8358.4
31210.91 8358.43
31212.88 8359.07
31214.56 8359.73
31216.35 8360.25
31218.4 8360.98
31220.09 8361.23
31222.48 8361.58
31224.24 8362.31
31225.99 8362.62
31227.78 8363.09
31229.86 8363.9
31231.51 8364.46
31233.44 8364.73
31235.5 8365.44
31237.04 8365.59
31238.96 8366.3
31241 8366.76
31242.74 8367.47
31244.88 8367.58
31246.23 8367.94
31248.17 8368.95
31250.3 8368.98
31251.77 8369.48
31253.82 8369.94
31255.52 8370.6
31257.52 8370.98
31259.53 8371.56
31261.49 8372.15
31263.11 8372.47
31264.98 8373.23
31267.05 8373.83
31268.96 8374.31
31270.81 8374.5
31272.52 8375.09
31274.49 8375.98
31276.25 8376.2
31278.05 8376.98
31280.1 8377.47
31282 8377.74
31283.58 8378
31285.5 8378.94
31287.54 8379.33
31289.3 8379.43
31291 8380.28
31292.85 8380.86
31294.66 8380.99
31296.83 8381.52
31298.64 8382.15
31300.24 8382.96
31302.44 8382.97
31304.08 8383.55
31306.3 8383.96
31307.86 8384.5
31310.1 8384.9
31311.42 8385.72
31313.28 8385.97
31315.49 8386.65
31317.2 8387.42
31319.35 8387.84
31321.24 8388.2
31322.94 8388.87
31324.67 8389.1
31326.56 8389.91
31328.6 8390.17
31330.26 8390.37
31332.44 8391.1
31334.29 8391.81
31336.03 8392.24
31338.08 8392.71
31339.85 8393
31341.7 8393.94
31343.16 8393.95
31344.99 8394.93
31347.1 8394.89
31349.26 8395.9
31350.92 8396.02
31352.85 8396.57
31354.84 8396.94
31356.35 8397.71
31358.4 8398.08
31359.96 8398.54
31361.96 8398.99
31363.79 8399.61
31365.56 8400.33
31367.69 8400.93
31369.74 8401.37
31371.12 8401.84
31373.43 8402.24
31374.95 8402.62
31376.77 8403.14
31378.7 8403.79
31380.78 8404.13
31382.46 8404.86
31384.14 8405.35
31386.47 8405.53
31387.86 8406.29
31390.11 8406.42
31391.86 8407.07
31393.55 8407.74
31395.37 8408.06
31397.66 8408.41
31399.13 8408.91
31401.11 8409.71
31403.16 8410.05
31404.94 8410.58
31406.58 8411.14
31408.4 8411.7
31410.63 8412.39
31412.33 8412.46
31414.32 8412.95
31416.1 8413.64
31418.07 8414.22
31419.78 8414.48
31421.69 8414.94
31423.66 8415.53
31425.49 8415.96
31427.21 8416.49
31429 8417.11
31430.72 8417.84
31433.04 8417.84
31434.43 8418.66
31436.65 8419.22
31438.58 8419.73
31440.24 8419.86
31442.06 8420.4
31444.24 8421.33
31445.6 8421.39
31447.89 8422.38
31449.68 8422.7
31451.67 8423.03
31453.3 8423.44
31454.93 8424.41
31456.95 8424.74
31458.67 8424.88
31460.92 8425.39
31462.39 8426.29
31464.61 8426.6
31466.2 8427.29
31468.46 8427.64
31470.31 8428.04
31472.19 8428.46
31473.87 8429.2
31475.52 8429.37
31477.33 8430.36
31479.5 8430.88
31481.18 8430.86
31483.44 8431.64
31484.77 8431.89
31486.6 8432.53
31488.83 8433.02
31490.79 8433.34
31492.65 8433.97
31494.46 8434.33
31496.32 8435.01
31497.91 8435.33
31500.07 8436.16
31501.72 8436.59
31503.45 8437.01
31505.64 8437.34
31507.16 8437.83
31509.44 8438.68
31511.24 8439.17
31513.13 8439.85
31514.7 8440.08
31517 8440.83
31518.52 8441.38
31520.36 8441.34
31522.52 8442.18
31524.06 8442.68
31525.77 8443.23
31527.61 8443.8
31530.03 8444.4
31531.34 8444.59
31533.26 8445.24
31535.11 8445.69
31537.51 8445.81
31539.06 8446.5
31541.08 8446.94
31542.75 8447.84
31544.93 8448.33
31546.75 8448.64
31548.61 8448.98
31550.12 8449.79
31552.03 8450.35
31553.73 8450.43
31556.07 8450.97
31557.94 8451.85
31559.46 8451.95
31561.16 8452.58
31563.19 8453.26
31565.19 8453.54
31567.04 8453.99
31568.73 8454.45
31570.77 8454.8
31572.38 8455.82
31574.69 8456.33
31576.49 8456.31
31578.5 8456.83
31579.96 8457.66
31581.94 8458.18
31583.9 8458.32
31585.49 8459.27
31587.48 8459.78
31589.49 8460.07
31591.16 8460.63
31592.84 8461.05
31594.96 8461.63
31596.77 8462.04
31598.7 8462.31
31600.39 8463.02
31602.46 8463.78
31604.39 8464.36
31606.31 8464.38
31608.27 8465.38
31609.85 8465.63
31611.68 8465.95
31613.69 8466.42
31615.57 8467.26
31617.4 8467.71
31619.1 8468.27
31621.22 8468.52
31623.07 8468.93
31624.98 8469.6
31626.88 8470.32
31628.57 8470.67
31630.22 8471.32
31632.08 8471.69
31634.02 8471.98
31636.02 8472.36
31637.75 8472.97
31639.92 8473.57
31641.62 8474.17
31643.28 8474.8
31645.33 8475.07
31647.43 8475.57
31648.95 8476.14
31650.9 8476.65
31653 8476.81
31654.38 8477.64
31656.44 8478.01
31658.51 8478.75
31660.51 8479.03
31661.94 8479.84
31664.24 8480.14
31665.55 8480.3
31667.51 8481.13
31669.52 8481.49
31671.19 8481.78
31673.22 8482.64
31674.85 8483.11
31677.23 8483.6
31678.58 8483.8
31680.95 8484.69
31682.82 8484.88
31684.2 8485.58
31686.49 8485.78
31688.41 8486.73
31690.17 8487.01
31692.19 8487.53
31693.48 8488.32
31695.91 8488.54
31697.46 8489.17
31699.35 8489.35
31701.06 8490.21
31703.37 8490.84
31704.89 8491.24
31706.86 8491.6
31708.62 8491.88
31710.45 8492.38
31712.36 8493.27
31714.48 8493.43
31716.22 8494.19
31717.83 8494.61
31719.63 8495.33
31721.67 8495.56
31723.5 8495.78
31725.48 8496.52
31727.62 8496.88
31729.33 8497.69
31730.77 8497.82
31732.82 8498.4
31734.61 8499.08
31736.51 8499.75
31738.34 8500.03
31740.28 8500.57
31741.99 8501.14
31743.82 8501.63
31746 8501.75
31748.1 8502.6
31749.54 8502.83
31751.39 8503.44
31753.3 8504.18
31755.56 8504.51
31757.03 8504.9
31759.04 8505.78
31760.83 8505.8
31762.52 8506.82
31764.34 8506.81
31766.59 8507.63
31768.57 8507.97
31770.49 8508.29
31771.88 8508.75
31773.71 8509.3
31775.49 8509.83
31777.38 8510.52
31779.76 8510.81
31781.18 8511.6
31783.41 8511.84
31785.2 8512.54
31787.19 8512.81
31789.13 8513.69
31790.62 8513.77
31792.59 8514.39
31794.5 8515.25
31796.22 8515.63
31798.38 8515.83
31800.31 8516.32
31802.12 8517
31803.85 8517.8
31805.64 8518.05
31807.55 8518.47
31809.62 8519.03
31810.97 8519.49
31813.22 8520.21
31815.11 8520.28
31816.51 8521.01
31818.71 8521.39
31820.52 8522.21
31822.11 8522.52
31824.31 8522.76
31826.1 8523.38
31828.26 8524.03
31830.13 8524.25
31831.88 8524.8
31833.57 8525.51
31835.66 8525.74
31837.04 8526.73
31839.26 8527.06
31840.88 8527.8
31842.96 8528.06
31844.5 8528.43
31846.87 8529.19
31848.76 8529.68
31850.1 8529.94
31852.33 8530.74
31854.12 8531.17
31855.79 8531.37
31857.65 8531.98
31859.96 8532.63
31861.74 8533.04
31863.59 8533.68
31865.32 8533.73
31866.97 8534.35
31868.68 8535.28
31870.74 8535.74
31872.9 8535.79
31874.5 8536.37
31876.59 8536.87
31878.45 8537.72
31879.99 8538.23
31881.8 8538.44
31883.81 8538.98
31885.81 8539.59
31887.47 8540.1
31889.67 8540.67
31891.37 8540.89
31893.26 8541.58
31895.03 8541.97
31896.92 8542.36
31899 8543.17
31900.67 8543.43
31902.51 8544.26
31904.23 8544.49
31906.29 8545.05
31908.02 8545.74
31910.14 8545.98
31911.61 8546.57
31913.43 8546.76
31915.71 8547.43
31917.71 8547.77
31919.37 8548.21
31921.39 8548.68
31923.21 8549.23
31924.66 8550.27
31926.71 8550.22
31928.6 8551.15
31930.61 8551.52
31932.06 8551.99
31934.32 8552.47
31935.89 8552.85
31938.21 8553.69
31940 8553.73
31941.38 8554.4
31943.3 8555.17
31945.41 8555.73
31946.98 8555.77
31949.11 8556.27
31951.14 8556.68
31952.79 8557.43
31954.41 8557.71
31956.76 8558.63
31958.35 8558.78
31960.2 8559.2
31962.43 8560.23
31964.29 8560.6
31966.12 8560.8
31967.63 8561.2
31969.79 8561.94
31971.54 8562.36
31973.35 8562.75
31975.07 8563.28
31977.14 8564.12
31978.87 8564.6
31980.57 8565.12
31982.65 8565.19
31984.54 8566.26
31986.14 8566.55
31988.08 8566.68
31990.06 8567.29
31991.93 8567.75
31993.85 8568.25
31996 8568.8
31997.76 8569.39
31999.22 8569.67
32001.19 8570.69
32003 8570.84
32005.13 8571.35
32006.63 8571.77
32008.58 8572.66
32010.54 8572.9
32012.41 8573.19
32014.34 8574.02
32016.4 8574.41
32017.88 8574.83
32019.99 8575.69
32022.01 8575.7
32023.5 8576.66
32025.57 8576.65
32027.64 8577.23
32029.26 8578.11
32031.08 8578.23
32033.07 8578.84
32035.1 8579.58
32036.57 8580.07
32038.87 8580.26
32040.29 8580.97
32042.58 8581.16
32044.03 8582.07
32046.23 8582.47
32047.62 8583.08
32050.02 8583.5
32051.93 8584.06
32053.35 8584.68
32055.51 8584.97
32057.13 8585.28
32059.18 8585.98
32061.17 8586.56
32062.75 8587.08
32064.5 8587.62
32066.8 8588.04
32068.47 8588.25
32070.16 8588.68
32072.2 8589.62
32073.72 8589.85
32075.75 8590.62
32077.43 8591.08
32079.33 8591.44
32081.66 8592.15
32083.39 8592.25
32085.31 8593.16
32087.09 8593.36
32089.02 8593.89
32090.65 8594.17
32092.45 8595.05
32094.22 8595.5
32096.54 8595.66
32098.12 8596.19
32100.07 8596.97
32101.71 8597.18
32103.54 8597.86
32105.84 8598.6
32107.47 8598.79
32109.57 8599.13
32111.32 8600.01
32113.02 8600.43
32114.8 8600.72
32116.91 8601.64
32118.56 8602.12
32120.64 8602.27
32122.67 8602.65
32124.21 8603.61
32126.38 8603.67
32127.81 8604.65
32129.66 8604.63
32131.77 8605.29
32133.9 8605.87
32135.54 8606.22
32137.3 8607.14
32139 8607.37
32140.94 8607.64
32143.11 8608.22
32145.03 8609.21
32146.57 8609.7
32148.76 8609.96
32150.69 8610.41
32152.05 8611.16
32154.13 8611.11
32155.9 8611.68
32157.66 8612.52
32159.77 8612.95
32161.71 8613.5
32163.32 8613.67
32165.58 8614.56
32167.33 8614.77
32169.14 8615.5
32170.72 8615.77
32172.71 8616.69
32174.46 8616.78
32176.62 8617.24
32178.55 8618.13
32180.41 8618.35
32182.01 8619.17
32183.74 8619.46
32186 8620.17
32187.58 8620.11
32189.38 8620.98
32191.17 8621.3
32193.55 8622.11
32195.34 8622.17
32197.22 8622.8
32199.01 8623.34
32200.58 8624.06
32202.62 8624.39
32204.17 8625.04
32206.55 8625.52
32207.9 8625.72
32210.32 8626.33
32211.76 8626.97
32213.71 8627.59
32215.76 8627.9
32217.35 8628.14
32219.33 8628.6
32221.53 8629.52
32223.03 8630.16
32224.72 8630.44
32226.71 8630.7
32228.5 8631.41
32230.79 8631.8
32232.23 8632.2
32234.17 8632.99
32235.93 8633.38
32238.13 8633.84
32240.04 8634.6
32241.7 8635.07
32243.63 8635.37
32245.64 8635.82
32247.34 8636.25
32249.37 8636.62
32251.26 8637.38
32252.8 8637.85
32254.94 8638.16
32256.56 8638.92
32258.5 8639.56
32260.3 8639.65
32262.24 8640.27
32264 8641.11
32265.8 8641.18
32267.63 8641.63
32269.85 8642.44
32271.86 8642.57
32273.34 8643.42
32275.13 8644
32277.04 8644.25
32279.05 8644.88
32280.69 8645.51
32282.54 8645.73
32284.4 8646.35
32286.55 8646.65
32288.28 8647.16
32289.97 8647.57
32292.23 8648.11
32293.87 8648.72
32295.66 8649.17
32297.92 8649.8
32299.23 8650.24
32301.37 8650.62
32303.07 8651.39
32305.39 8652.15
32307.09 8652.3
32308.68 8652.71
32310.82 8653.35
32312.74 8653.99
32314.47 8654.23
32316.24 8654.94
32317.87 8655.24
32320.14 8655.94
32321.8 8656.17
32323.66 8656.65
32325.66 8657.17
32327.27 8657.84
32329.16 8658.41
32331.07 8658.97
32332.9 8659.46
32335.2 8659.93
32336.72 8660.55
32338.78 8660.97
32340.48 8661.08
32342.33 8662
32344.18 8662.18
32345.93 8662.89
32348.11 8663.2
32350.1 8663.78
32351.63 8664.4
32353.67 8665.11
32355.38 8665.06
32357.44 8665.66
32359.1 8666.6
32361.24 8666.68
32362.75 8667.06
32364.56 8667.55
32366.67 8668.16
32368.19 8668.81
32370.6 8669.19
32371.92 8669.87
32374.26 8670.35
32375.65 8670.85
32377.55 8671.06
32379.54 8671.75
32381.43 8672.48
32383.51 8673.02
32385.4 8673.39
32387.42 8673.7
32388.88 8674.39
32390.67 8674.67
32392.52 8675.28
32394.34 8675.83
32396.42 8676.37
32398.57 8676.98
32400.34 8677.31
32402.16 8677.99
32403.98 8678.21
32405.94 8679.1
32407.51 8679.54
32409.21 8679.84
32411.33 8680.24
32412.93 8680.91
32415.33 8681.53
32416.89 8681.97
32418.61 8682.24
32420.66 8682.7
32422.67 8683.22
32424.49 8684.03
32426.47 8684.29
32428.15 8684.95
32429.89 8685.4
32431.61 8686.1
32433.55 8686.12
32435.64 8686.73
32437.4 8687.3
32439.11 8687.56
32440.91 8688.46
32442.81 8689.09
32445.05 8689.31
32446.66 8689.94
32448.38 8690.14
32450.44 8690.93
32452.33 8691.39
32454.28 8692.08
32456.19 8692.56
32457.97 8692.79
32459.96 8693.57
32461.41 8693.65
32463.38 8694.48
32465.27 8694.58
32467.02 8695.12
32468.87 8695.78
32470.83 8696.07
32473.05 8696.51
32474.77 8697.02
32476.55 8697.75
32478.24 8698.59
32480.05 8699.08
32482.14 8699.07
32483.96 8699.94
32486.11 8700.41
32487.82 8700.91
32489.7 8701.59
32491.67 8701.61
32493.54 8702.54
32495.27 8702.52
32497.09 8703.14
32499.22 8704.01
32500.53 8704.4
32502.56 8704.61
32504.32 8705.22
32506.4 8705.55
32507.99 8706.58
32510.35 8706.91
32512.23 8707.22
32514.14 8707.98
32515.97 8708.29
32517.34 8708.69
32519.3 8709.26
32521.26 8709.54
32523.45 8710.12
32525.04 8710.91
32526.93 8711.11
32528.73 8711.92
32530.62 8712.11
32532.49 8712.81
32534.42 8713.19
32536.27 8713.81
32537.84 8714.22
32539.65 8714.66
32542 8714.99
32543.57 8715.87
32545.41 8716.49
32547.48 8716.55
32549.22 8717.46
32551.28 8717.82
32553.25 8718.34
32554.84 8719.06
32556.73 8719.36
32558.81 8719.81
32560.46 8720.56
32562.03 8720.91
32564.23 8720.99
32566.28 8721.81
32568.16 8722.01
32569.82 8722.66
32571.38 8723.54
32573.45 8723.6
32575.36 8724.55
32577.28 8724.65
32579.34 8725
32580.67 8725.57
32582.75 8726.01
32584.39 8726.84
32586.79 8727.29
32588.29 8727.47
32590.2 8728.52
32592.11 8728.83
32594.27 8729.25
32596.17 8729.63
32597.74 8730.05
32599.3 8730.87
32601.34 8731.32
32603.21 8731.68
32605.14 8732.37
32607.15 8732.54
32608.89 8733.51
32610.91 8733.69
32612.59 8734.45
32614.68 8734.65
32616.13 8735.35
32618.22 8735.95
32620.37 8736.02
32622.17 8736.74
32624.12 8737.03
32625.47 8737.51
32627.84 8738.06
32629.19 8738.7
32631.28 8739.05
32633.27 8739.47
32634.84 8740.05
32636.75 8740.66
32638.76 8741.3
32640.33 8741.91
32642.74 8742.25
32644.63 8742.72
32646.16 8743.5
32647.85 8744.04
32649.85 8744.07
32651.56 8744.67
32653.62 8744.97
32655.21 8745.83
32657.21 8746.54
32659.05 8747.04
32661.17 8747.05
32662.82 8747.86
32664.88 8748.06
32666.76 8748.73
32668.65 8748.97
32670.46 8749.52
32672.13 8750.19
32674.29 8750.89
32676.17 8751.44
32677.66 8751.91
32679.52 8752.28
32681.4 8752.58
32683.69 8753.53
32685.45 8753.95
32687.12 8754.09
32689.29 8754.62
32690.8 8755.39
32692.85 8755.55
32694.91 8755.98
32696.65 8756.71
32698.62 8757.03
32699.97 8757.88
32702.34 8758.1
32703.69 8758.53
32705.92 8759.14
32707.51 8759.77
32709.41 8760.37
32711.64 8760.74
32713.43 8761
32715.04 8761.89
32716.83 8762.27
32718.76 8762.96
32720.8 8763.33
32722.54 8763.54
32724.18 8764.49
32726.21 8764.58
32728.33 8765.52
32730.11 8765.93
32731.92 8766.27
32733.91 8766.5
32735.87 8766.98
32737.72 8767.52
32739.56 8768.07
32741.08 8768.87
32743.09 8769.28
32745 8769.47
32747.07 8769.95
32748.47 8770.51
32750.35 8771.34
32752.14 8771.82
32754.54 8772.16
32756.03 8772.88
32758.28 8773.32
32759.71 8773.58
32761.88 8773.92
32763.47 8774.62
32765.67 8775.04
32767.29 8775.63
32769.15 8776.07
32771.27 8776.64
32773.14 8777.06
32774.65 8777.59
32776.76 8778.43
32778.82 8778.94
32780.4 8779.1
32782.55 8779.75
32784.01 8780.29
32786.14 8780.46
32787.88 8781.32
32789.9 8781.96
32791.29 8782.1
32793.5 8782.59
32795.02 8782.98
32797.02 8783.72
32799.21 8784.14
32800.8 8784.96
32802.78 8785.43
32804.85 8785.93
32806.36 8786.21
32808.33 8786.76
32810.45 8787.27
32812.25 8787.91
32813.77 8788.41
32815.75 8788.97
32817.88 8789.32
32819.63 8789.42
32821.49 8790.27
32823.21 8790.96
32825.3 8791.09
32827.14 8791.94
32828.89 8792.41
32830.56 8792.91
32832.53 8793.42
32834.15 8793.69
32836.38 8794.38
32838.15 8794.76
32839.99 8795.25
32841.75 8795.61
32843.78 8796.09
32845.41 8796.58
32847.26 8797.22
32849.43 8797.51
32850.99 8797.96
32853.31 8798.87
32854.76 8799.43
32856.81 8799.78
32858.95 8800.03
32860.59 8800.84
32862.65 8800.9
32864.32 8801.89
32865.95 8802.14
32867.93 8802.8
32870.12 8803.45
32871.74 8803.72
32873.36 8804.15
32875.43 8804.67
32877.57 8805.18
32878.95 8805.43
32880.9 8806.46
32882.88 8806.47
32884.57 8807.05
32886.62 8807.61
32888.24 8808.46
32890.59 8808.41
32892.14 8809.3
32893.85 8809.74
32895.69 8810.03
32898.08 8810.9
32899.48 8811.32
32901.48 8811.76
32903.16 8812.12
32905.5 8812.88
32907.42 8813.27
32909.26 8813.92
32911.03 8814.06
32912.84 8814.6
32914.74 8815.07
32916.55 8815.88
32918.54 8816.44
32920.27 8816.76
32921.86 8817.35
32923.73 8817.72
32925.91 8818.17
32927.88 8818.76
32929.5 8819.34
32931.4 8819.81
32932.97 8820.29
32934.83 8820.84
32936.96 8821.16
32938.61 8821.49
32940.84 8822.21
32942.73 8822.87
32944.26 8823.42
32946.38 8823.73
32948.2 8823.89
32950.21 8824.49
32952.13 8825.31
32953.74 8825.73
32955.35 8825.96
32957.53 8826.68
32959.39 8827.03
32961.35 8827.69
32963.32 8828.33
32964.93 8828.89
32966.55 8829.37
32968.63 8829.63
32970.44 8830.26
32972.59 8830.38
32974.35 8831.1
32976.37 8831.45
32978.03 8832.17
32979.67 8832.68
32981.77 8833.15
32983.34 8833.77
32985.36 8833.86
32987.43 8834.7
32989.4 8834.99
32990.71 8835.75
32992.9 8835.87
32994.45 8836.61
32996.56 8837.4
32998.2 8837.41
33000.48 8837.93
33002.06 8838.38
33004.19 8839.26
33006.2 8839.84
33007.86 8840.41
33009.65 8840.82
33011.63 8841.43
33013.51 8841.44
33015.49 8842.07
33017.03 8842.41
33019.21 8843.33
33020.54 8843.44
33022.54 8844.22
33024.32 8844.93
33026.39 8844.92
33028.4 8845.63
33030.26 8845.91
33032.26 8846.44
33033.58 8846.97
33035.88 8847.58
33037.57 8848.27
33039.39 8848.33
33041.5 8848.87
33042.99 8849.75
33045.02 8849.9
33046.87 8850.73
33048.49 8851.27
33050.75 8851.86
33052.43 8852.19
33054.35 8852.78
33056.24 8853.2
33058.24 8853.4
33059.78 8854.07
33061.62 8854.72
33063.45 8855.01
33065.37 8855.32
33067.64 8856.13
33069.46 8856.48
33071.04 8857.37
33072.82 8857.41
33074.79 8857.85
33076.66 8858.65
33078.31 8859.1
33080.69 8859.86
33082.13 8860.29
33084.49 8860.43
33085.87 8860.98
33088.09 8861.53
33089.97 8861.85
33091.7 8862.38
33093.47 8863.09
33095.46 8863.51
33096.99 8864.08
33098.96 8864.74
33101.06 8865.33
33102.87 8865.87
33104.53 8866.06
33106.73 8866.89
33108.21 8867.07
33110.39 8867.47
33112.14 8868.17
33114.25 8868.88
33116.15 8869.28
33117.73 8869.89
33119.8 8870.09
33121.62 8870.54
33123.15 8871.17
33124.93 8871.47
33127.12 8872.32
33129.05 8872.77
33130.63 8873.03
33132.83 8873.74
33134.62 8874.06
33136.1 8874.79
33138.31 8874.97
33139.83 8875.57
33141.9 8876.28
33144.03 8876.44
33145.79 8877.2
33147.43 8877.5
33149.59 8877.92
33151.42 8878.31
33153.09 8879.2
33154.74 8879.68
33157.18 8880.19
33158.91 8880.31
33160.75 8880.86
33162.2 8881.51
33164.16 8881.83
33166.36 8882.47
33167.98 8883.37
33169.95 8883.65
33171.84 8883.85
33173.92 8884.72
33175.33 8885.01
33177.63 8885.73
33178.98 8886.24
33181.21 8886.86
33182.73 8887.25
33184.78 8887.35
33186.82 8887.82
33188.83 8888.54
33190.61 8888.87
33192.32 8889.64
33193.91 8889.82
33195.77 8890.45
33197.75 8891.3
33199.54 8891.75
33201.38 8892.27
33203.67 8892.52
33205.38 8893.2
33207.27 8893.46
33209.12 8894.19
33210.7 8894.75
33212.86 8894.78
33214.49 8895.32
33216.34 8896.02
33218.23 8896.63
33219.98 8897.36
33221.86 8897.51
33223.98 8898.05
33225.6 8898.61
33227.61 8899.14
33229.54 8899.8
33231.55 8900.11
33233.19 8900.73
33235.36 8900.83
33237.25 8901.81
33238.81 8902.11
33240.74 8902.49
33242.52 8902.89
33244.68 8903.79
33246.54 8904.28
33248 8904.45
33249.99 8905.27
33251.72 8905.79
33253.95 8906.29
33255.8 8906.65
33257.48 8906.8
33259.57 8907.46
33261.16 8908.24
33262.97 8908.57
33264.89 8908.91
33266.6 8909.51
33268.61 8910.02
33270.32 8910.31
33272.27 8911.05
33274.41 8911.84
33276.45 8912.17
33277.87 8912.81
33279.78 8913.02
33281.63 8913.79
33283.46 8913.97
33285.52 8914.67
33287.19 8914.92
33289.01 8915.59
33291.27 8915.97
33292.85 8916.82
33294.94 8917.2
33296.54 8917.38
33298.45 8917.85
33300.33 8918.75
33302.4 8919.16
33304.26 8919.81
33305.79 8920.22
33308.07 8920.61
33309.76 8921.09
33311.34 8921.4
33313.17 8921.94
33315.25 8922.45
33317.33 8922.87
33318.88 8923.42
33321.19 8924.16
33322.78 8924.75
33324.59 8924.74
33326.51 8925.24
33328.15 8926.22
33330.21 8926.28
33332.27 8926.73
33333.83 8927.3
33335.63 8928.25
33337.54 8928.73
33339.32 8929.01
33341.19 8929.3
33343.33 8930.03
33345.36 8930.6
33346.69 8930.97
33348.73 8931.51
33350.43 8932.16
33352.43 8932.42
33354.39 8932.95
33356.58 8933.69
33358 8934.02
33359.78 8934.63
33362.01 8935.12
33363.76 8935.59
33365.59 8936.14
33367.45 8936.4
33369.27 8936.92
33371.48 8937.65
33372.84 8938.02
33374.72 8938.31
33376.92 8938.74
33378.96 8939.27
33380.82 8939.8
33382.36 8940.69
33384.06 8940.79
33386.04 8941.57
33387.94 8941.78
33390.03 8942.8
33391.55 8943.11
33393.34 8943.49
33395.34 8944.23
33397.61 8944.28
33399.15 8945.24
33400.96 8945.64
33402.8 8945.84
33404.81 8946.4
33406.84 8947
33408.59 8947.56
33410.24 8947.84
33412.47 8948.34
33413.79 8949.03
33415.89 8949.61
33417.55 8950.25
33419.72 8950.43
33421.53 8950.73
33423.24 8951.49
33425.38 8951.78
33426.87 8952.59
33429.22 8952.89
33430.63 8953.44
33432.65 8954.17
33434.45 8954.5
33436.59 8955.03
33438.15 8955.36
33440.22 8956.12
33441.9 8956.41
33443.72 8957.03
33445.65 8957.29
33447.91 8958.24
33449.38 8958.29
33451.49 8958.78
33453.13 8959.72
33455.08 8960.26
33456.8 8960.47
33459.01 8960.76
33460.52 8961.3
33462.79 8961.84
33464.15 8962.56
33466.14 8962.7
33468.18 8963.52
33470.03 8964.19
33472.13 8964.64
33473.56 8965.12
33475.71 8965.23
33477.27 8965.85
33479.27 8966.72
33481.35 8966.89
33482.79 8967.37
33484.63 8967.7
33486.8 8968.54
33488.63 8968.8
33490.38 8969.7
33492.59 8970.19
33494.46 8970.57
33495.89 8971.17
33498.03 8971.29
33500.08 8972.09
33501.56 8972.57
33503.79 8972.91
33505.32 8973.19
33507.02 8974.05
33509.07 8974.45
33510.88 8975.05
33513.06 8975.68
33514.48 8975.81
33516.33 8976.5
33518.62 8976.69
33520.1 8977.34
33521.96 8977.77
33523.92 8978.29
33526.18 8978.92
33527.7 8979.73
33529.45 8980.05
33531.47 8980.35
33533.58 8981.26
33535.47 8981.42
33536.97 8981.85
33538.81 8982.5
33540.57 8982.96
33542.63 8983.44
33544.3 8984.08
33546.19 8984.35
33548.44 8985
33550.37 8985.54
33552.25 8986.17
33553.96 8986.32
33555.59 8987.03
33557.56 8987.32
33559.56 8987.9
33561.36 8988.64
33563.01 8989
33565.32 8989.71
33566.69 8990.04
33568.61 8990.2
33570.5 8990.76
33572.57 8991.31
33574.08 8992.03
33576 8992.5
33577.84 8993.21
33579.76 8993.37
33581.86 8994.1
33583.95 8994.56
33585.73 8994.91
33587.31 8995.55
33589.16 8996.11
33591.2 8996.26
33593.2 8996.77
33594.73 8997.66
33596.95 8998.17
33598.64 8998.2
33600.53 8998.77
33602.63 8999.24
33604.39 9000.18
33606.23 9000.63
33607.75 9000.7
33609.88 9001.57
33611.5 9001.91
33613.42 9002.73
33615.37 9003.19
33617.5 9003.38
33618.86 9004.19
33621.01 9004.31
33622.68 9005.08
33624.41 9005.3
33626.38 9005.83
33628.32 9006.15
33630.34 9006.7
33632.11 9007.44
33633.9 9007.79
33636.15 9008.46
33637.49 9009.1
33639.77 9009.31
33641.33 9009.74
33643.37 9010.66
33645.04 9010.72
33647.08 9011.72
33648.85 9012.03
33650.67 9012.52
33652.72 9013.15
33654.59 9013.19
33656.22 9014.19
33658.31 9014.68
33660.11 9014.73
33661.93 9015.71
33664.08 9016.12
33665.75 9016.35
33667.45 9016.99
33669.72 9017.58
33671.23 9017.79
33673.29 9018.26
33675.07 9019.13
33676.73 9019.57
33678.79 9020.09
33680.61 9020.48
33682.65 9021.02
33684.49 9021.64
33686.47 9021.62
33688.04 9022.63
33689.76 9022.87
33691.74 9023.15
33693.78 9024.18
33695.35 9024.53
33697.15 9025.11
33699.53 9025.37
33701.09 9026.02
33703.09 9026.12
33704.76 9026.99
33706.87 9027.44
33708.47 9027.64
33710.41 9028.13
33712.02 9028.77
33714.23 9029.69
33715.81 9029.66
33717.88 9030.66
33719.64 9030.66
33721.53 9031.18
33723.66 9031.84
33725.37 9032.55
33727.05 9032.97
33729.09 9033.63
33731.11 9034.16
33732.82 9034.69
33734.52 9034.74
33736.49 9035.13
33738.54 9035.63
33740.36 9036.6
33742.3 9036.94
33744.05 9037.53
33745.95 9037.85
33747.57 9038.41
33749.7 9039.06
33751.15 9039.28
33753.3 9040.13
33755.02 9040.13
33756.87 9040.99
33758.89 9041.22
33760.75 9042.11
33762.67 9042.13
33764.32 9042.88
33766.35 9043.17
33768.37 9043.95
33769.92 9044.51
33771.72 9045.16
33774.06 9045.69
33775.45 9045.74
33777.56 9046.22
33779.31 9046.97
33781.2 9047.63
33782.94 9047.75
33785.09 9048.42
33787 9048.62
33788.85 9049.56
33790.58 9049.88
33792.44 9050.67
33794.1 9050.68
33796.33 9051.11
33797.92 9051.97
33800.02 9052.46
33801.58 9052.79
33803.79 9053.28
33805.63 9053.87
33807.52 9054.59
33809.45 9054.81
33810.94 9055.67
33813.23 9056.07
33814.93 9056.57
33816.84 9056.73
33818.83 9057.45
33820.12 9057.93
33822.49 9058.1
33823.99 9058.9
33825.85 9059.54
33828.07 9059.59
33829.64 9060.12
33831.84 9061.06
33833.73 9061.36
33835.07 9062.06
33837.31 9062.64
33839.09 9063.14
33840.61 9063.36
33842.75 9063.93
33844.51 9064.45
33846.59 9064.83
33848.63 9065.08
33850.18 9065.6
33852.24 9066.56
33854.22 9066.82
33855.56 9067.63
33857.86 9067.75
33859.51 9068.29
33861.42 9069.04
33863.03 9069.07
33865.2 9069.73
33866.91 9070.47
33868.59 9071.15
33870.72 9071.37
33872.59 9072.08
33874.74 9072.2
33876.43 9073.13
33878.31 9073.2
33880.08 9073.69
33881.87 9074.13
33883.83 9074.62
33885.36 9075.2
33887.33 9075.66
33889.46 9076.25
33891.47 9077.09
33893.37 9077.2
33895.01 9077.61
33896.6 9078.13
33898.47 9078.59
33900.81 9079.12
33902.25 9079.93
33904.05 9080.15
33906.09 9080.61
33908.21 9081.45
33910.08 9081.63
33911.86 9082.33
33913.68 9082.98
33915.2 9083.6
33917.3 9083.75
33918.92 9084.09
33921.13 9084.81
33922.81 9085.24
33924.8 9085.85
33926.4 9086.43
33928.32 9087.04
33930.15 9087.51
33931.96 9087.81
33934.39 9088.34
33935.92 9088.85
33937.81 9089.16
33939.64 9089.62
33941.37 9090.07
33943.46 9090.55
33945.46 9091.17
33946.95 9092.11
33948.83 9092.17
33950.69 9092.92
33952.44 9093.58
33954.84 9093.68
33956.43 9094.55
33958.58 9094.54
33960.05 9095.3
33962.11 9095.84
33963.81 9096.5
33965.51 9097.05
33967.82 9097.27
33969.59 9097.72
33971.57 9098.44
33973.11 9099.02
33974.82 9099.37
33977.06 9100.11
33978.57 9100.43
33980.93 9101.1
33982.5 9101.31
33984.42 9101.66
33986.56 9102.29
33988 9102.76
33989.82 9103.24
33992.1 9103.98
33993.97 9104.41
33995.88 9104.95
33997.45 9105.14
33999.59 9105.58
34001.31 9106.08
34003.06 9106.8
34004.91 9107.31
34006.89 9108.1
34008.4 9108.51
34010.33 9108.65
34012.58 9109.45
34014.24 9109.91
34016.04 9110.29
34018.04 9111
34019.72 9111.18
34021.97 9111.82
34023.65 9112.35
34025.67 9112.92
34027.55 9113.4
34029.13 9113.95
34030.84 9114.5
34032.7 9114.85
34034.83 9115.14
34036.31 9115.6
34038.17 9116.13
34040.59 9117.08
34042.25 9117.36
34043.79 9117.61
34045.94 9118.59
34047.69 9118.77
34049.75 9119.43
34051.55 9119.63
34053.14 9120.09
34055.3 9120.73
34057.3 9121.43
34059.16 9121.86
34060.86 9122.31
34062.56 9122.84
34064.32 9123.51
34066.45 9123.82
34068.4 9124.06
34070.24 9125.05
34071.84 9125.17
34074.06 9125.63
34075.73 9126.49
34077.47 9126.59
34079.5 9127.36
34081.52 9127.79
34083.3 9128.42
34085.35 9128.98
34086.89 9129.3
34088.64 9129.58
34090.95 9130.19
34092.54 9130.8
34094.42 9131.45
34096.22 9131.69
34098.12 9132.02
34100.2 9133.05
34101.62 9133.33
34103.98 9133.74
34105.69 9134.18
34107.46 9134.79
34109.27 9135.14
34111.4 9135.57
34113.18 9136.45
34115.03 9137.07
34116.99 9137.3
34118.46 9137.56
34120.52 9137.99
34122.47 9138.61
34124.46 9139.07
34126.15 9139.97
34127.84 9140.18
34130.03 9140.64
34131.86 9141.27
34133.33 9141.56
34135.13 9142.12
34137.2 9142.57
34139.3 9143.3
34140.72 9144.06
34142.62 9144.03
34144.99 9145.05
34146.54 9145.35
34148.45 9145.66
34150.42 9146.08
34151.99 9146.75
34153.74 9147.47
34156.04 9147.64
34157.97 9148.23
34159.79 9148.66
34161.72 9149.03
34163.3 9150
34165.02 9150.56
34167.34 9150.52
34168.95 9151.13
34170.59 9151.59
34172.82 9152.17
34174.75 9152.88
34176.2 9153.03
34178.07 9153.47
34179.92 9154.21
34182.19 9154.97
34184.1 9155.28
34185.62 9155.69
34187.79 9156.23
34189.54 9156.94
34191.44 9157.21
34193.4 9157.7
34195.16 9157.99
34197.07 9158.73
34198.83 9159.11
34200.88 9159.64
34202.68 9160.49
34204.15 9161.03
34206.25 9161.07
34208.08 9161.91
34209.96 9162.22
34211.66 9162.6
34213.68 9163.32
34215.37 9163.46
34217.18 9164.35
34219.4 9164.75
34221.36 9165.42
34222.89 9165.61
